2026-05-16T16:47:07.312+0600 [DEBUG] [org.gradle.launcher.daemon.bootstrap.DaemonMain] Assuming the daemon was started with following jvm opts: [-Xmx2048m, -Dfile.encoding=UTF-8, -Duser.country=BD, -Duser.language=en, -Duser.variant]
2026-05-16T16:47:07.401+0600 [DEBUG] [org.gradle.internal.remote.internal.inet.InetAddresses] Adding IP addresses for network interface utun3
2026-05-16T16:47:07.401+0600 [DEBUG] [org.gradle.internal.remote.internal.inet.InetAddresses] Is this a loopback interface? false
2026-05-16T16:47:07.401+0600 [DEBUG] [org.gradle.internal.remote.internal.inet.InetAddresses] Adding remote address /fe80:0:0:0:ce81:b1c:bd2c:69e%utun3
2026-05-16T16:47:07.401+0600 [DEBUG] [org.gradle.internal.remote.internal.inet.InetAddresses] Adding IP addresses for network interface utun2
2026-05-16T16:47:07.402+0600 [DEBUG] [org.gradle.internal.remote.internal.inet.InetAddresses] Is this a loopback interface? false
2026-05-16T16:47:07.402+0600 [DEBUG] [org.gradle.internal.remote.internal.inet.InetAddresses] Adding remote address /fe80:0:0:0:ae8:5c64:8662:1bca%utun2
2026-05-16T16:47:07.402+0600 [DEBUG] [org.gradle.internal.remote.internal.inet.InetAddresses] Adding IP addresses for network interface utun1
2026-05-16T16:47:07.402+0600 [DEBUG] [org.gradle.internal.remote.internal.inet.InetAddresses] Is this a loopback interface? false
2026-05-16T16:47:07.402+0600 [DEBUG] [org.gradle.internal.remote.internal.inet.InetAddresses] Adding remote address /fe80:0:0:0:6028:1448:ca38:2868%utun1
2026-05-16T16:47:07.402+0600 [DEBUG] [org.gradle.internal.remote.internal.inet.InetAddresses] Adding IP addresses for network interface llw0
2026-05-16T16:47:07.402+0600 [DEBUG] [org.gradle.internal.remote.internal.inet.InetAddresses] Is this a loopback interface? false
2026-05-16T16:47:07.402+0600 [DEBUG] [org.gradle.internal.remote.internal.inet.InetAddresses] Adding remote address /fe80:0:0:0:d4b6:9bff:fef8:a5ce%llw0
2026-05-16T16:47:07.403+0600 [DEBUG] [org.gradle.internal.remote.internal.inet.InetAddresses] Adding IP addresses for network interface utun0
2026-05-16T16:47:07.403+0600 [DEBUG] [org.gradle.internal.remote.internal.inet.InetAddresses] Is this a loopback interface? false
2026-05-16T16:47:07.403+0600 [DEBUG] [org.gradle.internal.remote.internal.inet.InetAddresses] Adding remote address /fe80:0:0:0:eebc:560:a233:cbcc%utun0
2026-05-16T16:47:07.403+0600 [DEBUG] [org.gradle.internal.remote.internal.inet.InetAddresses] Adding IP addresses for network interface awdl0
2026-05-16T16:47:07.403+0600 [DEBUG] [org.gradle.internal.remote.internal.inet.InetAddresses] Is this a loopback interface? false
2026-05-16T16:47:07.403+0600 [DEBUG] [org.gradle.internal.remote.internal.inet.InetAddresses] Adding remote address /fe80:0:0:0:d4b6:9bff:fef8:a5ce%awdl0
2026-05-16T16:47:07.403+0600 [DEBUG] [org.gradle.internal.remote.internal.inet.InetAddresses] Adding IP addresses for network interface utun4
2026-05-16T16:47:07.403+0600 [DEBUG] [org.gradle.internal.remote.internal.inet.InetAddresses] Is this a loopback interface? false
2026-05-16T16:47:07.403+0600 [DEBUG] [org.gradle.internal.remote.internal.inet.InetAddresses] Adding remote address /2606:4700:110:8177:3577:d891:c11b:1008%utun4
2026-05-16T16:47:07.403+0600 [DEBUG] [org.gradle.internal.remote.internal.inet.InetAddresses] Adding remote address /fe80:0:0:0:38c3:253c:2e1d:5e4d%utun4
2026-05-16T16:47:07.404+0600 [DEBUG] [org.gradle.internal.remote.internal.inet.InetAddresses] Adding remote address /172.16.0.2
2026-05-16T16:47:07.404+0600 [DEBUG] [org.gradle.internal.remote.internal.inet.InetAddresses] Adding IP addresses for network interface en0
2026-05-16T16:47:07.404+0600 [DEBUG] [org.gradle.internal.remote.internal.inet.InetAddresses] Is this a loopback interface? false
2026-05-16T16:47:07.405+0600 [DEBUG] [org.gradle.internal.remote.internal.inet.InetAddresses] Adding remote address /192.168.0.101
2026-05-16T16:47:07.405+0600 [DEBUG] [org.gradle.internal.remote.internal.inet.InetAddresses] Adding IP addresses for network interface lo0
2026-05-16T16:47:07.405+0600 [DEBUG] [org.gradle.internal.remote.internal.inet.InetAddresses] Is this a loopback interface? true
2026-05-16T16:47:07.405+0600 [DEBUG] [org.gradle.internal.remote.internal.inet.InetAddresses] Ignoring remote address on loopback interface /fe80:0:0:0:0:0:0:1%lo0
2026-05-16T16:47:07.406+0600 [DEBUG] [org.gradle.internal.remote.internal.inet.InetAddresses] Adding loopback address /0:0:0:0:0:0:0:1%lo0
2026-05-16T16:47:07.406+0600 [DEBUG] [org.gradle.internal.remote.internal.inet.InetAddresses] Adding loopback address /127.0.2.3
2026-05-16T16:47:07.406+0600 [DEBUG] [org.gradle.internal.remote.internal.inet.InetAddresses] Adding loopback address /127.0.2.2
2026-05-16T16:47:07.406+0600 [DEBUG] [org.gradle.internal.remote.internal.inet.InetAddresses] Adding loopback address /127.0.0.1
2026-05-16T16:47:07.445+0600 [INFO] [org.gradle.launcher.daemon.server.Daemon] start() called on daemon - DefaultDaemonContext[uid=888cdd82-77bf-41ca-8e38-294626a8ecad,javaHome=/Applications/Android Studio.app/Contents/jbr/Contents/Home,javaVersion=21,javaVendor=JetBrains s.r.o.,daemonRegistryDir=/Users/alifmahmud/FM 01/Developed by Alif/My routine/daemon,pid=26512,idleTimeout=10800000,priority=NORMAL,applyInstrumentationAgent=true,nativeServicesMode=ENABLED,daemonOpts=-Xmx2048m,-Dfile.encoding=UTF-8,-Duser.country=BD,-Duser.language=en,-Duser.variant]
2026-05-16T16:47:07.470+0600 [DEBUG] [org.gradle.internal.remote.internal.inet.TcpIncomingConnector] Listening on [ae81f017-0d59-418a-958d-07aa10f757ed port:61957, addresses:[localhost/127.0.0.1]].
2026-05-16T16:47:07.481+0600 [DEBUG] [org.gradle.launcher.daemon.server.Daemon] Daemon starting at: Sat May 16 16:47:07 BDT 2026, with address: [ae81f017-0d59-418a-958d-07aa10f757ed port:61957, addresses:[localhost/127.0.0.1]]
2026-05-16T16:47:07.481+0600 [INFO] [org.gradle.launcher.daemon.server.DaemonRegistryUpdater] Advertising the daemon address to the clients: [ae81f017-0d59-418a-958d-07aa10f757ed port:61957, addresses:[localhost/127.0.0.1]]
2026-05-16T16:47:07.481+0600 [DEBUG] [org.gradle.launcher.daemon.server.DaemonRegistryUpdater] Advertised daemon context: DefaultDaemonContext[uid=888cdd82-77bf-41ca-8e38-294626a8ecad,javaHome=/Applications/Android Studio.app/Contents/jbr/Contents/Home,javaVersion=21,javaVendor=JetBrains s.r.o.,daemonRegistryDir=/Users/alifmahmud/FM 01/Developed by Alif/My routine/daemon,pid=26512,idleTimeout=10800000,priority=NORMAL,applyInstrumentationAgent=true,nativeServicesMode=ENABLED,daemonOpts=-Xmx2048m,-Dfile.encoding=UTF-8,-Duser.country=BD,-Duser.language=en,-Duser.variant]
2026-05-16T16:47:07.482+0600 [DEBUG] [org.gradle.launcher.daemon.registry.PersistentDaemonRegistry] Storing daemon address: [ae81f017-0d59-418a-958d-07aa10f757ed port:61957, addresses:[localhost/127.0.0.1]], context: DefaultDaemonContext[uid=888cdd82-77bf-41ca-8e38-294626a8ecad,javaHome=/Applications/Android Studio.app/Contents/jbr/Contents/Home,javaVersion=21,javaVendor=JetBrains s.r.o.,daemonRegistryDir=/Users/alifmahmud/FM 01/Developed by Alif/My routine/daemon,pid=26512,idleTimeout=10800000,priority=NORMAL,applyInstrumentationAgent=true,nativeServicesMode=ENABLED,daemonOpts=-Xmx2048m,-Dfile.encoding=UTF-8,-Duser.country=BD,-Duser.language=en,-Duser.variant]
2026-05-16T16:47:07.485+0600 [DEBUG] [org.gradle.cache.internal.DefaultFileLockManager] Waiting to acquire exclusive lock on daemon addresses registry.
2026-05-16T16:47:07.487+0600 [DEBUG] [org.gradle.cache.internal.DefaultFileLockManager] Lock acquired on daemon addresses registry.
2026-05-16T16:47:07.489+0600 [DEBUG] [org.gradle.cache.internal.DefaultFileLockManager] Releasing lock on daemon addresses registry.
2026-05-16T16:47:07.489+0600 [LIFECYCLE] [org.gradle.launcher.daemon.server.Daemon] Daemon server started.
2026-05-16T16:47:07.489+0600 [DEBUG] [org.gradle.launcher.daemon.bootstrap.DaemonStartupCommunication] Completed writing the daemon greeting. Closing streams...
2026-05-16T16:47:07.494+0600 [DEBUG] [org.gradle.launcher.daemon.server.Daemon] stopOnExpiration() called on daemon
2026-05-16T16:47:07.494+0600 [DEBUG] [org.gradle.launcher.daemon.server.Daemon] awaitExpiration() called on daemon
2026-05-16T16:47:07.495+0600 [DEBUG] [org.gradle.launcher.daemon.server.DaemonStateCoordinator] daemon is running. Sleeping until state changes.
2026-05-16T16:47:07.499+0600 [DEBUG] [org.gradle.internal.remote.internal.inet.TcpIncomingConnector] Accepted connection from /127.0.0.1:61958 to /127.0.0.1:61957.
2026-05-16T16:47:07.520+0600 [DEBUG] [org.gradle.launcher.daemon.server.SynchronizedDispatchConnection] thread 31: received class org.gradle.launcher.daemon.protocol.Build
2026-05-16T16:47:07.521+0600 [DEBUG] [org.gradle.launcher.daemon.server.DefaultDaemonConnection] thread 31: Received non-IO message from client: Build{id=3ee670cb-d9c7-44b1-b025-e0a7b2097260, currentDir=/Users/alifmahmud/FM 01/Developed by Alif/My routine}
2026-05-16T16:47:07.521+0600 [INFO] [org.gradle.launcher.daemon.server.DefaultIncomingConnectionHandler] Received command: Build{id=3ee670cb-d9c7-44b1-b025-e0a7b2097260, currentDir=/Users/alifmahmud/FM 01/Developed by Alif/My routine}.
2026-05-16T16:47:07.521+0600 [DEBUG] [org.gradle.launcher.daemon.server.DefaultIncomingConnectionHandler] Starting executing command: Build{id=3ee670cb-d9c7-44b1-b025-e0a7b2097260, currentDir=/Users/alifmahmud/FM 01/Developed by Alif/My routine} with connection: socket connection from /127.0.0.1:61957 to /127.0.0.1:61958.
2026-05-16T16:47:07.522+0600 [DEBUG] [org.gradle.launcher.daemon.server.DaemonStateCoordinator] Command execution: started DaemonCommandExecution[command = Build{id=3ee670cb-d9c7-44b1-b025-e0a7b2097260, currentDir=/Users/alifmahmud/FM 01/Developed by Alif/My routine}, connection = DefaultDaemonConnection: socket connection from /127.0.0.1:61957 to /127.0.0.1:61958] after 9.166666666666666E-4 minutes of idle
2026-05-16T16:47:07.522+0600 [INFO] [org.gradle.launcher.daemon.server.DaemonRegistryUpdater] Marking the daemon as busy, address: [ae81f017-0d59-418a-958d-07aa10f757ed port:61957, addresses:[localhost/127.0.0.1]]
2026-05-16T16:47:07.522+0600 [DEBUG] [org.gradle.launcher.daemon.registry.PersistentDaemonRegistry] Marking busy by address: [ae81f017-0d59-418a-958d-07aa10f757ed port:61957, addresses:[localhost/127.0.0.1]]
2026-05-16T16:47:07.523+0600 [DEBUG] [org.gradle.cache.internal.DefaultFileLockManager] Waiting to acquire exclusive lock on daemon addresses registry.
2026-05-16T16:47:07.523+0600 [DEBUG] [org.gradle.cache.internal.DefaultFileLockManager] Lock acquired on daemon addresses registry.
2026-05-16T16:47:07.523+0600 [DEBUG] [org.gradle.cache.internal.DefaultFileLockManager] Releasing lock on daemon addresses registry.
2026-05-16T16:47:07.523+0600 [DEBUG] [org.gradle.launcher.daemon.server.DaemonStateCoordinator] resetting idle timer
2026-05-16T16:47:07.523+0600 [DEBUG] [org.gradle.launcher.daemon.server.DaemonStateCoordinator] daemon is running. Sleeping until state changes.
2026-05-16T16:47:07.524+0600 [INFO] [org.gradle.launcher.daemon.server.exec.StartBuildOrRespondWithBusy] Daemon is about to start building Build{id=3ee670cb-d9c7-44b1-b025-e0a7b2097260, currentDir=/Users/alifmahmud/FM 01/Developed by Alif/My routine}. Dispatching build started information...
2026-05-16T16:47:07.524+0600 [DEBUG] [org.gradle.launcher.daemon.server.SynchronizedDispatchConnection] thread 33: dispatching org.gradle.launcher.daemon.protocol.BuildStarted@618fb422
2026-05-16T16:47:07.525+0600 [DEBUG] [org.gradle.launcher.daemon.server.exec.EstablishBuildEnvironment] Configuring env variables: [PATH, PYENV_SHELL, JAVA_HOME, LANG, COMMAND_MODE, NVM_INC, SDKMAN_DIR, LOGNAME, XPC_SERVICE_NAME, SDKMAN_CANDIDATES_DIR, __CFBundleIdentifier, NVM_CD_FLAGS, NVM_DIR, SHELL, SDKMAN_CANDIDATES_API, OLDPWD, SDKMAN_PLATFORM, USER, TMPDIR, SSH_AUTH_SOCK, OSLogRateLimit, XPC_FLAGS, __CF_USER_TEXT_ENCODING, NVM_BIN, HOME]
2026-05-16T16:47:07.527+0600 [DEBUG] [org.gradle.launcher.daemon.server.exec.LogToClient] About to start relaying all logs to the client via the connection.
2026-05-16T16:47:07.527+0600 [INFO] [org.gradle.launcher.daemon.server.exec.LogToClient] The client will now receive all logging from the daemon (pid: 26512). The daemon log file: /Users/alifmahmud/FM 01/Developed by Alif/My routine/daemon/8.13/daemon-26512.out.log
2026-05-16T16:47:07.529+0600 [INFO] [org.gradle.launcher.daemon.server.exec.LogAndCheckHealth] Starting build in new daemon [memory: 2 GiB]
2026-05-16T16:47:07.530+0600 [DEBUG] [org.gradle.launcher.daemon.server.exec.ExecuteBuild] The daemon has started executing the build.
2026-05-16T16:47:07.530+0600 [DEBUG] [org.gradle.launcher.daemon.server.exec.ExecuteBuild] Executing build with daemon context: DefaultDaemonContext[uid=888cdd82-77bf-41ca-8e38-294626a8ecad,javaHome=/Applications/Android Studio.app/Contents/jbr/Contents/Home,javaVersion=21,javaVendor=JetBrains s.r.o.,daemonRegistryDir=/Users/alifmahmud/FM 01/Developed by Alif/My routine/daemon,pid=26512,idleTimeout=10800000,priority=NORMAL,applyInstrumentationAgent=true,nativeServicesMode=ENABLED,daemonOpts=-Xmx2048m,-Dfile.encoding=UTF-8,-Duser.country=BD,-Duser.language=en,-Duser.variant]

BUILD SUCCESSFUL in 17s
62 actionable tasks: 7 executed, 55 up-to-date
2026-05-16T16:47:24.303+0600 [DEBUG] [org.gradle.launcher.daemon.server.exec.ExecuteBuild] The daemon has finished executing the build.
2026-05-16T16:47:24.315+0600 [DEBUG] [org.gradle.launcher.daemon.server.DaemonStateCoordinator] daemon is running. Sleeping until state changes.
2026-05-16T16:47:24.316+0600 [DEBUG] [org.gradle.launcher.daemon.server.DaemonStateCoordinator] Command execution: finished waiting for DaemonCommandExecution[command = Build{id=3ee670cb-d9c7-44b1-b025-e0a7b2097260, currentDir=/Users/alifmahmud/FM 01/Developed by Alif/My routine}, connection = DefaultDaemonConnection: socket connection from /127.0.0.1:61957 to /127.0.0.1:61958]. Result org.gradle.launcher.daemon.server.DaemonStateCoordinator@7b1ab164 with state Busy
2026-05-16T16:47:24.316+0600 [DEBUG] [org.gradle.launcher.daemon.server.DaemonStateCoordinator] Command execution: completed DaemonCommandExecution[command = Build{id=3ee670cb-d9c7-44b1-b025-e0a7b2097260, currentDir=/Users/alifmahmud/FM 01/Developed by Alif/My routine}, connection = DefaultDaemonConnection: socket connection from /127.0.0.1:61957 to /127.0.0.1:61958]
2026-05-16T16:47:24.316+0600 [DEBUG] [org.gradle.launcher.daemon.server.DaemonStateCoordinator] resetting idle timer
2026-05-16T16:47:24.316+0600 [INFO] [org.gradle.launcher.daemon.server.DaemonRegistryUpdater] Marking the daemon as idle, address: [ae81f017-0d59-418a-958d-07aa10f757ed port:61957, addresses:[localhost/127.0.0.1]]
2026-05-16T16:47:24.316+0600 [DEBUG] [org.gradle.launcher.daemon.registry.PersistentDaemonRegistry] Marking busy by address: [ae81f017-0d59-418a-958d-07aa10f757ed port:61957, addresses:[localhost/127.0.0.1]]
2026-05-16T16:47:24.316+0600 [DEBUG] [org.gradle.cache.internal.DefaultFileLockManager] Waiting to acquire exclusive lock on daemon addresses registry.
2026-05-16T16:47:24.317+0600 [DEBUG] [org.gradle.cache.internal.DefaultFileLockManager] Lock acquired on daemon addresses registry.
2026-05-16T16:47:24.317+0600 [DEBUG] [org.gradle.cache.internal.DefaultFileLockManager] Releasing lock on daemon addresses registry.
2026-05-16T16:47:24.318+0600 [DEBUG] [org.gradle.launcher.daemon.server.DaemonStateCoordinator] daemon is running. Sleeping until state changes.
2026-05-16T16:47:24.318+0600 [DEBUG] [org.gradle.launcher.daemon.server.exec.ReturnResult] Daemon is dispatching the build result: Success[value=org.gradle.launcher.exec.BuildActionResult@346470d6]
2026-05-16T16:47:24.318+0600 [DEBUG] [org.gradle.launcher.daemon.server.SynchronizedDispatchConnection] thread 30: dispatching Success[value=org.gradle.launcher.exec.BuildActionResult@346470d6]
2026-05-16T16:47:24.318+0600 [DEBUG] [org.gradle.launcher.daemon.server.exec.CleanUpVirtualFileSystemAfterBuild] Cleaning virtual file system after build finished
2026-05-16T16:47:24.319+0600 [DEBUG] [org.gradle.launcher.daemon.server.DefaultIncomingConnectionHandler] Finishing executing command: Build{id=3ee670cb-d9c7-44b1-b025-e0a7b2097260, currentDir=/Users/alifmahmud/FM 01/Developed by Alif/My routine}
2026-05-16T16:47:24.324+0600 [DEBUG] [org.gradle.launcher.daemon.server.SynchronizedDispatchConnection] thread 31: received class org.gradle.launcher.daemon.protocol.CloseInput
2026-05-16T16:47:24.324+0600 [DEBUG] [org.gradle.launcher.daemon.server.DefaultDaemonConnection] thread 31: Received IO message from client: org.gradle.launcher.daemon.protocol.CloseInput@7d2f05ea
2026-05-16T16:47:24.324+0600 [DEBUG] [org.gradle.launcher.daemon.server.SynchronizedDispatchConnection] thread 31: received class org.gradle.launcher.daemon.protocol.Finished
2026-05-16T16:47:24.324+0600 [DEBUG] [org.gradle.launcher.daemon.server.DefaultDaemonConnection] thread 31: Received non-IO message from client: org.gradle.launcher.daemon.protocol.Finished@7c28ac9f
2026-05-16T16:47:24.324+0600 [DEBUG] [org.gradle.launcher.daemon.server.DefaultIncomingConnectionHandler] Received finished message: org.gradle.launcher.daemon.protocol.Finished@7c28ac9f
2026-05-16T16:47:24.324+0600 [DEBUG] [org.gradle.launcher.daemon.server.SynchronizedDispatchConnection] thread 30: stopping connection
2026-05-16T16:47:24.325+0600 [DEBUG] [org.gradle.internal.remote.internal.inet.SocketConnection] Discarding EOFException: java.io.EOFException
2026-05-16T16:47:24.325+0600 [DEBUG] [org.gradle.launcher.daemon.server.SynchronizedDispatchConnection] thread 31: received null
2026-05-16T16:47:24.325+0600 [DEBUG] [org.gradle.launcher.daemon.server.DefaultDaemonConnection] thread 31: Received end-of-input from client.
2026-05-16T16:47:24.326+0600 [DEBUG] [org.gradle.launcher.daemon.server.SynchronizedDispatchConnection] thread 30: stopping connection
2026-05-16T16:47:27.534+0600 [DEBUG] [org.gradle.cache.internal.DefaultFileLockManager] Waiting to acquire shared lock on daemon addresses registry.
2026-05-16T16:47:27.537+0600 [DEBUG] [org.gradle.cache.internal.DefaultFileLockManager] Lock acquired on daemon addresses registry.
2026-05-16T16:47:27.547+0600 [DEBUG] [org.gradle.cache.internal.DefaultFileLockManager] Releasing lock on daemon addresses registry.
2026-05-16T16:47:27.561+0600 [DEBUG] [org.gradle.cache.internal.DefaultFileLockManager] Waiting to acquire shared lock on daemon addresses registry.
2026-05-16T16:47:27.561+0600 [DEBUG] [org.gradle.cache.internal.DefaultFileLockManager] Lock acquired on daemon addresses registry.
2026-05-16T16:47:27.562+0600 [DEBUG] [org.gradle.cache.internal.DefaultFileLockManager] Releasing lock on daemon addresses registry.
2026-05-16T16:47:37.504+0600 [DEBUG] [org.gradle.cache.internal.DefaultFileLockManager] Waiting to acquire shared lock on daemon addresses registry.
2026-05-16T16:47:37.508+0600 [DEBUG] [org.gradle.cache.internal.DefaultFileLockManager] Lock acquired on daemon addresses registry.
2026-05-16T16:47:37.509+0600 [DEBUG] [org.gradle.cache.internal.DefaultFileLockManager] Releasing lock on daemon addresses registry.
2026-05-16T16:47:37.511+0600 [DEBUG] [org.gradle.cache.internal.DefaultFileLockManager] Waiting to acquire shared lock on daemon addresses registry.
2026-05-16T16:47:37.511+0600 [DEBUG] [org.gradle.cache.internal.DefaultFileLockManager] Lock acquired on daemon addresses registry.
2026-05-16T16:47:37.511+0600 [DEBUG] [org.gradle.cache.internal.DefaultFileLockManager] Releasing lock on daemon addresses registry.
2026-05-16T16:47:37.512+0600 [DEBUG] [org.gradle.cache.internal.DefaultFileLockManager] Waiting to acquire shared lock on daemon addresses registry.
2026-05-16T16:47:37.512+0600 [DEBUG] [org.gradle.cache.internal.DefaultFileLockManager] Lock acquired on daemon addresses registry.
2026-05-16T16:47:37.512+0600 [DEBUG] [org.gradle.cache.internal.DefaultFileLockManager] Releasing lock on daemon addresses registry.
2026-05-16T16:47:47.030+0600 [DEBUG] [sun.rmi.transport.tcp] RMI Scheduler(0): close connection, socket: Socket[addr=localhost/127.0.0.1,port=17255,localport=61977]
2026-05-16T16:47:47.032+0600 [DEBUG] [sun.rmi.transport.tcp] RMI Scheduler(0): close connection, socket: Socket[addr=localhost/127.0.0.1,port=17255,localport=61999]
2026-05-16T16:47:47.068+0600 [DEBUG] [sun.rmi.transport.tcp] RMI TCP Connection(3)-127.0.0.1: (port 61979) connection closed
2026-05-16T16:47:47.068+0600 [DEBUG] [sun.rmi.transport.tcp] RMI TCP Connection(3)-127.0.0.1: close connection, socket: Socket[addr=/127.0.0.1,port=61994,localport=61979]
2026-05-16T16:47:47.068+0600 [DEBUG] [sun.rmi.transport.tcp] RMI TCP Connection(3)-127.0.0.1: socket close: Socket[addr=/127.0.0.1,port=61994,localport=61979]
2026-05-16T16:47:47.497+0600 [DEBUG] [org.gradle.cache.internal.DefaultFileLockManager] Waiting to acquire shared lock on daemon addresses registry.
2026-05-16T16:47:47.498+0600 [DEBUG] [org.gradle.cache.internal.DefaultFileLockManager] Lock acquired on daemon addresses registry.
2026-05-16T16:47:47.498+0600 [DEBUG] [org.gradle.cache.internal.DefaultFileLockManager] Releasing lock on daemon addresses registry.
2026-05-16T16:47:47.499+0600 [DEBUG] [org.gradle.cache.internal.DefaultFileLockManager] Waiting to acquire shared lock on daemon addresses registry.
2026-05-16T16:47:47.499+0600 [DEBUG] [org.gradle.cache.internal.DefaultFileLockManager] Lock acquired on daemon addresses registry.
2026-05-16T16:47:47.499+0600 [DEBUG] [org.gradle.cache.internal.DefaultFileLockManager] Releasing lock on daemon addresses registry.
2026-05-16T16:47:47.499+0600 [DEBUG] [org.gradle.cache.internal.DefaultFileLockManager] Waiting to acquire shared lock on daemon addresses registry.
2026-05-16T16:47:47.499+0600 [DEBUG] [org.gradle.cache.internal.DefaultFileLockManager] Lock acquired on daemon addresses registry.
2026-05-16T16:47:47.499+0600 [DEBUG] [org.gradle.cache.internal.DefaultFileLockManager] Releasing lock on daemon addresses registry.
2026-05-16T16:47:49.904+0600 [DEBUG] [sun.rmi.transport.tcp] RMI Scheduler(0): close connection, socket: Socket[addr=localhost/127.0.0.1,port=17255,localport=61998]
2026-05-16T16:47:49.952+0600 [DEBUG] [sun.rmi.transport.tcp] RMI TCP Connection(2)-127.0.0.1: (port 61979) connection closed
2026-05-16T16:47:49.952+0600 [DEBUG] [sun.rmi.transport.tcp] RMI TCP Connection(2)-127.0.0.1: close connection, socket: Socket[addr=/127.0.0.1,port=61993,localport=61979]
2026-05-16T16:47:49.953+0600 [DEBUG] [sun.rmi.transport.tcp] RMI TCP Connection(2)-127.0.0.1: socket close: Socket[addr=/127.0.0.1,port=61993,localport=61979]
2026-05-16T16:47:57.499+0600 [DEBUG] [org.gradle.cache.internal.DefaultFileLockManager] Waiting to acquire shared lock on daemon addresses registry.
2026-05-16T16:47:57.500+0600 [DEBUG] [org.gradle.cache.internal.DefaultFileLockManager] Lock acquired on daemon addresses registry.
2026-05-16T16:47:57.501+0600 [DEBUG] [org.gradle.cache.internal.DefaultFileLockManager] Releasing lock on daemon addresses registry.
2026-05-16T16:47:57.501+0600 [DEBUG] [org.gradle.cache.internal.DefaultFileLockManager] Waiting to acquire shared lock on daemon addresses registry.
2026-05-16T16:47:57.501+0600 [DEBUG] [org.gradle.cache.internal.DefaultFileLockManager] Lock acquired on daemon addresses registry.
2026-05-16T16:47:57.501+0600 [DEBUG] [org.gradle.cache.internal.DefaultFileLockManager] Releasing lock on daemon addresses registry.
2026-05-16T16:47:57.501+0600 [DEBUG] [org.gradle.cache.internal.DefaultFileLockManager] Waiting to acquire shared lock on daemon addresses registry.
2026-05-16T16:47:57.501+0600 [DEBUG] [org.gradle.cache.internal.DefaultFileLockManager] Lock acquired on daemon addresses registry.
2026-05-16T16:47:57.502+0600 [DEBUG] [org.gradle.cache.internal.DefaultFileLockManager] Releasing lock on daemon addresses registry.
2026-05-16T16:48:07.499+0600 [DEBUG] [org.gradle.cache.internal.DefaultFileLockManager] Waiting to acquire shared lock on daemon addresses registry.
2026-05-16T16:48:07.501+0600 [DEBUG] [org.gradle.cache.internal.DefaultFileLockManager] Lock acquired on daemon addresses registry.
2026-05-16T16:48:07.503+0600 [DEBUG] [org.gradle.cache.internal.DefaultFileLockManager] Releasing lock on daemon addresses registry.
2026-05-16T16:48:07.505+0600 [DEBUG] [org.gradle.cache.internal.DefaultFileLockManager] Waiting to acquire shared lock on daemon addresses registry.
2026-05-16T16:48:07.505+0600 [DEBUG] [org.gradle.cache.internal.DefaultFileLockManager] Lock acquired on daemon addresses registry.
2026-05-16T16:48:07.505+0600 [DEBUG] [org.gradle.cache.internal.DefaultFileLockManager] Releasing lock on daemon addresses registry.
2026-05-16T16:48:07.506+0600 [DEBUG] [org.gradle.cache.internal.DefaultFileLockManager] Waiting to acquire shared lock on daemon addresses registry.
2026-05-16T16:48:07.506+0600 [DEBUG] [org.gradle.cache.internal.DefaultFileLockManager] Lock acquired on daemon addresses registry.
2026-05-16T16:48:07.506+0600 [DEBUG] [org.gradle.cache.internal.DefaultFileLockManager] Releasing lock on daemon addresses registry.
2026-05-16T16:48:17.497+0600 [DEBUG] [org.gradle.cache.internal.DefaultFileLockManager] Waiting to acquire shared lock on daemon addresses registry.
2026-05-16T16:48:17.498+0600 [DEBUG] [org.gradle.cache.internal.DefaultFileLockManager] Lock acquired on daemon addresses registry.
2026-05-16T16:48:17.499+0600 [DEBUG] [org.gradle.cache.internal.DefaultFileLockManager] Releasing lock on daemon addresses registry.
2026-05-16T16:48:17.500+0600 [DEBUG] [org.gradle.cache.internal.DefaultFileLockManager] Waiting to acquire shared lock on daemon addresses registry.
2026-05-16T16:48:17.500+0600 [DEBUG] [org.gradle.cache.internal.DefaultFileLockManager] Lock acquired on daemon addresses registry.
2026-05-16T16:48:17.501+0600 [DEBUG] [org.gradle.cache.internal.DefaultFileLockManager] Releasing lock on daemon addresses registry.
2026-05-16T16:48:17.501+0600 [DEBUG] [org.gradle.cache.internal.DefaultFileLockManager] Waiting to acquire shared lock on daemon addresses registry.
2026-05-16T16:48:17.501+0600 [DEBUG] [org.gradle.cache.internal.DefaultFileLockManager] Lock acquired on daemon addresses registry.
2026-05-16T16:48:17.502+0600 [DEBUG] [org.gradle.cache.internal.DefaultFileLockManager] Releasing lock on daemon addresses registry.
2026-05-16T16:48:27.499+0600 [DEBUG] [org.gradle.cache.internal.DefaultFileLockManager] Waiting to acquire shared lock on daemon addresses registry.
2026-05-16T16:48:27.500+0600 [DEBUG] [org.gradle.cache.internal.DefaultFileLockManager] Lock acquired on daemon addresses registry.
2026-05-16T16:48:27.500+0600 [DEBUG] [org.gradle.cache.internal.DefaultFileLockManager] Releasing lock on daemon addresses registry.
2026-05-16T16:48:27.501+0600 [DEBUG] [org.gradle.cache.internal.DefaultFileLockManager] Waiting to acquire shared lock on daemon addresses registry.
2026-05-16T16:48:27.501+0600 [DEBUG] [org.gradle.cache.internal.DefaultFileLockManager] Lock acquired on daemon addresses registry.
2026-05-16T16:48:27.501+0600 [DEBUG] [org.gradle.cache.internal.DefaultFileLockManager] Releasing lock on daemon addresses registry.
2026-05-16T16:48:27.502+0600 [DEBUG] [org.gradle.cache.internal.DefaultFileLockManager] Waiting to acquire shared lock on daemon addresses registry.
2026-05-16T16:48:27.502+0600 [DEBUG] [org.gradle.cache.internal.DefaultFileLockManager] Lock acquired on daemon addresses registry.
2026-05-16T16:48:27.502+0600 [DEBUG] [org.gradle.cache.internal.DefaultFileLockManager] Releasing lock on daemon addresses registry.
2026-05-16T16:48:37.494+0600 [DEBUG] [org.gradle.cache.internal.DefaultFileLockManager] Waiting to acquire shared lock on daemon addresses registry.
2026-05-16T16:48:37.495+0600 [DEBUG] [org.gradle.cache.internal.DefaultFileLockManager] Lock acquired on daemon addresses registry.
2026-05-16T16:48:37.496+0600 [DEBUG] [org.gradle.cache.internal.DefaultFileLockManager] Releasing lock on daemon addresses registry.
2026-05-16T16:48:37.497+0600 [DEBUG] [org.gradle.cache.internal.DefaultFileLockManager] Waiting to acquire shared lock on daemon addresses registry.
2026-05-16T16:48:37.497+0600 [DEBUG] [org.gradle.cache.internal.DefaultFileLockManager] Lock acquired on daemon addresses registry.
2026-05-16T16:48:37.497+0600 [DEBUG] [org.gradle.cache.internal.DefaultFileLockManager] Releasing lock on daemon addresses registry.
2026-05-16T16:48:37.498+0600 [DEBUG] [org.gradle.cache.internal.DefaultFileLockManager] Waiting to acquire shared lock on daemon addresses registry.
2026-05-16T16:48:37.498+0600 [DEBUG] [org.gradle.cache.internal.DefaultFileLockManager] Lock acquired on daemon addresses registry.
2026-05-16T16:48:37.499+0600 [DEBUG] [org.gradle.cache.internal.DefaultFileLockManager] Releasing lock on daemon addresses registry.
2026-05-16T16:48:47.499+0600 [DEBUG] [org.gradle.cache.internal.DefaultFileLockManager] Waiting to acquire shared lock on daemon addresses registry.
2026-05-16T16:48:47.500+0600 [DEBUG] [org.gradle.cache.internal.DefaultFileLockManager] Lock acquired on daemon addresses registry.
2026-05-16T16:48:47.500+0600 [DEBUG] [org.gradle.cache.internal.DefaultFileLockManager] Releasing lock on daemon addresses registry.
2026-05-16T16:48:47.500+0600 [DEBUG] [org.gradle.cache.internal.DefaultFileLockManager] Waiting to acquire shared lock on daemon addresses registry.
2026-05-16T16:48:47.500+0600 [DEBUG] [org.gradle.cache.internal.DefaultFileLockManager] Lock acquired on daemon addresses registry.
2026-05-16T16:48:47.501+0600 [DEBUG] [org.gradle.cache.internal.DefaultFileLockManager] Releasing lock on daemon addresses registry.
2026-05-16T16:48:47.501+0600 [DEBUG] [org.gradle.cache.internal.DefaultFileLockManager] Waiting to acquire shared lock on daemon addresses registry.
2026-05-16T16:48:47.501+0600 [DEBUG] [org.gradle.cache.internal.DefaultFileLockManager] Lock acquired on daemon addresses registry.
2026-05-16T16:48:47.501+0600 [DEBUG] [org.gradle.cache.internal.DefaultFileLockManager] Releasing lock on daemon addresses registry.
2026-05-16T16:48:57.499+0600 [DEBUG] [org.gradle.cache.internal.DefaultFileLockManager] Waiting to acquire shared lock on daemon addresses registry.
2026-05-16T16:48:57.503+0600 [DEBUG] [org.gradle.cache.internal.DefaultFileLockManager] Lock acquired on daemon addresses registry.
2026-05-16T16:48:57.504+0600 [DEBUG] [org.gradle.cache.internal.DefaultFileLockManager] Releasing lock on daemon addresses registry.
2026-05-16T16:48:57.505+0600 [DEBUG] [org.gradle.cache.internal.DefaultFileLockManager] Waiting to acquire shared lock on daemon addresses registry.
2026-05-16T16:48:57.505+0600 [DEBUG] [org.gradle.cache.internal.DefaultFileLockManager] Lock acquired on daemon addresses registry.
2026-05-16T16:48:57.506+0600 [DEBUG] [org.gradle.cache.internal.DefaultFileLockManager] Releasing lock on daemon addresses registry.
2026-05-16T16:48:57.506+0600 [DEBUG] [org.gradle.cache.internal.DefaultFileLockManager] Waiting to acquire shared lock on daemon addresses registry.
2026-05-16T16:48:57.507+0600 [DEBUG] [org.gradle.cache.internal.DefaultFileLockManager] Lock acquired on daemon addresses registry.
2026-05-16T16:48:57.507+0600 [DEBUG] [org.gradle.cache.internal.DefaultFileLockManager] Releasing lock on daemon addresses registry.
2026-05-16T16:49:07.500+0600 [DEBUG] [org.gradle.cache.internal.DefaultFileLockManager] Waiting to acquire shared lock on daemon addresses registry.
2026-05-16T16:49:07.502+0600 [DEBUG] [org.gradle.cache.internal.DefaultFileLockManager] Lock acquired on daemon addresses registry.
2026-05-16T16:49:07.503+0600 [DEBUG] [org.gradle.cache.internal.DefaultFileLockManager] Releasing lock on daemon addresses registry.
2026-05-16T16:49:07.503+0600 [DEBUG] [org.gradle.cache.internal.DefaultFileLockManager] Waiting to acquire shared lock on daemon addresses registry.
2026-05-16T16:49:07.504+0600 [DEBUG] [org.gradle.cache.internal.DefaultFileLockManager] Lock acquired on daemon addresses registry.
2026-05-16T16:49:07.504+0600 [DEBUG] [org.gradle.cache.internal.DefaultFileLockManager] Releasing lock on daemon addresses registry.
2026-05-16T16:49:07.505+0600 [DEBUG] [org.gradle.cache.internal.DefaultFileLockManager] Waiting to acquire shared lock on daemon addresses registry.
2026-05-16T16:49:07.505+0600 [DEBUG] [org.gradle.cache.internal.DefaultFileLockManager] Lock acquired on daemon addresses registry.
2026-05-16T16:49:07.506+0600 [DEBUG] [org.gradle.cache.internal.DefaultFileLockManager] Releasing lock on daemon addresses registry.
2026-05-16T16:49:17.500+0600 [DEBUG] [org.gradle.cache.internal.DefaultFileLockManager] Waiting to acquire shared lock on daemon addresses registry.
2026-05-16T16:49:17.501+0600 [DEBUG] [org.gradle.cache.internal.DefaultFileLockManager] Lock acquired on daemon addresses registry.
2026-05-16T16:49:17.501+0600 [DEBUG] [org.gradle.cache.internal.DefaultFileLockManager] Releasing lock on daemon addresses registry.
2026-05-16T16:49:17.502+0600 [DEBUG] [org.gradle.cache.internal.DefaultFileLockManager] Waiting to acquire shared lock on daemon addresses registry.
2026-05-16T16:49:17.503+0600 [DEBUG] [org.gradle.cache.internal.DefaultFileLockManager] Lock acquired on daemon addresses registry.
2026-05-16T16:49:17.503+0600 [DEBUG] [org.gradle.cache.internal.DefaultFileLockManager] Releasing lock on daemon addresses registry.
2026-05-16T16:49:17.503+0600 [DEBUG] [org.gradle.cache.internal.DefaultFileLockManager] Waiting to acquire shared lock on daemon addresses registry.
2026-05-16T16:49:17.504+0600 [DEBUG] [org.gradle.cache.internal.DefaultFileLockManager] Lock acquired on daemon addresses registry.
2026-05-16T16:49:17.504+0600 [DEBUG] [org.gradle.cache.internal.DefaultFileLockManager] Releasing lock on daemon addresses registry.
2026-05-16T16:49:27.499+0600 [DEBUG] [org.gradle.cache.internal.DefaultFileLockManager] Waiting to acquire shared lock on daemon addresses registry.
2026-05-16T16:49:27.502+0600 [DEBUG] [org.gradle.cache.internal.DefaultFileLockManager] Lock acquired on daemon addresses registry.
2026-05-16T16:49:27.502+0600 [DEBUG] [org.gradle.cache.internal.DefaultFileLockManager] Releasing lock on daemon addresses registry.
2026-05-16T16:49:27.503+0600 [DEBUG] [org.gradle.cache.internal.DefaultFileLockManager] Waiting to acquire shared lock on daemon addresses registry.
2026-05-16T16:49:27.503+0600 [DEBUG] [org.gradle.cache.internal.DefaultFileLockManager] Lock acquired on daemon addresses registry.
2026-05-16T16:49:27.503+0600 [DEBUG] [org.gradle.cache.internal.DefaultFileLockManager] Releasing lock on daemon addresses registry.
2026-05-16T16:49:27.504+0600 [DEBUG] [org.gradle.cache.internal.DefaultFileLockManager] Waiting to acquire shared lock on daemon addresses registry.
2026-05-16T16:49:27.504+0600 [DEBUG] [org.gradle.cache.internal.DefaultFileLockManager] Lock acquired on daemon addresses registry.
2026-05-16T16:49:27.504+0600 [DEBUG] [org.gradle.cache.internal.DefaultFileLockManager] Releasing lock on daemon addresses registry.
2026-05-16T16:49:37.495+0600 [DEBUG] [org.gradle.cache.internal.DefaultFileLockManager] Waiting to acquire shared lock on daemon addresses registry.
2026-05-16T16:49:37.496+0600 [DEBUG] [org.gradle.cache.internal.DefaultFileLockManager] Lock acquired on daemon addresses registry.
2026-05-16T16:49:37.497+0600 [DEBUG] [org.gradle.cache.internal.DefaultFileLockManager] Releasing lock on daemon addresses registry.
2026-05-16T16:49:37.498+0600 [DEBUG] [org.gradle.cache.internal.DefaultFileLockManager] Waiting to acquire shared lock on daemon addresses registry.
2026-05-16T16:49:37.498+0600 [DEBUG] [org.gradle.cache.internal.DefaultFileLockManager] Lock acquired on daemon addresses registry.
2026-05-16T16:49:37.499+0600 [DEBUG] [org.gradle.cache.internal.DefaultFileLockManager] Releasing lock on daemon addresses registry.
2026-05-16T16:49:37.499+0600 [DEBUG] [org.gradle.cache.internal.DefaultFileLockManager] Waiting to acquire shared lock on daemon addresses registry.
2026-05-16T16:49:37.499+0600 [DEBUG] [org.gradle.cache.internal.DefaultFileLockManager] Lock acquired on daemon addresses registry.
2026-05-16T16:49:37.500+0600 [DEBUG] [org.gradle.cache.internal.DefaultFileLockManager] Releasing lock on daemon addresses registry.
2026-05-16T16:49:47.496+0600 [DEBUG] [org.gradle.cache.internal.DefaultFileLockManager] Waiting to acquire shared lock on daemon addresses registry.
2026-05-16T16:49:47.499+0600 [DEBUG] [org.gradle.cache.internal.DefaultFileLockManager] Lock acquired on daemon addresses registry.
2026-05-16T16:49:47.499+0600 [DEBUG] [org.gradle.cache.internal.DefaultFileLockManager] Releasing lock on daemon addresses registry.
2026-05-16T16:49:47.500+0600 [DEBUG] [org.gradle.cache.internal.DefaultFileLockManager] Waiting to acquire shared lock on daemon addresses registry.
2026-05-16T16:49:47.500+0600 [DEBUG] [org.gradle.cache.internal.DefaultFileLockManager] Lock acquired on daemon addresses registry.
2026-05-16T16:49:47.500+0600 [DEBUG] [org.gradle.cache.internal.DefaultFileLockManager] Releasing lock on daemon addresses registry.
2026-05-16T16:49:47.501+0600 [DEBUG] [org.gradle.cache.internal.DefaultFileLockManager] Waiting to acquire shared lock on daemon addresses registry.
2026-05-16T16:49:47.501+0600 [DEBUG] [org.gradle.cache.internal.DefaultFileLockManager] Lock acquired on daemon addresses registry.
2026-05-16T16:49:47.501+0600 [DEBUG] [org.gradle.cache.internal.DefaultFileLockManager] Releasing lock on daemon addresses registry.
2026-05-16T16:49:57.496+0600 [DEBUG] [org.gradle.cache.internal.DefaultFileLockManager] Waiting to acquire shared lock on daemon addresses registry.
2026-05-16T16:49:57.497+0600 [DEBUG] [org.gradle.cache.internal.DefaultFileLockManager] Lock acquired on daemon addresses registry.
2026-05-16T16:49:57.498+0600 [DEBUG] [org.gradle.cache.internal.DefaultFileLockManager] Releasing lock on daemon addresses registry.
2026-05-16T16:49:57.499+0600 [DEBUG] [org.gradle.cache.internal.DefaultFileLockManager] Waiting to acquire shared lock on daemon addresses registry.
2026-05-16T16:49:57.499+0600 [DEBUG] [org.gradle.cache.internal.DefaultFileLockManager] Lock acquired on daemon addresses registry.
2026-05-16T16:49:57.499+0600 [DEBUG] [org.gradle.cache.internal.DefaultFileLockManager] Releasing lock on daemon addresses registry.
2026-05-16T16:49:57.499+0600 [DEBUG] [org.gradle.cache.internal.DefaultFileLockManager] Waiting to acquire shared lock on daemon addresses registry.
2026-05-16T16:49:57.499+0600 [DEBUG] [org.gradle.cache.internal.DefaultFileLockManager] Lock acquired on daemon addresses registry.
2026-05-16T16:49:57.500+0600 [DEBUG] [org.gradle.cache.internal.DefaultFileLockManager] Releasing lock on daemon addresses registry.
2026-05-16T16:50:07.499+0600 [DEBUG] [org.gradle.cache.internal.DefaultFileLockManager] Waiting to acquire shared lock on daemon addresses registry.
2026-05-16T16:50:07.500+0600 [DEBUG] [org.gradle.cache.internal.DefaultFileLockManager] Lock acquired on daemon addresses registry.
2026-05-16T16:50:07.500+0600 [DEBUG] [org.gradle.cache.internal.DefaultFileLockManager] Releasing lock on daemon addresses registry.
2026-05-16T16:50:07.500+0600 [DEBUG] [org.gradle.cache.internal.DefaultFileLockManager] Waiting to acquire shared lock on daemon addresses registry.
2026-05-16T16:50:07.500+0600 [DEBUG] [org.gradle.cache.internal.DefaultFileLockManager] Lock acquired on daemon addresses registry.
2026-05-16T16:50:07.500+0600 [DEBUG] [org.gradle.cache.internal.DefaultFileLockManager] Releasing lock on daemon addresses registry.
2026-05-16T16:50:07.501+0600 [DEBUG] [org.gradle.cache.internal.DefaultFileLockManager] Waiting to acquire shared lock on daemon addresses registry.
2026-05-16T16:50:07.501+0600 [DEBUG] [org.gradle.cache.internal.DefaultFileLockManager] Lock acquired on daemon addresses registry.
2026-05-16T16:50:07.501+0600 [DEBUG] [org.gradle.cache.internal.DefaultFileLockManager] Releasing lock on daemon addresses registry.
2026-05-16T16:50:17.499+0600 [DEBUG] [org.gradle.cache.internal.DefaultFileLockManager] Waiting to acquire shared lock on daemon addresses registry.
2026-05-16T16:50:17.500+0600 [DEBUG] [org.gradle.cache.internal.DefaultFileLockManager] Lock acquired on daemon addresses registry.
2026-05-16T16:50:17.501+0600 [DEBUG] [org.gradle.cache.internal.DefaultFileLockManager] Releasing lock on daemon addresses registry.
2026-05-16T16:50:17.502+0600 [DEBUG] [org.gradle.cache.internal.DefaultFileLockManager] Waiting to acquire shared lock on daemon addresses registry.
2026-05-16T16:50:17.502+0600 [DEBUG] [org.gradle.cache.internal.DefaultFileLockManager] Lock acquired on daemon addresses registry.
2026-05-16T16:50:17.503+0600 [DEBUG] [org.gradle.cache.internal.DefaultFileLockManager] Releasing lock on daemon addresses registry.
2026-05-16T16:50:17.503+0600 [DEBUG] [org.gradle.cache.internal.DefaultFileLockManager] Waiting to acquire shared lock on daemon addresses registry.
2026-05-16T16:50:17.504+0600 [DEBUG] [org.gradle.cache.internal.DefaultFileLockManager] Lock acquired on daemon addresses registry.
2026-05-16T16:50:17.504+0600 [DEBUG] [org.gradle.cache.internal.DefaultFileLockManager] Releasing lock on daemon addresses registry.
2026-05-16T16:50:27.500+0600 [DEBUG] [org.gradle.cache.internal.DefaultFileLockManager] Waiting to acquire shared lock on daemon addresses registry.
2026-05-16T16:50:27.502+0600 [DEBUG] [org.gradle.cache.internal.DefaultFileLockManager] Lock acquired on daemon addresses registry.
2026-05-16T16:50:27.502+0600 [DEBUG] [org.gradle.cache.internal.DefaultFileLockManager] Releasing lock on daemon addresses registry.
2026-05-16T16:50:27.503+0600 [DEBUG] [org.gradle.cache.internal.DefaultFileLockManager] Waiting to acquire shared lock on daemon addresses registry.
2026-05-16T16:50:27.503+0600 [DEBUG] [org.gradle.cache.internal.DefaultFileLockManager] Lock acquired on daemon addresses registry.
2026-05-16T16:50:27.504+0600 [DEBUG] [org.gradle.cache.internal.DefaultFileLockManager] Releasing lock on daemon addresses registry.
2026-05-16T16:50:27.504+0600 [DEBUG] [org.gradle.cache.internal.DefaultFileLockManager] Waiting to acquire shared lock on daemon addresses registry.
2026-05-16T16:50:27.504+0600 [DEBUG] [org.gradle.cache.internal.DefaultFileLockManager] Lock acquired on daemon addresses registry.
2026-05-16T16:50:27.505+0600 [DEBUG] [org.gradle.cache.internal.DefaultFileLockManager] Releasing lock on daemon addresses registry.
2026-05-16T16:50:37.499+0600 [DEBUG] [org.gradle.cache.internal.DefaultFileLockManager] Waiting to acquire shared lock on daemon addresses registry.
2026-05-16T16:50:37.501+0600 [DEBUG] [org.gradle.cache.internal.DefaultFileLockManager] Lock acquired on daemon addresses registry.
2026-05-16T16:50:37.501+0600 [DEBUG] [org.gradle.cache.internal.DefaultFileLockManager] Releasing lock on daemon addresses registry.
2026-05-16T16:50:37.502+0600 [DEBUG] [org.gradle.cache.internal.DefaultFileLockManager] Waiting to acquire shared lock on daemon addresses registry.
2026-05-16T16:50:37.503+0600 [DEBUG] [org.gradle.cache.internal.DefaultFileLockManager] Lock acquired on daemon addresses registry.
2026-05-16T16:50:37.503+0600 [DEBUG] [org.gradle.cache.internal.DefaultFileLockManager] Releasing lock on daemon addresses registry.
2026-05-16T16:50:37.504+0600 [DEBUG] [org.gradle.cache.internal.DefaultFileLockManager] Waiting to acquire shared lock on daemon addresses registry.
2026-05-16T16:50:37.504+0600 [DEBUG] [org.gradle.cache.internal.DefaultFileLockManager] Lock acquired on daemon addresses registry.
2026-05-16T16:50:37.504+0600 [DEBUG] [org.gradle.cache.internal.DefaultFileLockManager] Releasing lock on daemon addresses registry.
2026-05-16T16:50:47.504+0600 [DEBUG] [org.gradle.cache.internal.DefaultFileLockManager] Waiting to acquire shared lock on daemon addresses registry.
2026-05-16T16:50:47.520+0600 [DEBUG] [org.gradle.cache.internal.DefaultFileLockManager] Lock acquired on daemon addresses registry.
2026-05-16T16:50:47.522+0600 [DEBUG] [org.gradle.cache.internal.DefaultFileLockManager] Releasing lock on daemon addresses registry.
2026-05-16T16:50:47.523+0600 [DEBUG] [org.gradle.cache.internal.DefaultFileLockManager] Waiting to acquire shared lock on daemon addresses registry.
2026-05-16T16:50:47.524+0600 [DEBUG] [org.gradle.cache.internal.DefaultFileLockManager] Lock acquired on daemon addresses registry.
2026-05-16T16:50:47.524+0600 [DEBUG] [org.gradle.cache.internal.DefaultFileLockManager] Releasing lock on daemon addresses registry.
2026-05-16T16:50:47.525+0600 [DEBUG] [org.gradle.cache.internal.DefaultFileLockManager] Waiting to acquire shared lock on daemon addresses registry.
2026-05-16T16:50:47.525+0600 [DEBUG] [org.gradle.cache.internal.DefaultFileLockManager] Lock acquired on daemon addresses registry.
2026-05-16T16:50:47.525+0600 [DEBUG] [org.gradle.cache.internal.DefaultFileLockManager] Releasing lock on daemon addresses registry.
2026-05-16T16:50:57.498+0600 [DEBUG] [org.gradle.cache.internal.DefaultFileLockManager] Waiting to acquire shared lock on daemon addresses registry.
2026-05-16T16:50:57.500+0600 [DEBUG] [org.gradle.cache.internal.DefaultFileLockManager] Lock acquired on daemon addresses registry.
2026-05-16T16:50:57.500+0600 [DEBUG] [org.gradle.cache.internal.DefaultFileLockManager] Releasing lock on daemon addresses registry.
2026-05-16T16:50:57.501+0600 [DEBUG] [org.gradle.cache.internal.DefaultFileLockManager] Waiting to acquire shared lock on daemon addresses registry.
2026-05-16T16:50:57.502+0600 [DEBUG] [org.gradle.cache.internal.DefaultFileLockManager] Lock acquired on daemon addresses registry.
2026-05-16T16:50:57.502+0600 [DEBUG] [org.gradle.cache.internal.DefaultFileLockManager] Releasing lock on daemon addresses registry.
2026-05-16T16:50:57.502+0600 [DEBUG] [org.gradle.cache.internal.DefaultFileLockManager] Waiting to acquire shared lock on daemon addresses registry.
2026-05-16T16:50:57.503+0600 [DEBUG] [org.gradle.cache.internal.DefaultFileLockManager] Lock acquired on daemon addresses registry.
2026-05-16T16:50:57.503+0600 [DEBUG] [org.gradle.cache.internal.DefaultFileLockManager] Releasing lock on daemon addresses registry.
2026-05-16T16:51:07.501+0600 [DEBUG] [org.gradle.cache.internal.DefaultFileLockManager] Waiting to acquire shared lock on daemon addresses registry.
2026-05-16T16:51:07.506+0600 [DEBUG] [org.gradle.cache.internal.DefaultFileLockManager] Lock acquired on daemon addresses registry.
2026-05-16T16:51:07.508+0600 [DEBUG] [org.gradle.cache.internal.DefaultFileLockManager] Releasing lock on daemon addresses registry.
2026-05-16T16:51:07.508+0600 [DEBUG] [org.gradle.cache.internal.DefaultFileLockManager] Waiting to acquire shared lock on daemon addresses registry.
2026-05-16T16:51:07.509+0600 [DEBUG] [org.gradle.cache.internal.DefaultFileLockManager] Lock acquired on daemon addresses registry.
2026-05-16T16:51:07.509+0600 [DEBUG] [org.gradle.cache.internal.DefaultFileLockManager] Releasing lock on daemon addresses registry.
2026-05-16T16:51:07.509+0600 [DEBUG] [org.gradle.cache.internal.DefaultFileLockManager] Waiting to acquire shared lock on daemon addresses registry.
2026-05-16T16:51:07.509+0600 [DEBUG] [org.gradle.cache.internal.DefaultFileLockManager] Lock acquired on daemon addresses registry.
2026-05-16T16:51:07.509+0600 [DEBUG] [org.gradle.cache.internal.DefaultFileLockManager] Releasing lock on daemon addresses registry.
2026-05-16T16:51:07.511+0600 [DEBUG] [org.gradle.process.internal.health.memory.DefaultMemoryManager] 858993459 physical memory requested, 288964608 free
2026-05-16T16:51:07.513+0600 [DEBUG] [org.gradle.workers.internal.WorkerDaemonExpiration] Will attempt to release 819 of memory
2026-05-16T16:51:07.541+0600 [DEBUG] [org.gradle.process.internal.health.memory.DefaultMemoryManager] 858993459 physical memory requested, 0 released, 288964608 free
2026-05-16T16:51:17.503+0600 [DEBUG] [org.gradle.cache.internal.DefaultFileLockManager] Waiting to acquire shared lock on daemon addresses registry.
2026-05-16T16:51:17.506+0600 [DEBUG] [org.gradle.cache.internal.DefaultFileLockManager] Lock acquired on daemon addresses registry.
2026-05-16T16:51:17.508+0600 [DEBUG] [org.gradle.cache.internal.DefaultFileLockManager] Releasing lock on daemon addresses registry.
2026-05-16T16:51:17.510+0600 [DEBUG] [org.gradle.cache.internal.DefaultFileLockManager] Waiting to acquire shared lock on daemon addresses registry.
2026-05-16T16:51:17.510+0600 [DEBUG] [org.gradle.cache.internal.DefaultFileLockManager] Lock acquired on daemon addresses registry.
2026-05-16T16:51:17.511+0600 [DEBUG] [org.gradle.cache.internal.DefaultFileLockManager] Releasing lock on daemon addresses registry.
2026-05-16T16:51:17.511+0600 [DEBUG] [org.gradle.cache.internal.DefaultFileLockManager] Waiting to acquire shared lock on daemon addresses registry.
2026-05-16T16:51:17.511+0600 [DEBUG] [org.gradle.cache.internal.DefaultFileLockManager] Lock acquired on daemon addresses registry.
2026-05-16T16:51:17.512+0600 [DEBUG] [org.gradle.cache.internal.DefaultFileLockManager] Releasing lock on daemon addresses registry.
2026-05-16T16:51:27.502+0600 [DEBUG] [org.gradle.cache.internal.DefaultFileLockManager] Waiting to acquire shared lock on daemon addresses registry.
2026-05-16T16:51:27.506+0600 [DEBUG] [org.gradle.cache.internal.DefaultFileLockManager] Lock acquired on daemon addresses registry.
2026-05-16T16:51:27.510+0600 [DEBUG] [org.gradle.cache.internal.DefaultFileLockManager] Releasing lock on daemon addresses registry.
2026-05-16T16:51:27.511+0600 [DEBUG] [org.gradle.cache.internal.DefaultFileLockManager] Waiting to acquire shared lock on daemon addresses registry.
2026-05-16T16:51:27.511+0600 [DEBUG] [org.gradle.cache.internal.DefaultFileLockManager] Lock acquired on daemon addresses registry.
2026-05-16T16:51:27.511+0600 [DEBUG] [org.gradle.cache.internal.DefaultFileLockManager] Releasing lock on daemon addresses registry.
2026-05-16T16:51:27.512+0600 [DEBUG] [org.gradle.cache.internal.DefaultFileLockManager] Waiting to acquire shared lock on daemon addresses registry.
2026-05-16T16:51:27.512+0600 [DEBUG] [org.gradle.cache.internal.DefaultFileLockManager] Lock acquired on daemon addresses registry.
2026-05-16T16:51:27.512+0600 [DEBUG] [org.gradle.cache.internal.DefaultFileLockManager] Releasing lock on daemon addresses registry.
2026-05-16T16:51:37.498+0600 [DEBUG] [org.gradle.cache.internal.DefaultFileLockManager] Waiting to acquire shared lock on daemon addresses registry.
2026-05-16T16:51:37.500+0600 [DEBUG] [org.gradle.cache.internal.DefaultFileLockManager] Lock acquired on daemon addresses registry.
2026-05-16T16:51:37.505+0600 [DEBUG] [org.gradle.cache.internal.DefaultFileLockManager] Releasing lock on daemon addresses registry.
2026-05-16T16:51:37.505+0600 [DEBUG] [org.gradle.cache.internal.DefaultFileLockManager] Waiting to acquire shared lock on daemon addresses registry.
2026-05-16T16:51:37.506+0600 [DEBUG] [org.gradle.cache.internal.DefaultFileLockManager] Lock acquired on daemon addresses registry.
2026-05-16T16:51:37.506+0600 [DEBUG] [org.gradle.cache.internal.DefaultFileLockManager] Releasing lock on daemon addresses registry.
2026-05-16T16:51:37.506+0600 [DEBUG] [org.gradle.cache.internal.DefaultFileLockManager] Waiting to acquire shared lock on daemon addresses registry.
2026-05-16T16:51:37.506+0600 [DEBUG] [org.gradle.cache.internal.DefaultFileLockManager] Lock acquired on daemon addresses registry.
2026-05-16T16:51:37.506+0600 [DEBUG] [org.gradle.cache.internal.DefaultFileLockManager] Releasing lock on daemon addresses registry.
2026-05-16T16:51:47.499+0600 [DEBUG] [org.gradle.cache.internal.DefaultFileLockManager] Waiting to acquire shared lock on daemon addresses registry.
2026-05-16T16:51:47.502+0600 [DEBUG] [org.gradle.cache.internal.DefaultFileLockManager] Lock acquired on daemon addresses registry.
2026-05-16T16:51:47.504+0600 [DEBUG] [org.gradle.cache.internal.DefaultFileLockManager] Releasing lock on daemon addresses registry.
2026-05-16T16:51:47.506+0600 [DEBUG] [org.gradle.cache.internal.DefaultFileLockManager] Waiting to acquire shared lock on daemon addresses registry.
2026-05-16T16:51:47.507+0600 [DEBUG] [org.gradle.cache.internal.DefaultFileLockManager] Lock acquired on daemon addresses registry.
2026-05-16T16:51:47.507+0600 [DEBUG] [org.gradle.cache.internal.DefaultFileLockManager] Releasing lock on daemon addresses registry.
2026-05-16T16:51:47.508+0600 [DEBUG] [org.gradle.cache.internal.DefaultFileLockManager] Waiting to acquire shared lock on daemon addresses registry.
2026-05-16T16:51:47.508+0600 [DEBUG] [org.gradle.cache.internal.DefaultFileLockManager] Lock acquired on daemon addresses registry.
2026-05-16T16:51:47.509+0600 [DEBUG] [org.gradle.cache.internal.DefaultFileLockManager] Releasing lock on daemon addresses registry.
2026-05-16T16:51:57.499+0600 [DEBUG] [org.gradle.cache.internal.DefaultFileLockManager] Waiting to acquire shared lock on daemon addresses registry.
2026-05-16T16:51:57.501+0600 [DEBUG] [org.gradle.cache.internal.DefaultFileLockManager] Lock acquired on daemon addresses registry.
2026-05-16T16:51:57.502+0600 [DEBUG] [org.gradle.cache.internal.DefaultFileLockManager] Releasing lock on daemon addresses registry.
2026-05-16T16:51:57.502+0600 [DEBUG] [org.gradle.cache.internal.DefaultFileLockManager] Waiting to acquire shared lock on daemon addresses registry.
2026-05-16T16:51:57.503+0600 [DEBUG] [org.gradle.cache.internal.DefaultFileLockManager] Lock acquired on daemon addresses registry.
2026-05-16T16:51:57.505+0600 [DEBUG] [org.gradle.cache.internal.DefaultFileLockManager] Releasing lock on daemon addresses registry.
2026-05-16T16:51:57.505+0600 [DEBUG] [org.gradle.cache.internal.DefaultFileLockManager] Waiting to acquire shared lock on daemon addresses registry.
2026-05-16T16:51:57.506+0600 [DEBUG] [org.gradle.cache.internal.DefaultFileLockManager] Lock acquired on daemon addresses registry.
2026-05-16T16:51:57.507+0600 [DEBUG] [org.gradle.cache.internal.DefaultFileLockManager] Releasing lock on daemon addresses registry.
2026-05-16T16:52:07.505+0600 [DEBUG] [org.gradle.cache.internal.DefaultFileLockManager] Waiting to acquire shared lock on daemon addresses registry.
2026-05-16T16:52:07.514+0600 [DEBUG] [org.gradle.cache.internal.DefaultFileLockManager] Lock acquired on daemon addresses registry.
2026-05-16T16:52:07.516+0600 [DEBUG] [org.gradle.cache.internal.DefaultFileLockManager] Releasing lock on daemon addresses registry.
2026-05-16T16:52:07.517+0600 [DEBUG] [org.gradle.cache.internal.DefaultFileLockManager] Waiting to acquire shared lock on daemon addresses registry.
2026-05-16T16:52:07.517+0600 [DEBUG] [org.gradle.cache.internal.DefaultFileLockManager] Lock acquired on daemon addresses registry.
2026-05-16T16:52:07.517+0600 [DEBUG] [org.gradle.cache.internal.DefaultFileLockManager] Releasing lock on daemon addresses registry.
2026-05-16T16:52:07.518+0600 [DEBUG] [org.gradle.cache.internal.DefaultFileLockManager] Waiting to acquire shared lock on daemon addresses registry.
2026-05-16T16:52:07.518+0600 [DEBUG] [org.gradle.cache.internal.DefaultFileLockManager] Lock acquired on daemon addresses registry.
2026-05-16T16:52:07.518+0600 [DEBUG] [org.gradle.cache.internal.DefaultFileLockManager] Releasing lock on daemon addresses registry.
2026-05-16T16:52:17.499+0600 [DEBUG] [org.gradle.cache.internal.DefaultFileLockManager] Waiting to acquire shared lock on daemon addresses registry.
2026-05-16T16:52:17.500+0600 [DEBUG] [org.gradle.cache.internal.DefaultFileLockManager] Lock acquired on daemon addresses registry.
2026-05-16T16:52:17.501+0600 [DEBUG] [org.gradle.cache.internal.DefaultFileLockManager] Releasing lock on daemon addresses registry.
2026-05-16T16:52:17.502+0600 [DEBUG] [org.gradle.cache.internal.DefaultFileLockManager] Waiting to acquire shared lock on daemon addresses registry.
2026-05-16T16:52:17.502+0600 [DEBUG] [org.gradle.cache.internal.DefaultFileLockManager] Lock acquired on daemon addresses registry.
2026-05-16T16:52:17.503+0600 [DEBUG] [org.gradle.cache.internal.DefaultFileLockManager] Releasing lock on daemon addresses registry.
2026-05-16T16:52:17.503+0600 [DEBUG] [org.gradle.cache.internal.DefaultFileLockManager] Waiting to acquire shared lock on daemon addresses registry.
2026-05-16T16:52:17.504+0600 [DEBUG] [org.gradle.cache.internal.DefaultFileLockManager] Lock acquired on daemon addresses registry.
2026-05-16T16:52:17.504+0600 [DEBUG] [org.gradle.cache.internal.DefaultFileLockManager] Releasing lock on daemon addresses registry.
2026-05-16T16:52:20.317+0600 [DEBUG] [sun.rmi.transport.tcp] RMI TCP Connection(4)-127.0.0.1: accepted socket from [127.0.0.1:62417]
2026-05-16T16:52:20.670+0600 [DEBUG] [sun.rmi.transport.tcp] RMI TCP Connection(4)-127.0.0.1: (port 61979) op = 80
2026-05-16T16:52:20.733+0600 [DEBUG] [sun.rmi.loader] RMI TCP Connection(4)-127.0.0.1: name = "[Ljava.rmi.server.ObjID;", codebase = "", defaultLoader = jdk.internal.loader.ClassLoaders$PlatformClassLoader@6cecc8a4
2026-05-16T16:52:20.780+0600 [DEBUG] [sun.rmi.loader] RMI TCP Connection(4)-127.0.0.1: name = "java.rmi.dgc.Lease", codebase = "", defaultLoader = jdk.internal.loader.ClassLoaders$PlatformClassLoader@6cecc8a4
2026-05-16T16:52:20.830+0600 [DEBUG] [sun.rmi.loader] RMI TCP Connection(4)-127.0.0.1: name = "java.rmi.dgc.VMID", codebase = "", defaultLoader = jdk.internal.loader.ClassLoaders$PlatformClassLoader@6cecc8a4
2026-05-16T16:52:20.830+0600 [DEBUG] [sun.rmi.loader] RMI TCP Connection(4)-127.0.0.1: name = "[B", codebase = "", defaultLoader = jdk.internal.loader.ClassLoaders$PlatformClassLoader@6cecc8a4
2026-05-16T16:52:20.847+0600 [DEBUG] [sun.rmi.loader] RMI TCP Connection(4)-127.0.0.1: name = "java.rmi.server.UID", codebase = "", defaultLoader = jdk.internal.loader.ClassLoaders$PlatformClassLoader@6cecc8a4
2026-05-16T16:52:27.499+0600 [DEBUG] [org.gradle.cache.internal.DefaultFileLockManager] Waiting to acquire shared lock on daemon addresses registry.
2026-05-16T16:52:27.500+0600 [DEBUG] [org.gradle.cache.internal.DefaultFileLockManager] Lock acquired on daemon addresses registry.
2026-05-16T16:52:27.500+0600 [DEBUG] [org.gradle.cache.internal.DefaultFileLockManager] Releasing lock on daemon addresses registry.
2026-05-16T16:52:27.501+0600 [DEBUG] [org.gradle.cache.internal.DefaultFileLockManager] Waiting to acquire shared lock on daemon addresses registry.
2026-05-16T16:52:27.501+0600 [DEBUG] [org.gradle.cache.internal.DefaultFileLockManager] Lock acquired on daemon addresses registry.
2026-05-16T16:52:27.502+0600 [DEBUG] [org.gradle.cache.internal.DefaultFileLockManager] Releasing lock on daemon addresses registry.
2026-05-16T16:52:27.502+0600 [DEBUG] [org.gradle.cache.internal.DefaultFileLockManager] Waiting to acquire shared lock on daemon addresses registry.
2026-05-16T16:52:27.503+0600 [DEBUG] [org.gradle.cache.internal.DefaultFileLockManager] Lock acquired on daemon addresses registry.
2026-05-16T16:52:27.503+0600 [DEBUG] [org.gradle.cache.internal.DefaultFileLockManager] Releasing lock on daemon addresses registry.
2026-05-16T16:52:36.007+0600 [DEBUG] [sun.rmi.transport.tcp] RMI TCP Connection(4)-127.0.0.1: (port 61979) connection closed
2026-05-16T16:52:36.010+0600 [DEBUG] [sun.rmi.transport.tcp] RMI TCP Connection(4)-127.0.0.1: close connection, socket: Socket[addr=/127.0.0.1,port=62417,localport=61979]
2026-05-16T16:52:36.012+0600 [DEBUG] [sun.rmi.transport.tcp] RMI TCP Connection(4)-127.0.0.1: socket close: Socket[addr=/127.0.0.1,port=62417,localport=61979]
2026-05-16T16:52:37.501+0600 [DEBUG] [org.gradle.cache.internal.DefaultFileLockManager] Waiting to acquire shared lock on daemon addresses registry.
2026-05-16T16:52:37.502+0600 [DEBUG] [org.gradle.cache.internal.DefaultFileLockManager] Lock acquired on daemon addresses registry.
2026-05-16T16:52:37.503+0600 [DEBUG] [org.gradle.cache.internal.DefaultFileLockManager] Releasing lock on daemon addresses registry.
2026-05-16T16:52:37.504+0600 [DEBUG] [org.gradle.cache.internal.DefaultFileLockManager] Waiting to acquire shared lock on daemon addresses registry.
2026-05-16T16:52:37.504+0600 [DEBUG] [org.gradle.cache.internal.DefaultFileLockManager] Lock acquired on daemon addresses registry.
2026-05-16T16:52:37.505+0600 [DEBUG] [org.gradle.cache.internal.DefaultFileLockManager] Releasing lock on daemon addresses registry.
2026-05-16T16:52:37.505+0600 [DEBUG] [org.gradle.cache.internal.DefaultFileLockManager] Waiting to acquire shared lock on daemon addresses registry.
2026-05-16T16:52:37.505+0600 [DEBUG] [org.gradle.cache.internal.DefaultFileLockManager] Lock acquired on daemon addresses registry.
2026-05-16T16:52:37.506+0600 [DEBUG] [org.gradle.cache.internal.DefaultFileLockManager] Releasing lock on daemon addresses registry.
2026-05-16T16:52:47.498+0600 [DEBUG] [org.gradle.cache.internal.DefaultFileLockManager] Waiting to acquire shared lock on daemon addresses registry.
2026-05-16T16:52:47.500+0600 [DEBUG] [org.gradle.cache.internal.DefaultFileLockManager] Lock acquired on daemon addresses registry.
2026-05-16T16:52:47.501+0600 [DEBUG] [org.gradle.cache.internal.DefaultFileLockManager] Releasing lock on daemon addresses registry.
2026-05-16T16:52:47.502+0600 [DEBUG] [org.gradle.cache.internal.DefaultFileLockManager] Waiting to acquire shared lock on daemon addresses registry.
2026-05-16T16:52:47.502+0600 [DEBUG] [org.gradle.cache.internal.DefaultFileLockManager] Lock acquired on daemon addresses registry.
2026-05-16T16:52:47.503+0600 [DEBUG] [org.gradle.cache.internal.DefaultFileLockManager] Releasing lock on daemon addresses registry.
2026-05-16T16:52:47.504+0600 [DEBUG] [org.gradle.cache.internal.DefaultFileLockManager] Waiting to acquire shared lock on daemon addresses registry.
2026-05-16T16:52:47.504+0600 [DEBUG] [org.gradle.cache.internal.DefaultFileLockManager] Lock acquired on daemon addresses registry.
2026-05-16T16:52:47.504+0600 [DEBUG] [org.gradle.cache.internal.DefaultFileLockManager] Releasing lock on daemon addresses registry.
2026-05-16T16:52:57.498+0600 [DEBUG] [org.gradle.cache.internal.DefaultFileLockManager] Waiting to acquire shared lock on daemon addresses registry.
2026-05-16T16:52:57.500+0600 [DEBUG] [org.gradle.cache.internal.DefaultFileLockManager] Lock acquired on daemon addresses registry.
2026-05-16T16:52:57.500+0600 [DEBUG] [org.gradle.cache.internal.DefaultFileLockManager] Releasing lock on daemon addresses registry.
2026-05-16T16:52:57.501+0600 [DEBUG] [org.gradle.cache.internal.DefaultFileLockManager] Waiting to acquire shared lock on daemon addresses registry.
2026-05-16T16:52:57.501+0600 [DEBUG] [org.gradle.cache.internal.DefaultFileLockManager] Lock acquired on daemon addresses registry.
2026-05-16T16:52:57.502+0600 [DEBUG] [org.gradle.cache.internal.DefaultFileLockManager] Releasing lock on daemon addresses registry.
2026-05-16T16:52:57.502+0600 [DEBUG] [org.gradle.cache.internal.DefaultFileLockManager] Waiting to acquire shared lock on daemon addresses registry.
2026-05-16T16:52:57.503+0600 [DEBUG] [org.gradle.cache.internal.DefaultFileLockManager] Lock acquired on daemon addresses registry.
2026-05-16T16:52:57.503+0600 [DEBUG] [org.gradle.cache.internal.DefaultFileLockManager] Releasing lock on daemon addresses registry.
2026-05-16T16:53:07.499+0600 [DEBUG] [org.gradle.cache.internal.DefaultFileLockManager] Waiting to acquire shared lock on daemon addresses registry.
2026-05-16T16:53:07.501+0600 [DEBUG] [org.gradle.cache.internal.DefaultFileLockManager] Lock acquired on daemon addresses registry.
2026-05-16T16:53:07.502+0600 [DEBUG] [org.gradle.cache.internal.DefaultFileLockManager] Releasing lock on daemon addresses registry.
2026-05-16T16:53:07.503+0600 [DEBUG] [org.gradle.cache.internal.DefaultFileLockManager] Waiting to acquire shared lock on daemon addresses registry.
2026-05-16T16:53:07.504+0600 [DEBUG] [org.gradle.cache.internal.DefaultFileLockManager] Lock acquired on daemon addresses registry.
2026-05-16T16:53:07.507+0600 [DEBUG] [org.gradle.cache.internal.DefaultFileLockManager] Releasing lock on daemon addresses registry.
2026-05-16T16:53:07.510+0600 [DEBUG] [org.gradle.cache.internal.DefaultFileLockManager] Waiting to acquire shared lock on daemon addresses registry.
2026-05-16T16:53:07.514+0600 [DEBUG] [org.gradle.cache.internal.DefaultFileLockManager] Lock acquired on daemon addresses registry.
2026-05-16T16:53:07.515+0600 [DEBUG] [org.gradle.cache.internal.DefaultFileLockManager] Releasing lock on daemon addresses registry.
2026-05-16T16:53:17.505+0600 [DEBUG] [org.gradle.cache.internal.DefaultFileLockManager] Waiting to acquire shared lock on daemon addresses registry.
2026-05-16T16:53:17.510+0600 [DEBUG] [org.gradle.cache.internal.DefaultFileLockManager] Lock acquired on daemon addresses registry.
2026-05-16T16:53:17.511+0600 [DEBUG] [org.gradle.cache.internal.DefaultFileLockManager] Releasing lock on daemon addresses registry.
2026-05-16T16:53:17.513+0600 [DEBUG] [org.gradle.cache.internal.DefaultFileLockManager] Waiting to acquire shared lock on daemon addresses registry.
2026-05-16T16:53:17.513+0600 [DEBUG] [org.gradle.cache.internal.DefaultFileLockManager] Lock acquired on daemon addresses registry.
2026-05-16T16:53:17.513+0600 [DEBUG] [org.gradle.cache.internal.DefaultFileLockManager] Releasing lock on daemon addresses registry.
2026-05-16T16:53:17.513+0600 [DEBUG] [org.gradle.cache.internal.DefaultFileLockManager] Waiting to acquire shared lock on daemon addresses registry.
2026-05-16T16:53:17.513+0600 [DEBUG] [org.gradle.cache.internal.DefaultFileLockManager] Lock acquired on daemon addresses registry.
2026-05-16T16:53:17.514+0600 [DEBUG] [org.gradle.cache.internal.DefaultFileLockManager] Releasing lock on daemon addresses registry.
2026-05-16T16:53:27.508+0600 [DEBUG] [org.gradle.cache.internal.DefaultFileLockManager] Waiting to acquire shared lock on daemon addresses registry.
2026-05-16T16:53:27.511+0600 [DEBUG] [org.gradle.cache.internal.DefaultFileLockManager] Lock acquired on daemon addresses registry.
2026-05-16T16:53:27.513+0600 [DEBUG] [org.gradle.cache.internal.DefaultFileLockManager] Releasing lock on daemon addresses registry.
2026-05-16T16:53:27.514+0600 [DEBUG] [org.gradle.cache.internal.DefaultFileLockManager] Waiting to acquire shared lock on daemon addresses registry.
2026-05-16T16:53:27.514+0600 [DEBUG] [org.gradle.cache.internal.DefaultFileLockManager] Lock acquired on daemon addresses registry.
2026-05-16T16:53:27.515+0600 [DEBUG] [org.gradle.cache.internal.DefaultFileLockManager] Releasing lock on daemon addresses registry.
2026-05-16T16:53:27.515+0600 [DEBUG] [org.gradle.cache.internal.DefaultFileLockManager] Waiting to acquire shared lock on daemon addresses registry.
2026-05-16T16:53:27.516+0600 [DEBUG] [org.gradle.cache.internal.DefaultFileLockManager] Lock acquired on daemon addresses registry.
2026-05-16T16:53:27.516+0600 [DEBUG] [org.gradle.cache.internal.DefaultFileLockManager] Releasing lock on daemon addresses registry.
2026-05-16T16:53:37.500+0600 [DEBUG] [org.gradle.cache.internal.DefaultFileLockManager] Waiting to acquire shared lock on daemon addresses registry.
2026-05-16T16:53:37.507+0600 [DEBUG] [org.gradle.cache.internal.DefaultFileLockManager] Lock acquired on daemon addresses registry.
2026-05-16T16:53:37.508+0600 [DEBUG] [org.gradle.cache.internal.DefaultFileLockManager] Releasing lock on daemon addresses registry.
2026-05-16T16:53:37.509+0600 [DEBUG] [org.gradle.cache.internal.DefaultFileLockManager] Waiting to acquire shared lock on daemon addresses registry.
2026-05-16T16:53:37.510+0600 [DEBUG] [org.gradle.cache.internal.DefaultFileLockManager] Lock acquired on daemon addresses registry.
2026-05-16T16:53:37.510+0600 [DEBUG] [org.gradle.cache.internal.DefaultFileLockManager] Releasing lock on daemon addresses registry.
2026-05-16T16:53:37.510+0600 [DEBUG] [org.gradle.cache.internal.DefaultFileLockManager] Waiting to acquire shared lock on daemon addresses registry.
2026-05-16T16:53:37.511+0600 [DEBUG] [org.gradle.cache.internal.DefaultFileLockManager] Lock acquired on daemon addresses registry.
2026-05-16T16:53:37.511+0600 [DEBUG] [org.gradle.cache.internal.DefaultFileLockManager] Releasing lock on daemon addresses registry.
2026-05-16T16:53:37.512+0600 [DEBUG] [org.gradle.process.internal.health.memory.DefaultMemoryManager] 858993459 physical memory requested, 790773760 free
2026-05-16T16:53:37.514+0600 [DEBUG] [org.gradle.workers.internal.WorkerDaemonExpiration] Will attempt to release 819 of memory
2026-05-16T16:53:37.514+0600 [DEBUG] [org.gradle.process.internal.health.memory.DefaultMemoryManager] 858993459 physical memory requested, 0 released, 790773760 free
2026-05-16T16:53:47.499+0600 [DEBUG] [org.gradle.cache.internal.DefaultFileLockManager] Waiting to acquire shared lock on daemon addresses registry.
2026-05-16T16:53:47.500+0600 [DEBUG] [org.gradle.cache.internal.DefaultFileLockManager] Lock acquired on daemon addresses registry.
2026-05-16T16:53:47.501+0600 [DEBUG] [org.gradle.cache.internal.DefaultFileLockManager] Releasing lock on daemon addresses registry.
2026-05-16T16:53:47.503+0600 [DEBUG] [org.gradle.cache.internal.DefaultFileLockManager] Waiting to acquire shared lock on daemon addresses registry.
2026-05-16T16:53:47.503+0600 [DEBUG] [org.gradle.cache.internal.DefaultFileLockManager] Lock acquired on daemon addresses registry.
2026-05-16T16:53:47.503+0600 [DEBUG] [org.gradle.cache.internal.DefaultFileLockManager] Releasing lock on daemon addresses registry.
2026-05-16T16:53:47.503+0600 [DEBUG] [org.gradle.cache.internal.DefaultFileLockManager] Waiting to acquire shared lock on daemon addresses registry.
2026-05-16T16:53:47.503+0600 [DEBUG] [org.gradle.cache.internal.DefaultFileLockManager] Lock acquired on daemon addresses registry.
2026-05-16T16:53:47.503+0600 [DEBUG] [org.gradle.cache.internal.DefaultFileLockManager] Releasing lock on daemon addresses registry.
2026-05-16T16:53:57.500+0600 [DEBUG] [org.gradle.cache.internal.DefaultFileLockManager] Waiting to acquire shared lock on daemon addresses registry.
2026-05-16T16:53:57.500+0600 [DEBUG] [org.gradle.cache.internal.DefaultFileLockManager] Lock acquired on daemon addresses registry.
2026-05-16T16:53:57.501+0600 [DEBUG] [org.gradle.cache.internal.DefaultFileLockManager] Releasing lock on daemon addresses registry.
2026-05-16T16:53:57.502+0600 [DEBUG] [org.gradle.cache.internal.DefaultFileLockManager] Waiting to acquire shared lock on daemon addresses registry.
2026-05-16T16:53:57.502+0600 [DEBUG] [org.gradle.cache.internal.DefaultFileLockManager] Lock acquired on daemon addresses registry.
2026-05-16T16:53:57.503+0600 [DEBUG] [org.gradle.cache.internal.DefaultFileLockManager] Releasing lock on daemon addresses registry.
2026-05-16T16:53:57.503+0600 [DEBUG] [org.gradle.cache.internal.DefaultFileLockManager] Waiting to acquire shared lock on daemon addresses registry.
2026-05-16T16:53:57.503+0600 [DEBUG] [org.gradle.cache.internal.DefaultFileLockManager] Lock acquired on daemon addresses registry.
2026-05-16T16:53:57.504+0600 [DEBUG] [org.gradle.cache.internal.DefaultFileLockManager] Releasing lock on daemon addresses registry.
2026-05-16T16:54:07.497+0600 [DEBUG] [org.gradle.cache.internal.DefaultFileLockManager] Waiting to acquire shared lock on daemon addresses registry.
2026-05-16T16:54:07.497+0600 [DEBUG] [org.gradle.cache.internal.DefaultFileLockManager] Lock acquired on daemon addresses registry.
2026-05-16T16:54:07.498+0600 [DEBUG] [org.gradle.cache.internal.DefaultFileLockManager] Releasing lock on daemon addresses registry.
2026-05-16T16:54:07.499+0600 [DEBUG] [org.gradle.cache.internal.DefaultFileLockManager] Waiting to acquire shared lock on daemon addresses registry.
2026-05-16T16:54:07.499+0600 [DEBUG] [org.gradle.cache.internal.DefaultFileLockManager] Lock acquired on daemon addresses registry.
2026-05-16T16:54:07.499+0600 [DEBUG] [org.gradle.cache.internal.DefaultFileLockManager] Releasing lock on daemon addresses registry.
2026-05-16T16:54:07.500+0600 [DEBUG] [org.gradle.cache.internal.DefaultFileLockManager] Waiting to acquire shared lock on daemon addresses registry.
2026-05-16T16:54:07.500+0600 [DEBUG] [org.gradle.cache.internal.DefaultFileLockManager] Lock acquired on daemon addresses registry.
2026-05-16T16:54:07.500+0600 [DEBUG] [org.gradle.cache.internal.DefaultFileLockManager] Releasing lock on daemon addresses registry.
2026-05-16T16:54:17.498+0600 [DEBUG] [org.gradle.cache.internal.DefaultFileLockManager] Waiting to acquire shared lock on daemon addresses registry.
2026-05-16T16:54:17.499+0600 [DEBUG] [org.gradle.cache.internal.DefaultFileLockManager] Lock acquired on daemon addresses registry.
2026-05-16T16:54:17.499+0600 [DEBUG] [org.gradle.cache.internal.DefaultFileLockManager] Releasing lock on daemon addresses registry.
2026-05-16T16:54:17.500+0600 [DEBUG] [org.gradle.cache.internal.DefaultFileLockManager] Waiting to acquire shared lock on daemon addresses registry.
2026-05-16T16:54:17.500+0600 [DEBUG] [org.gradle.cache.internal.DefaultFileLockManager] Lock acquired on daemon addresses registry.
2026-05-16T16:54:17.502+0600 [DEBUG] [org.gradle.cache.internal.DefaultFileLockManager] Releasing lock on daemon addresses registry.
2026-05-16T16:54:17.503+0600 [DEBUG] [org.gradle.cache.internal.DefaultFileLockManager] Waiting to acquire shared lock on daemon addresses registry.
2026-05-16T16:54:17.504+0600 [DEBUG] [org.gradle.cache.internal.DefaultFileLockManager] Lock acquired on daemon addresses registry.
2026-05-16T16:54:17.504+0600 [DEBUG] [org.gradle.cache.internal.DefaultFileLockManager] Releasing lock on daemon addresses registry.
2026-05-16T16:54:27.500+0600 [DEBUG] [org.gradle.cache.internal.DefaultFileLockManager] Waiting to acquire shared lock on daemon addresses registry.
2026-05-16T16:54:27.501+0600 [DEBUG] [org.gradle.cache.internal.DefaultFileLockManager] Lock acquired on daemon addresses registry.
2026-05-16T16:54:27.501+0600 [DEBUG] [org.gradle.cache.internal.DefaultFileLockManager] Releasing lock on daemon addresses registry.
2026-05-16T16:54:27.502+0600 [DEBUG] [org.gradle.cache.internal.DefaultFileLockManager] Waiting to acquire shared lock on daemon addresses registry.
2026-05-16T16:54:27.502+0600 [DEBUG] [org.gradle.cache.internal.DefaultFileLockManager] Lock acquired on daemon addresses registry.
2026-05-16T16:54:27.503+0600 [DEBUG] [org.gradle.cache.internal.DefaultFileLockManager] Releasing lock on daemon addresses registry.
2026-05-16T16:54:27.503+0600 [DEBUG] [org.gradle.cache.internal.DefaultFileLockManager] Waiting to acquire shared lock on daemon addresses registry.
2026-05-16T16:54:27.503+0600 [DEBUG] [org.gradle.cache.internal.DefaultFileLockManager] Lock acquired on daemon addresses registry.
2026-05-16T16:54:27.504+0600 [DEBUG] [org.gradle.cache.internal.DefaultFileLockManager] Releasing lock on daemon addresses registry.
2026-05-16T16:54:37.499+0600 [DEBUG] [org.gradle.cache.internal.DefaultFileLockManager] Waiting to acquire shared lock on daemon addresses registry.
2026-05-16T16:54:37.500+0600 [DEBUG] [org.gradle.cache.internal.DefaultFileLockManager] Lock acquired on daemon addresses registry.
2026-05-16T16:54:37.500+0600 [DEBUG] [org.gradle.cache.internal.DefaultFileLockManager] Releasing lock on daemon addresses registry.
2026-05-16T16:54:37.501+0600 [DEBUG] [org.gradle.cache.internal.DefaultFileLockManager] Waiting to acquire shared lock on daemon addresses registry.
2026-05-16T16:54:37.501+0600 [DEBUG] [org.gradle.cache.internal.DefaultFileLockManager] Lock acquired on daemon addresses registry.
2026-05-16T16:54:37.501+0600 [DEBUG] [org.gradle.cache.internal.DefaultFileLockManager] Releasing lock on daemon addresses registry.
2026-05-16T16:54:37.502+0600 [DEBUG] [org.gradle.cache.internal.DefaultFileLockManager] Waiting to acquire shared lock on daemon addresses registry.
2026-05-16T16:54:37.502+0600 [DEBUG] [org.gradle.cache.internal.DefaultFileLockManager] Lock acquired on daemon addresses registry.
2026-05-16T16:54:37.503+0600 [DEBUG] [org.gradle.cache.internal.DefaultFileLockManager] Releasing lock on daemon addresses registry.
2026-05-16T16:54:47.498+0600 [DEBUG] [org.gradle.cache.internal.DefaultFileLockManager] Waiting to acquire shared lock on daemon addresses registry.
2026-05-16T16:54:47.504+0600 [DEBUG] [org.gradle.cache.internal.DefaultFileLockManager] Lock acquired on daemon addresses registry.
2026-05-16T16:54:47.505+0600 [DEBUG] [org.gradle.cache.internal.DefaultFileLockManager] Releasing lock on daemon addresses registry.
2026-05-16T16:54:47.505+0600 [DEBUG] [org.gradle.cache.internal.DefaultFileLockManager] Waiting to acquire shared lock on daemon addresses registry.
2026-05-16T16:54:47.506+0600 [DEBUG] [org.gradle.cache.internal.DefaultFileLockManager] Lock acquired on daemon addresses registry.
2026-05-16T16:54:47.507+0600 [DEBUG] [org.gradle.cache.internal.DefaultFileLockManager] Releasing lock on daemon addresses registry.
2026-05-16T16:54:47.507+0600 [DEBUG] [org.gradle.cache.internal.DefaultFileLockManager] Waiting to acquire shared lock on daemon addresses registry.
2026-05-16T16:54:47.507+0600 [DEBUG] [org.gradle.cache.internal.DefaultFileLockManager] Lock acquired on daemon addresses registry.
2026-05-16T16:54:47.508+0600 [DEBUG] [org.gradle.cache.internal.DefaultFileLockManager] Releasing lock on daemon addresses registry.
2026-05-16T16:54:57.496+0600 [DEBUG] [org.gradle.cache.internal.DefaultFileLockManager] Waiting to acquire shared lock on daemon addresses registry.
2026-05-16T16:54:57.497+0600 [DEBUG] [org.gradle.cache.internal.DefaultFileLockManager] Lock acquired on daemon addresses registry.
2026-05-16T16:54:57.497+0600 [DEBUG] [org.gradle.cache.internal.DefaultFileLockManager] Releasing lock on daemon addresses registry.
2026-05-16T16:54:57.498+0600 [DEBUG] [org.gradle.cache.internal.DefaultFileLockManager] Waiting to acquire shared lock on daemon addresses registry.
2026-05-16T16:54:57.498+0600 [DEBUG] [org.gradle.cache.internal.DefaultFileLockManager] Lock acquired on daemon addresses registry.
2026-05-16T16:54:57.499+0600 [DEBUG] [org.gradle.cache.internal.DefaultFileLockManager] Releasing lock on daemon addresses registry.
2026-05-16T16:54:57.499+0600 [DEBUG] [org.gradle.cache.internal.DefaultFileLockManager] Waiting to acquire shared lock on daemon addresses registry.
2026-05-16T16:54:57.500+0600 [DEBUG] [org.gradle.cache.internal.DefaultFileLockManager] Lock acquired on daemon addresses registry.
2026-05-16T16:54:57.500+0600 [DEBUG] [org.gradle.cache.internal.DefaultFileLockManager] Releasing lock on daemon addresses registry.
2026-05-16T16:55:07.497+0600 [DEBUG] [org.gradle.cache.internal.DefaultFileLockManager] Waiting to acquire shared lock on daemon addresses registry.
2026-05-16T16:55:07.497+0600 [DEBUG] [org.gradle.cache.internal.DefaultFileLockManager] Lock acquired on daemon addresses registry.
2026-05-16T16:55:07.498+0600 [DEBUG] [org.gradle.cache.internal.DefaultFileLockManager] Releasing lock on daemon addresses registry.
2026-05-16T16:55:07.499+0600 [DEBUG] [org.gradle.cache.internal.DefaultFileLockManager] Waiting to acquire shared lock on daemon addresses registry.
2026-05-16T16:55:07.499+0600 [DEBUG] [org.gradle.cache.internal.DefaultFileLockManager] Lock acquired on daemon addresses registry.
2026-05-16T16:55:07.499+0600 [DEBUG] [org.gradle.cache.internal.DefaultFileLockManager] Releasing lock on daemon addresses registry.
2026-05-16T16:55:07.500+0600 [DEBUG] [org.gradle.cache.internal.DefaultFileLockManager] Waiting to acquire shared lock on daemon addresses registry.
2026-05-16T16:55:07.500+0600 [DEBUG] [org.gradle.cache.internal.DefaultFileLockManager] Lock acquired on daemon addresses registry.
2026-05-16T16:55:07.500+0600 [DEBUG] [org.gradle.cache.internal.DefaultFileLockManager] Releasing lock on daemon addresses registry.
2026-05-16T16:55:17.496+0600 [DEBUG] [org.gradle.cache.internal.DefaultFileLockManager] Waiting to acquire shared lock on daemon addresses registry.
2026-05-16T16:55:17.497+0600 [DEBUG] [org.gradle.cache.internal.DefaultFileLockManager] Lock acquired on daemon addresses registry.
2026-05-16T16:55:17.497+0600 [DEBUG] [org.gradle.cache.internal.DefaultFileLockManager] Releasing lock on daemon addresses registry.
2026-05-16T16:55:17.498+0600 [DEBUG] [org.gradle.cache.internal.DefaultFileLockManager] Waiting to acquire shared lock on daemon addresses registry.
2026-05-16T16:55:17.498+0600 [DEBUG] [org.gradle.cache.internal.DefaultFileLockManager] Lock acquired on daemon addresses registry.
2026-05-16T16:55:17.498+0600 [DEBUG] [org.gradle.cache.internal.DefaultFileLockManager] Releasing lock on daemon addresses registry.
2026-05-16T16:55:17.499+0600 [DEBUG] [org.gradle.cache.internal.DefaultFileLockManager] Waiting to acquire shared lock on daemon addresses registry.
2026-05-16T16:55:17.499+0600 [DEBUG] [org.gradle.cache.internal.DefaultFileLockManager] Lock acquired on daemon addresses registry.
2026-05-16T16:55:17.499+0600 [DEBUG] [org.gradle.cache.internal.DefaultFileLockManager] Releasing lock on daemon addresses registry.
2026-05-16T16:55:27.496+0600 [DEBUG] [org.gradle.cache.internal.DefaultFileLockManager] Waiting to acquire shared lock on daemon addresses registry.
2026-05-16T16:55:27.497+0600 [DEBUG] [org.gradle.cache.internal.DefaultFileLockManager] Lock acquired on daemon addresses registry.
2026-05-16T16:55:27.498+0600 [DEBUG] [org.gradle.cache.internal.DefaultFileLockManager] Releasing lock on daemon addresses registry.
2026-05-16T16:55:27.498+0600 [DEBUG] [org.gradle.cache.internal.DefaultFileLockManager] Waiting to acquire shared lock on daemon addresses registry.
2026-05-16T16:55:27.499+0600 [DEBUG] [org.gradle.cache.internal.DefaultFileLockManager] Lock acquired on daemon addresses registry.
2026-05-16T16:55:27.499+0600 [DEBUG] [org.gradle.cache.internal.DefaultFileLockManager] Releasing lock on daemon addresses registry.
2026-05-16T16:55:27.500+0600 [DEBUG] [org.gradle.cache.internal.DefaultFileLockManager] Waiting to acquire shared lock on daemon addresses registry.
2026-05-16T16:55:27.500+0600 [DEBUG] [org.gradle.cache.internal.DefaultFileLockManager] Lock acquired on daemon addresses registry.
2026-05-16T16:55:27.500+0600 [DEBUG] [org.gradle.cache.internal.DefaultFileLockManager] Releasing lock on daemon addresses registry.
2026-05-16T16:55:37.497+0600 [DEBUG] [org.gradle.cache.internal.DefaultFileLockManager] Waiting to acquire shared lock on daemon addresses registry.
2026-05-16T16:55:37.498+0600 [DEBUG] [org.gradle.cache.internal.DefaultFileLockManager] Lock acquired on daemon addresses registry.
2026-05-16T16:55:37.498+0600 [DEBUG] [org.gradle.cache.internal.DefaultFileLockManager] Releasing lock on daemon addresses registry.
2026-05-16T16:55:37.499+0600 [DEBUG] [org.gradle.cache.internal.DefaultFileLockManager] Waiting to acquire shared lock on daemon addresses registry.
2026-05-16T16:55:37.499+0600 [DEBUG] [org.gradle.cache.internal.DefaultFileLockManager] Lock acquired on daemon addresses registry.
2026-05-16T16:55:37.499+0600 [DEBUG] [org.gradle.cache.internal.DefaultFileLockManager] Releasing lock on daemon addresses registry.
2026-05-16T16:55:37.499+0600 [DEBUG] [org.gradle.cache.internal.DefaultFileLockManager] Waiting to acquire shared lock on daemon addresses registry.
2026-05-16T16:55:37.499+0600 [DEBUG] [org.gradle.cache.internal.DefaultFileLockManager] Lock acquired on daemon addresses registry.
2026-05-16T16:55:37.500+0600 [DEBUG] [org.gradle.cache.internal.DefaultFileLockManager] Releasing lock on daemon addresses registry.
2026-05-16T16:55:47.499+0600 [DEBUG] [org.gradle.cache.internal.DefaultFileLockManager] Waiting to acquire shared lock on daemon addresses registry.
2026-05-16T16:55:47.500+0600 [DEBUG] [org.gradle.cache.internal.DefaultFileLockManager] Lock acquired on daemon addresses registry.
2026-05-16T16:55:47.502+0600 [DEBUG] [org.gradle.cache.internal.DefaultFileLockManager] Releasing lock on daemon addresses registry.
2026-05-16T16:55:47.503+0600 [DEBUG] [org.gradle.cache.internal.DefaultFileLockManager] Waiting to acquire shared lock on daemon addresses registry.
2026-05-16T16:55:47.503+0600 [DEBUG] [org.gradle.cache.internal.DefaultFileLockManager] Lock acquired on daemon addresses registry.
2026-05-16T16:55:47.504+0600 [DEBUG] [org.gradle.cache.internal.DefaultFileLockManager] Releasing lock on daemon addresses registry.
2026-05-16T16:55:47.504+0600 [DEBUG] [org.gradle.cache.internal.DefaultFileLockManager] Waiting to acquire shared lock on daemon addresses registry.
2026-05-16T16:55:47.504+0600 [DEBUG] [org.gradle.cache.internal.DefaultFileLockManager] Lock acquired on daemon addresses registry.
2026-05-16T16:55:47.505+0600 [DEBUG] [org.gradle.cache.internal.DefaultFileLockManager] Releasing lock on daemon addresses registry.
2026-05-16T16:55:57.499+0600 [DEBUG] [org.gradle.cache.internal.DefaultFileLockManager] Waiting to acquire shared lock on daemon addresses registry.
2026-05-16T16:55:57.499+0600 [DEBUG] [org.gradle.cache.internal.DefaultFileLockManager] Lock acquired on daemon addresses registry.
2026-05-16T16:55:57.501+0600 [DEBUG] [org.gradle.cache.internal.DefaultFileLockManager] Releasing lock on daemon addresses registry.
2026-05-16T16:55:57.502+0600 [DEBUG] [org.gradle.cache.internal.DefaultFileLockManager] Waiting to acquire shared lock on daemon addresses registry.
2026-05-16T16:55:57.502+0600 [DEBUG] [org.gradle.cache.internal.DefaultFileLockManager] Lock acquired on daemon addresses registry.
2026-05-16T16:55:57.503+0600 [DEBUG] [org.gradle.cache.internal.DefaultFileLockManager] Releasing lock on daemon addresses registry.
2026-05-16T16:55:57.503+0600 [DEBUG] [org.gradle.cache.internal.DefaultFileLockManager] Waiting to acquire shared lock on daemon addresses registry.
2026-05-16T16:55:57.504+0600 [DEBUG] [org.gradle.cache.internal.DefaultFileLockManager] Lock acquired on daemon addresses registry.
2026-05-16T16:55:57.504+0600 [DEBUG] [org.gradle.cache.internal.DefaultFileLockManager] Releasing lock on daemon addresses registry.
2026-05-16T16:56:07.499+0600 [DEBUG] [org.gradle.cache.internal.DefaultFileLockManager] Waiting to acquire shared lock on daemon addresses registry.
2026-05-16T16:56:07.500+0600 [DEBUG] [org.gradle.cache.internal.DefaultFileLockManager] Lock acquired on daemon addresses registry.
2026-05-16T16:56:07.501+0600 [DEBUG] [org.gradle.cache.internal.DefaultFileLockManager] Releasing lock on daemon addresses registry.
2026-05-16T16:56:07.502+0600 [DEBUG] [org.gradle.cache.internal.DefaultFileLockManager] Waiting to acquire shared lock on daemon addresses registry.
2026-05-16T16:56:07.502+0600 [DEBUG] [org.gradle.cache.internal.DefaultFileLockManager] Lock acquired on daemon addresses registry.
2026-05-16T16:56:07.502+0600 [DEBUG] [org.gradle.cache.internal.DefaultFileLockManager] Releasing lock on daemon addresses registry.
2026-05-16T16:56:07.503+0600 [DEBUG] [org.gradle.cache.internal.DefaultFileLockManager] Waiting to acquire shared lock on daemon addresses registry.
2026-05-16T16:56:07.503+0600 [DEBUG] [org.gradle.cache.internal.DefaultFileLockManager] Lock acquired on daemon addresses registry.
2026-05-16T16:56:07.504+0600 [DEBUG] [org.gradle.cache.internal.DefaultFileLockManager] Releasing lock on daemon addresses registry.
2026-05-16T16:56:17.500+0600 [DEBUG] [org.gradle.cache.internal.DefaultFileLockManager] Waiting to acquire shared lock on daemon addresses registry.
2026-05-16T16:56:17.501+0600 [DEBUG] [org.gradle.cache.internal.DefaultFileLockManager] Lock acquired on daemon addresses registry.
2026-05-16T16:56:17.502+0600 [DEBUG] [org.gradle.cache.internal.DefaultFileLockManager] Releasing lock on daemon addresses registry.
2026-05-16T16:56:17.503+0600 [DEBUG] [org.gradle.cache.internal.DefaultFileLockManager] Waiting to acquire shared lock on daemon addresses registry.
2026-05-16T16:56:17.503+0600 [DEBUG] [org.gradle.cache.internal.DefaultFileLockManager] Lock acquired on daemon addresses registry.
2026-05-16T16:56:17.504+0600 [DEBUG] [org.gradle.cache.internal.DefaultFileLockManager] Releasing lock on daemon addresses registry.
2026-05-16T16:56:17.504+0600 [DEBUG] [org.gradle.cache.internal.DefaultFileLockManager] Waiting to acquire shared lock on daemon addresses registry.
2026-05-16T16:56:17.504+0600 [DEBUG] [org.gradle.cache.internal.DefaultFileLockManager] Lock acquired on daemon addresses registry.
2026-05-16T16:56:17.505+0600 [DEBUG] [org.gradle.cache.internal.DefaultFileLockManager] Releasing lock on daemon addresses registry.
2026-05-16T16:56:27.497+0600 [DEBUG] [org.gradle.cache.internal.DefaultFileLockManager] Waiting to acquire shared lock on daemon addresses registry.
2026-05-16T16:56:27.498+0600 [DEBUG] [org.gradle.cache.internal.DefaultFileLockManager] Lock acquired on daemon addresses registry.
2026-05-16T16:56:27.498+0600 [DEBUG] [org.gradle.cache.internal.DefaultFileLockManager] Releasing lock on daemon addresses registry.
2026-05-16T16:56:27.499+0600 [DEBUG] [org.gradle.cache.internal.DefaultFileLockManager] Waiting to acquire shared lock on daemon addresses registry.
2026-05-16T16:56:27.499+0600 [DEBUG] [org.gradle.cache.internal.DefaultFileLockManager] Lock acquired on daemon addresses registry.
2026-05-16T16:56:27.500+0600 [DEBUG] [org.gradle.cache.internal.DefaultFileLockManager] Releasing lock on daemon addresses registry.
2026-05-16T16:56:27.500+0600 [DEBUG] [org.gradle.cache.internal.DefaultFileLockManager] Waiting to acquire shared lock on daemon addresses registry.
2026-05-16T16:56:27.500+0600 [DEBUG] [org.gradle.cache.internal.DefaultFileLockManager] Lock acquired on daemon addresses registry.
2026-05-16T16:56:27.501+0600 [DEBUG] [org.gradle.cache.internal.DefaultFileLockManager] Releasing lock on daemon addresses registry.
2026-05-16T16:56:37.501+0600 [DEBUG] [org.gradle.cache.internal.DefaultFileLockManager] Waiting to acquire shared lock on daemon addresses registry.
2026-05-16T16:56:37.503+0600 [DEBUG] [org.gradle.process.internal.health.memory.DefaultMemoryManager] 858993459 physical memory requested, 850083840 free
2026-05-16T16:56:37.507+0600 [DEBUG] [org.gradle.cache.internal.DefaultFileLockManager] Lock acquired on daemon addresses registry.
2026-05-16T16:56:37.507+0600 [DEBUG] [org.gradle.workers.internal.WorkerDaemonExpiration] Will attempt to release 819 of memory
2026-05-16T16:56:37.509+0600 [DEBUG] [org.gradle.process.internal.health.memory.DefaultMemoryManager] 858993459 physical memory requested, 0 released, 850083840 free
2026-05-16T16:56:37.509+0600 [DEBUG] [org.gradle.cache.internal.DefaultFileLockManager] Releasing lock on daemon addresses registry.
2026-05-16T16:56:37.510+0600 [DEBUG] [org.gradle.cache.internal.DefaultFileLockManager] Waiting to acquire shared lock on daemon addresses registry.
2026-05-16T16:56:37.511+0600 [DEBUG] [org.gradle.cache.internal.DefaultFileLockManager] Lock acquired on daemon addresses registry.
2026-05-16T16:56:37.511+0600 [DEBUG] [org.gradle.cache.internal.DefaultFileLockManager] Releasing lock on daemon addresses registry.
2026-05-16T16:56:37.511+0600 [DEBUG] [org.gradle.cache.internal.DefaultFileLockManager] Waiting to acquire shared lock on daemon addresses registry.
2026-05-16T16:56:37.511+0600 [DEBUG] [org.gradle.cache.internal.DefaultFileLockManager] Lock acquired on daemon addresses registry.
2026-05-16T16:56:37.512+0600 [DEBUG] [org.gradle.cache.internal.DefaultFileLockManager] Releasing lock on daemon addresses registry.
2026-05-16T16:56:42.515+0600 [DEBUG] [org.gradle.process.internal.health.memory.DefaultMemoryManager] 858993459 physical memory requested, 671105024 free
2026-05-16T16:56:42.529+0600 [DEBUG] [org.gradle.workers.internal.WorkerDaemonExpiration] Will attempt to release 819 of memory
2026-05-16T16:56:42.531+0600 [DEBUG] [org.gradle.process.internal.health.memory.DefaultMemoryManager] 858993459 physical memory requested, 0 released, 671105024 free
2026-05-16T16:56:47.498+0600 [DEBUG] [org.gradle.cache.internal.DefaultFileLockManager] Waiting to acquire shared lock on daemon addresses registry.
2026-05-16T16:56:47.503+0600 [DEBUG] [org.gradle.cache.internal.DefaultFileLockManager] Lock acquired on daemon addresses registry.
2026-05-16T16:56:47.506+0600 [DEBUG] [org.gradle.cache.internal.DefaultFileLockManager] Releasing lock on daemon addresses registry.
2026-05-16T16:56:47.511+0600 [DEBUG] [org.gradle.cache.internal.DefaultFileLockManager] Waiting to acquire shared lock on daemon addresses registry.
2026-05-16T16:56:47.511+0600 [DEBUG] [org.gradle.cache.internal.DefaultFileLockManager] Lock acquired on daemon addresses registry.
2026-05-16T16:56:47.511+0600 [DEBUG] [org.gradle.cache.internal.DefaultFileLockManager] Releasing lock on daemon addresses registry.
2026-05-16T16:56:47.513+0600 [DEBUG] [org.gradle.cache.internal.DefaultFileLockManager] Waiting to acquire shared lock on daemon addresses registry.
2026-05-16T16:56:47.513+0600 [DEBUG] [org.gradle.cache.internal.DefaultFileLockManager] Lock acquired on daemon addresses registry.
2026-05-16T16:56:47.513+0600 [DEBUG] [org.gradle.cache.internal.DefaultFileLockManager] Releasing lock on daemon addresses registry.
2026-05-16T16:56:57.496+0600 [DEBUG] [org.gradle.cache.internal.DefaultFileLockManager] Waiting to acquire shared lock on daemon addresses registry.
2026-05-16T16:56:57.499+0600 [DEBUG] [org.gradle.cache.internal.DefaultFileLockManager] Lock acquired on daemon addresses registry.
2026-05-16T16:56:57.500+0600 [DEBUG] [org.gradle.cache.internal.DefaultFileLockManager] Releasing lock on daemon addresses registry.
2026-05-16T16:56:57.505+0600 [DEBUG] [org.gradle.cache.internal.DefaultFileLockManager] Waiting to acquire shared lock on daemon addresses registry.
2026-05-16T16:56:57.505+0600 [DEBUG] [org.gradle.cache.internal.DefaultFileLockManager] Lock acquired on daemon addresses registry.
2026-05-16T16:56:57.506+0600 [DEBUG] [org.gradle.cache.internal.DefaultFileLockManager] Releasing lock on daemon addresses registry.
2026-05-16T16:56:57.506+0600 [DEBUG] [org.gradle.cache.internal.DefaultFileLockManager] Waiting to acquire shared lock on daemon addresses registry.
2026-05-16T16:56:57.508+0600 [DEBUG] [org.gradle.cache.internal.DefaultFileLockManager] Lock acquired on daemon addresses registry.
2026-05-16T16:56:57.508+0600 [DEBUG] [org.gradle.cache.internal.DefaultFileLockManager] Releasing lock on daemon addresses registry.
2026-05-16T16:57:07.501+0600 [DEBUG] [org.gradle.cache.internal.DefaultFileLockManager] Waiting to acquire shared lock on daemon addresses registry.
2026-05-16T16:57:07.503+0600 [DEBUG] [org.gradle.cache.internal.DefaultFileLockManager] Lock acquired on daemon addresses registry.
2026-05-16T16:57:07.504+0600 [DEBUG] [org.gradle.cache.internal.DefaultFileLockManager] Releasing lock on daemon addresses registry.
2026-05-16T16:57:07.505+0600 [DEBUG] [org.gradle.cache.internal.DefaultFileLockManager] Waiting to acquire shared lock on daemon addresses registry.
2026-05-16T16:57:07.506+0600 [DEBUG] [org.gradle.cache.internal.DefaultFileLockManager] Lock acquired on daemon addresses registry.
2026-05-16T16:57:07.506+0600 [DEBUG] [org.gradle.cache.internal.DefaultFileLockManager] Releasing lock on daemon addresses registry.
2026-05-16T16:57:07.507+0600 [DEBUG] [org.gradle.cache.internal.DefaultFileLockManager] Waiting to acquire shared lock on daemon addresses registry.
2026-05-16T16:57:07.507+0600 [DEBUG] [org.gradle.cache.internal.DefaultFileLockManager] Lock acquired on daemon addresses registry.
2026-05-16T16:57:07.508+0600 [DEBUG] [org.gradle.cache.internal.DefaultFileLockManager] Releasing lock on daemon addresses registry.
2026-05-16T16:57:17.500+0600 [DEBUG] [org.gradle.cache.internal.DefaultFileLockManager] Waiting to acquire shared lock on daemon addresses registry.
2026-05-16T16:57:17.506+0600 [DEBUG] [org.gradle.cache.internal.DefaultFileLockManager] Lock acquired on daemon addresses registry.
2026-05-16T16:57:17.507+0600 [DEBUG] [org.gradle.cache.internal.DefaultFileLockManager] Releasing lock on daemon addresses registry.
2026-05-16T16:57:17.508+0600 [DEBUG] [org.gradle.cache.internal.DefaultFileLockManager] Waiting to acquire shared lock on daemon addresses registry.
2026-05-16T16:57:17.508+0600 [DEBUG] [org.gradle.cache.internal.DefaultFileLockManager] Lock acquired on daemon addresses registry.
2026-05-16T16:57:17.508+0600 [DEBUG] [org.gradle.cache.internal.DefaultFileLockManager] Releasing lock on daemon addresses registry.
2026-05-16T16:57:17.509+0600 [DEBUG] [org.gradle.cache.internal.DefaultFileLockManager] Waiting to acquire shared lock on daemon addresses registry.
2026-05-16T16:57:17.509+0600 [DEBUG] [org.gradle.cache.internal.DefaultFileLockManager] Lock acquired on daemon addresses registry.
2026-05-16T16:57:17.509+0600 [DEBUG] [org.gradle.cache.internal.DefaultFileLockManager] Releasing lock on daemon addresses registry.
2026-05-16T16:57:20.046+0600 [DEBUG] [sun.rmi.transport.tcp] RMI TCP Connection(5)-127.0.0.1: accepted socket from [127.0.0.1:62928]
2026-05-16T16:57:20.062+0600 [DEBUG] [sun.rmi.transport.tcp] RMI TCP Connection(5)-127.0.0.1: (port 61979) op = 80
2026-05-16T16:57:20.071+0600 [DEBUG] [sun.rmi.loader] RMI TCP Connection(5)-127.0.0.1: name = "[Ljava.rmi.server.ObjID;", codebase = "", defaultLoader = jdk.internal.loader.ClassLoaders$PlatformClassLoader@6cecc8a4
2026-05-16T16:57:20.075+0600 [DEBUG] [sun.rmi.loader] RMI TCP Connection(5)-127.0.0.1: name = "java.rmi.dgc.Lease", codebase = "", defaultLoader = jdk.internal.loader.ClassLoaders$PlatformClassLoader@6cecc8a4
2026-05-16T16:57:20.076+0600 [DEBUG] [sun.rmi.loader] RMI TCP Connection(5)-127.0.0.1: name = "java.rmi.dgc.VMID", codebase = "", defaultLoader = jdk.internal.loader.ClassLoaders$PlatformClassLoader@6cecc8a4
2026-05-16T16:57:20.076+0600 [DEBUG] [sun.rmi.loader] RMI TCP Connection(5)-127.0.0.1: name = "[B", codebase = "", defaultLoader = jdk.internal.loader.ClassLoaders$PlatformClassLoader@6cecc8a4
2026-05-16T16:57:20.077+0600 [DEBUG] [sun.rmi.loader] RMI TCP Connection(5)-127.0.0.1: name = "java.rmi.server.UID", codebase = "", defaultLoader = jdk.internal.loader.ClassLoaders$PlatformClassLoader@6cecc8a4
2026-05-16T16:57:27.501+0600 [DEBUG] [org.gradle.cache.internal.DefaultFileLockManager] Waiting to acquire shared lock on daemon addresses registry.
2026-05-16T16:57:27.505+0600 [DEBUG] [org.gradle.cache.internal.DefaultFileLockManager] Lock acquired on daemon addresses registry.
2026-05-16T16:57:27.506+0600 [DEBUG] [org.gradle.cache.internal.DefaultFileLockManager] Releasing lock on daemon addresses registry.
2026-05-16T16:57:27.507+0600 [DEBUG] [org.gradle.cache.internal.DefaultFileLockManager] Waiting to acquire shared lock on daemon addresses registry.
2026-05-16T16:57:27.508+0600 [DEBUG] [org.gradle.cache.internal.DefaultFileLockManager] Lock acquired on daemon addresses registry.
2026-05-16T16:57:27.522+0600 [DEBUG] [org.gradle.cache.internal.DefaultFileLockManager] Releasing lock on daemon addresses registry.
2026-05-16T16:57:27.522+0600 [DEBUG] [org.gradle.cache.internal.DefaultFileLockManager] Waiting to acquire shared lock on daemon addresses registry.
2026-05-16T16:57:27.523+0600 [DEBUG] [org.gradle.cache.internal.DefaultFileLockManager] Lock acquired on daemon addresses registry.
2026-05-16T16:57:27.523+0600 [DEBUG] [org.gradle.cache.internal.DefaultFileLockManager] Releasing lock on daemon addresses registry.
2026-05-16T16:57:35.117+0600 [DEBUG] [sun.rmi.transport.tcp] RMI TCP Connection(5)-127.0.0.1: (port 61979) connection closed
2026-05-16T16:57:35.128+0600 [DEBUG] [sun.rmi.transport.tcp] RMI TCP Connection(5)-127.0.0.1: close connection, socket: Socket[addr=/127.0.0.1,port=62928,localport=61979]
2026-05-16T16:57:35.139+0600 [DEBUG] [sun.rmi.transport.tcp] RMI TCP Connection(5)-127.0.0.1: socket close: Socket[addr=/127.0.0.1,port=62928,localport=61979]
2026-05-16T16:57:37.496+0600 [DEBUG] [org.gradle.cache.internal.DefaultFileLockManager] Waiting to acquire shared lock on daemon addresses registry.
2026-05-16T16:57:37.497+0600 [DEBUG] [org.gradle.cache.internal.DefaultFileLockManager] Lock acquired on daemon addresses registry.
2026-05-16T16:57:37.497+0600 [DEBUG] [org.gradle.cache.internal.DefaultFileLockManager] Releasing lock on daemon addresses registry.
2026-05-16T16:57:37.498+0600 [DEBUG] [org.gradle.cache.internal.DefaultFileLockManager] Waiting to acquire shared lock on daemon addresses registry.
2026-05-16T16:57:37.508+0600 [DEBUG] [org.gradle.cache.internal.DefaultFileLockManager] Lock acquired on daemon addresses registry.
2026-05-16T16:57:37.509+0600 [DEBUG] [org.gradle.cache.internal.DefaultFileLockManager] Releasing lock on daemon addresses registry.
2026-05-16T16:57:37.509+0600 [DEBUG] [org.gradle.cache.internal.DefaultFileLockManager] Waiting to acquire shared lock on daemon addresses registry.
2026-05-16T16:57:37.510+0600 [DEBUG] [org.gradle.cache.internal.DefaultFileLockManager] Lock acquired on daemon addresses registry.
2026-05-16T16:57:37.510+0600 [DEBUG] [org.gradle.cache.internal.DefaultFileLockManager] Releasing lock on daemon addresses registry.
2026-05-16T16:57:47.495+0600 [DEBUG] [org.gradle.cache.internal.DefaultFileLockManager] Waiting to acquire shared lock on daemon addresses registry.
2026-05-16T16:57:47.497+0600 [DEBUG] [org.gradle.cache.internal.DefaultFileLockManager] Lock acquired on daemon addresses registry.
2026-05-16T16:57:47.498+0600 [DEBUG] [org.gradle.cache.internal.DefaultFileLockManager] Releasing lock on daemon addresses registry.
2026-05-16T16:57:47.499+0600 [DEBUG] [org.gradle.cache.internal.DefaultFileLockManager] Waiting to acquire shared lock on daemon addresses registry.
2026-05-16T16:57:47.499+0600 [DEBUG] [org.gradle.cache.internal.DefaultFileLockManager] Lock acquired on daemon addresses registry.
2026-05-16T16:57:47.500+0600 [DEBUG] [org.gradle.cache.internal.DefaultFileLockManager] Releasing lock on daemon addresses registry.
2026-05-16T16:57:47.501+0600 [DEBUG] [org.gradle.cache.internal.DefaultFileLockManager] Waiting to acquire shared lock on daemon addresses registry.
2026-05-16T16:57:47.501+0600 [DEBUG] [org.gradle.cache.internal.DefaultFileLockManager] Lock acquired on daemon addresses registry.
2026-05-16T16:57:47.501+0600 [DEBUG] [org.gradle.cache.internal.DefaultFileLockManager] Releasing lock on daemon addresses registry.
2026-05-16T16:57:57.501+0600 [DEBUG] [org.gradle.cache.internal.DefaultFileLockManager] Waiting to acquire shared lock on daemon addresses registry.
2026-05-16T16:57:57.507+0600 [DEBUG] [org.gradle.cache.internal.DefaultFileLockManager] Lock acquired on daemon addresses registry.
2026-05-16T16:57:57.509+0600 [DEBUG] [org.gradle.cache.internal.DefaultFileLockManager] Releasing lock on daemon addresses registry.
2026-05-16T16:57:57.510+0600 [DEBUG] [org.gradle.cache.internal.DefaultFileLockManager] Waiting to acquire shared lock on daemon addresses registry.
2026-05-16T16:57:57.510+0600 [DEBUG] [org.gradle.cache.internal.DefaultFileLockManager] Lock acquired on daemon addresses registry.
2026-05-16T16:57:57.512+0600 [DEBUG] [org.gradle.cache.internal.DefaultFileLockManager] Releasing lock on daemon addresses registry.
2026-05-16T16:57:57.512+0600 [DEBUG] [org.gradle.cache.internal.DefaultFileLockManager] Waiting to acquire shared lock on daemon addresses registry.
2026-05-16T16:57:57.513+0600 [DEBUG] [org.gradle.cache.internal.DefaultFileLockManager] Lock acquired on daemon addresses registry.
2026-05-16T16:57:57.513+0600 [DEBUG] [org.gradle.cache.internal.DefaultFileLockManager] Releasing lock on daemon addresses registry.
2026-05-16T16:58:07.497+0600 [DEBUG] [org.gradle.cache.internal.DefaultFileLockManager] Waiting to acquire shared lock on daemon addresses registry.
2026-05-16T16:58:07.500+0600 [DEBUG] [org.gradle.cache.internal.DefaultFileLockManager] Lock acquired on daemon addresses registry.
2026-05-16T16:58:07.501+0600 [DEBUG] [org.gradle.cache.internal.DefaultFileLockManager] Releasing lock on daemon addresses registry.
2026-05-16T16:58:07.502+0600 [DEBUG] [org.gradle.cache.internal.DefaultFileLockManager] Waiting to acquire shared lock on daemon addresses registry.
2026-05-16T16:58:07.502+0600 [DEBUG] [org.gradle.cache.internal.DefaultFileLockManager] Lock acquired on daemon addresses registry.
2026-05-16T16:58:07.503+0600 [DEBUG] [org.gradle.cache.internal.DefaultFileLockManager] Releasing lock on daemon addresses registry.
2026-05-16T16:58:07.503+0600 [DEBUG] [org.gradle.cache.internal.DefaultFileLockManager] Waiting to acquire shared lock on daemon addresses registry.
2026-05-16T16:58:07.503+0600 [DEBUG] [org.gradle.cache.internal.DefaultFileLockManager] Lock acquired on daemon addresses registry.
2026-05-16T16:58:07.504+0600 [DEBUG] [org.gradle.cache.internal.DefaultFileLockManager] Releasing lock on daemon addresses registry.
2026-05-16T16:58:17.499+0600 [DEBUG] [org.gradle.cache.internal.DefaultFileLockManager] Waiting to acquire shared lock on daemon addresses registry.
2026-05-16T16:58:17.500+0600 [DEBUG] [org.gradle.cache.internal.DefaultFileLockManager] Lock acquired on daemon addresses registry.
2026-05-16T16:58:17.500+0600 [DEBUG] [org.gradle.cache.internal.DefaultFileLockManager] Releasing lock on daemon addresses registry.
2026-05-16T16:58:17.501+0600 [DEBUG] [org.gradle.cache.internal.DefaultFileLockManager] Waiting to acquire shared lock on daemon addresses registry.
2026-05-16T16:58:17.501+0600 [DEBUG] [org.gradle.cache.internal.DefaultFileLockManager] Lock acquired on daemon addresses registry.
2026-05-16T16:58:17.502+0600 [DEBUG] [org.gradle.cache.internal.DefaultFileLockManager] Releasing lock on daemon addresses registry.
2026-05-16T16:58:17.502+0600 [DEBUG] [org.gradle.cache.internal.DefaultFileLockManager] Waiting to acquire shared lock on daemon addresses registry.
2026-05-16T16:58:17.502+0600 [DEBUG] [org.gradle.cache.internal.DefaultFileLockManager] Lock acquired on daemon addresses registry.
2026-05-16T16:58:17.503+0600 [DEBUG] [org.gradle.cache.internal.DefaultFileLockManager] Releasing lock on daemon addresses registry.
2026-05-16T16:58:27.496+0600 [DEBUG] [org.gradle.cache.internal.DefaultFileLockManager] Waiting to acquire shared lock on daemon addresses registry.
2026-05-16T16:58:27.497+0600 [DEBUG] [org.gradle.cache.internal.DefaultFileLockManager] Lock acquired on daemon addresses registry.
2026-05-16T16:58:27.498+0600 [DEBUG] [org.gradle.cache.internal.DefaultFileLockManager] Releasing lock on daemon addresses registry.
2026-05-16T16:58:27.499+0600 [DEBUG] [org.gradle.cache.internal.DefaultFileLockManager] Waiting to acquire shared lock on daemon addresses registry.
2026-05-16T16:58:27.499+0600 [DEBUG] [org.gradle.cache.internal.DefaultFileLockManager] Lock acquired on daemon addresses registry.
2026-05-16T16:58:27.499+0600 [DEBUG] [org.gradle.cache.internal.DefaultFileLockManager] Releasing lock on daemon addresses registry.
2026-05-16T16:58:27.500+0600 [DEBUG] [org.gradle.cache.internal.DefaultFileLockManager] Waiting to acquire shared lock on daemon addresses registry.
2026-05-16T16:58:27.500+0600 [DEBUG] [org.gradle.cache.internal.DefaultFileLockManager] Lock acquired on daemon addresses registry.
2026-05-16T16:58:27.500+0600 [DEBUG] [org.gradle.cache.internal.DefaultFileLockManager] Releasing lock on daemon addresses registry.
2026-05-16T16:58:37.500+0600 [DEBUG] [org.gradle.cache.internal.DefaultFileLockManager] Waiting to acquire shared lock on daemon addresses registry.
2026-05-16T16:58:37.503+0600 [DEBUG] [org.gradle.cache.internal.DefaultFileLockManager] Lock acquired on daemon addresses registry.
2026-05-16T16:58:37.504+0600 [DEBUG] [org.gradle.cache.internal.DefaultFileLockManager] Releasing lock on daemon addresses registry.
2026-05-16T16:58:37.505+0600 [DEBUG] [org.gradle.cache.internal.DefaultFileLockManager] Waiting to acquire shared lock on daemon addresses registry.
2026-05-16T16:58:37.505+0600 [DEBUG] [org.gradle.cache.internal.DefaultFileLockManager] Lock acquired on daemon addresses registry.
2026-05-16T16:58:37.506+0600 [DEBUG] [org.gradle.cache.internal.DefaultFileLockManager] Releasing lock on daemon addresses registry.
2026-05-16T16:58:37.506+0600 [DEBUG] [org.gradle.cache.internal.DefaultFileLockManager] Waiting to acquire shared lock on daemon addresses registry.
2026-05-16T16:58:37.507+0600 [DEBUG] [org.gradle.cache.internal.DefaultFileLockManager] Lock acquired on daemon addresses registry.
2026-05-16T16:58:37.507+0600 [DEBUG] [org.gradle.cache.internal.DefaultFileLockManager] Releasing lock on daemon addresses registry.
2026-05-16T16:58:47.500+0600 [DEBUG] [org.gradle.cache.internal.DefaultFileLockManager] Waiting to acquire shared lock on daemon addresses registry.
2026-05-16T16:58:47.501+0600 [DEBUG] [org.gradle.cache.internal.DefaultFileLockManager] Lock acquired on daemon addresses registry.
2026-05-16T16:58:47.503+0600 [DEBUG] [org.gradle.cache.internal.DefaultFileLockManager] Releasing lock on daemon addresses registry.
2026-05-16T16:58:47.504+0600 [DEBUG] [org.gradle.cache.internal.DefaultFileLockManager] Waiting to acquire shared lock on daemon addresses registry.
2026-05-16T16:58:47.504+0600 [DEBUG] [org.gradle.cache.internal.DefaultFileLockManager] Lock acquired on daemon addresses registry.
2026-05-16T16:58:47.504+0600 [DEBUG] [org.gradle.cache.internal.DefaultFileLockManager] Releasing lock on daemon addresses registry.
2026-05-16T16:58:47.506+0600 [DEBUG] [org.gradle.cache.internal.DefaultFileLockManager] Waiting to acquire shared lock on daemon addresses registry.
2026-05-16T16:58:47.506+0600 [DEBUG] [org.gradle.cache.internal.DefaultFileLockManager] Lock acquired on daemon addresses registry.
2026-05-16T16:58:47.507+0600 [DEBUG] [org.gradle.cache.internal.DefaultFileLockManager] Releasing lock on daemon addresses registry.
2026-05-16T16:58:57.501+0600 [DEBUG] [org.gradle.cache.internal.DefaultFileLockManager] Waiting to acquire shared lock on daemon addresses registry.
2026-05-16T16:58:57.501+0600 [DEBUG] [org.gradle.cache.internal.DefaultFileLockManager] Lock acquired on daemon addresses registry.
2026-05-16T16:58:57.502+0600 [DEBUG] [org.gradle.cache.internal.DefaultFileLockManager] Releasing lock on daemon addresses registry.
2026-05-16T16:58:57.503+0600 [DEBUG] [org.gradle.cache.internal.DefaultFileLockManager] Waiting to acquire shared lock on daemon addresses registry.
2026-05-16T16:58:57.503+0600 [DEBUG] [org.gradle.cache.internal.DefaultFileLockManager] Lock acquired on daemon addresses registry.
2026-05-16T16:58:57.504+0600 [DEBUG] [org.gradle.cache.internal.DefaultFileLockManager] Releasing lock on daemon addresses registry.
2026-05-16T16:58:57.504+0600 [DEBUG] [org.gradle.cache.internal.DefaultFileLockManager] Waiting to acquire shared lock on daemon addresses registry.
2026-05-16T16:58:57.505+0600 [DEBUG] [org.gradle.cache.internal.DefaultFileLockManager] Lock acquired on daemon addresses registry.
2026-05-16T16:58:57.506+0600 [DEBUG] [org.gradle.cache.internal.DefaultFileLockManager] Releasing lock on daemon addresses registry.
2026-05-16T16:59:07.502+0600 [DEBUG] [org.gradle.cache.internal.DefaultFileLockManager] Waiting to acquire shared lock on daemon addresses registry.
2026-05-16T16:59:07.506+0600 [DEBUG] [org.gradle.cache.internal.DefaultFileLockManager] Lock acquired on daemon addresses registry.
2026-05-16T16:59:07.508+0600 [DEBUG] [org.gradle.cache.internal.DefaultFileLockManager] Releasing lock on daemon addresses registry.
2026-05-16T16:59:07.510+0600 [DEBUG] [org.gradle.cache.internal.DefaultFileLockManager] Waiting to acquire shared lock on daemon addresses registry.
2026-05-16T16:59:07.510+0600 [DEBUG] [org.gradle.cache.internal.DefaultFileLockManager] Lock acquired on daemon addresses registry.
2026-05-16T16:59:07.511+0600 [DEBUG] [org.gradle.cache.internal.DefaultFileLockManager] Releasing lock on daemon addresses registry.
2026-05-16T16:59:07.511+0600 [DEBUG] [org.gradle.cache.internal.DefaultFileLockManager] Waiting to acquire shared lock on daemon addresses registry.
2026-05-16T16:59:07.512+0600 [DEBUG] [org.gradle.cache.internal.DefaultFileLockManager] Lock acquired on daemon addresses registry.
2026-05-16T16:59:07.512+0600 [DEBUG] [org.gradle.cache.internal.DefaultFileLockManager] Releasing lock on daemon addresses registry.
2026-05-16T16:59:13.939+0600 [DEBUG] [org.gradle.internal.watch.vfs.impl.WatchingVirtualFileSystem] Handling VFS change MODIFIED /Users/alifmahmud/FM 01/Developed by Alif/My routine/app/src/main/java/com/alif/studentroutine/data/database/ClassItemDao.kt
2026-05-16T16:59:17.501+0600 [DEBUG] [org.gradle.cache.internal.DefaultFileLockManager] Waiting to acquire shared lock on daemon addresses registry.
2026-05-16T16:59:17.506+0600 [DEBUG] [org.gradle.cache.internal.DefaultFileLockManager] Lock acquired on daemon addresses registry.
2026-05-16T16:59:17.508+0600 [DEBUG] [org.gradle.cache.internal.DefaultFileLockManager] Releasing lock on daemon addresses registry.
2026-05-16T16:59:17.510+0600 [DEBUG] [org.gradle.cache.internal.DefaultFileLockManager] Waiting to acquire shared lock on daemon addresses registry.
2026-05-16T16:59:17.510+0600 [DEBUG] [org.gradle.cache.internal.DefaultFileLockManager] Lock acquired on daemon addresses registry.
2026-05-16T16:59:17.510+0600 [DEBUG] [org.gradle.cache.internal.DefaultFileLockManager] Releasing lock on daemon addresses registry.
2026-05-16T16:59:17.511+0600 [DEBUG] [org.gradle.cache.internal.DefaultFileLockManager] Waiting to acquire shared lock on daemon addresses registry.
2026-05-16T16:59:17.513+0600 [DEBUG] [org.gradle.cache.internal.DefaultFileLockManager] Lock acquired on daemon addresses registry.
2026-05-16T16:59:17.514+0600 [DEBUG] [org.gradle.cache.internal.DefaultFileLockManager] Releasing lock on daemon addresses registry.
2026-05-16T16:59:27.502+0600 [DEBUG] [org.gradle.cache.internal.DefaultFileLockManager] Waiting to acquire shared lock on daemon addresses registry.
2026-05-16T16:59:27.511+0600 [DEBUG] [org.gradle.cache.internal.DefaultFileLockManager] Lock acquired on daemon addresses registry.
2026-05-16T16:59:27.520+0600 [DEBUG] [org.gradle.cache.internal.DefaultFileLockManager] Releasing lock on daemon addresses registry.
2026-05-16T16:59:27.522+0600 [DEBUG] [org.gradle.cache.internal.DefaultFileLockManager] Waiting to acquire shared lock on daemon addresses registry.
2026-05-16T16:59:27.522+0600 [DEBUG] [org.gradle.cache.internal.DefaultFileLockManager] Lock acquired on daemon addresses registry.
2026-05-16T16:59:27.522+0600 [DEBUG] [org.gradle.cache.internal.DefaultFileLockManager] Releasing lock on daemon addresses registry.
2026-05-16T16:59:27.523+0600 [DEBUG] [org.gradle.cache.internal.DefaultFileLockManager] Waiting to acquire shared lock on daemon addresses registry.
2026-05-16T16:59:27.523+0600 [DEBUG] [org.gradle.cache.internal.DefaultFileLockManager] Lock acquired on daemon addresses registry.
2026-05-16T16:59:27.531+0600 [DEBUG] [org.gradle.cache.internal.DefaultFileLockManager] Releasing lock on daemon addresses registry.
2026-05-16T16:59:37.499+0600 [DEBUG] [org.gradle.cache.internal.DefaultFileLockManager] Waiting to acquire shared lock on daemon addresses registry.
2026-05-16T16:59:37.501+0600 [DEBUG] [org.gradle.cache.internal.DefaultFileLockManager] Lock acquired on daemon addresses registry.
2026-05-16T16:59:37.502+0600 [DEBUG] [org.gradle.cache.internal.DefaultFileLockManager] Releasing lock on daemon addresses registry.
2026-05-16T16:59:37.502+0600 [DEBUG] [org.gradle.cache.internal.DefaultFileLockManager] Waiting to acquire shared lock on daemon addresses registry.
2026-05-16T16:59:37.503+0600 [DEBUG] [org.gradle.cache.internal.DefaultFileLockManager] Lock acquired on daemon addresses registry.
2026-05-16T16:59:37.503+0600 [DEBUG] [org.gradle.cache.internal.DefaultFileLockManager] Releasing lock on daemon addresses registry.
2026-05-16T16:59:37.503+0600 [DEBUG] [org.gradle.cache.internal.DefaultFileLockManager] Waiting to acquire shared lock on daemon addresses registry.
2026-05-16T16:59:37.503+0600 [DEBUG] [org.gradle.cache.internal.DefaultFileLockManager] Lock acquired on daemon addresses registry.
2026-05-16T16:59:37.504+0600 [DEBUG] [org.gradle.cache.internal.DefaultFileLockManager] Releasing lock on daemon addresses registry.
2026-05-16T16:59:46.188+0600 [DEBUG] [org.gradle.internal.watch.vfs.impl.WatchingVirtualFileSystem] Handling VFS change MODIFIED /Users/alifmahmud/FM 01/Developed by Alif/My routine/app/src/main/java/com/alif/studentroutine/ui/screens/SettingsScreen.kt
2026-05-16T16:59:47.498+0600 [DEBUG] [org.gradle.cache.internal.DefaultFileLockManager] Waiting to acquire shared lock on daemon addresses registry.
2026-05-16T16:59:47.500+0600 [DEBUG] [org.gradle.cache.internal.DefaultFileLockManager] Lock acquired on daemon addresses registry.
2026-05-16T16:59:47.501+0600 [DEBUG] [org.gradle.cache.internal.DefaultFileLockManager] Releasing lock on daemon addresses registry.
2026-05-16T16:59:47.503+0600 [DEBUG] [org.gradle.cache.internal.DefaultFileLockManager] Waiting to acquire shared lock on daemon addresses registry.
2026-05-16T16:59:47.503+0600 [DEBUG] [org.gradle.cache.internal.DefaultFileLockManager] Lock acquired on daemon addresses registry.
2026-05-16T16:59:47.503+0600 [DEBUG] [org.gradle.cache.internal.DefaultFileLockManager] Releasing lock on daemon addresses registry.
2026-05-16T16:59:47.505+0600 [DEBUG] [org.gradle.cache.internal.DefaultFileLockManager] Waiting to acquire shared lock on daemon addresses registry.
2026-05-16T16:59:47.505+0600 [DEBUG] [org.gradle.cache.internal.DefaultFileLockManager] Lock acquired on daemon addresses registry.
2026-05-16T16:59:47.505+0600 [DEBUG] [org.gradle.cache.internal.DefaultFileLockManager] Releasing lock on daemon addresses registry.
2026-05-16T16:59:57.499+0600 [DEBUG] [org.gradle.cache.internal.DefaultFileLockManager] Waiting to acquire shared lock on daemon addresses registry.
2026-05-16T16:59:57.500+0600 [DEBUG] [org.gradle.cache.internal.DefaultFileLockManager] Lock acquired on daemon addresses registry.
2026-05-16T16:59:57.501+0600 [DEBUG] [org.gradle.cache.internal.DefaultFileLockManager] Releasing lock on daemon addresses registry.
2026-05-16T16:59:57.502+0600 [DEBUG] [org.gradle.cache.internal.DefaultFileLockManager] Waiting to acquire shared lock on daemon addresses registry.
2026-05-16T16:59:57.502+0600 [DEBUG] [org.gradle.cache.internal.DefaultFileLockManager] Lock acquired on daemon addresses registry.
2026-05-16T16:59:57.502+0600 [DEBUG] [org.gradle.cache.internal.DefaultFileLockManager] Releasing lock on daemon addresses registry.
2026-05-16T16:59:57.503+0600 [DEBUG] [org.gradle.cache.internal.DefaultFileLockManager] Waiting to acquire shared lock on daemon addresses registry.
2026-05-16T16:59:57.503+0600 [DEBUG] [org.gradle.cache.internal.DefaultFileLockManager] Lock acquired on daemon addresses registry.
2026-05-16T16:59:57.504+0600 [DEBUG] [org.gradle.cache.internal.DefaultFileLockManager] Releasing lock on daemon addresses registry.
2026-05-16T17:00:07.499+0600 [DEBUG] [org.gradle.cache.internal.DefaultFileLockManager] Waiting to acquire shared lock on daemon addresses registry.
2026-05-16T17:00:07.501+0600 [DEBUG] [org.gradle.cache.internal.DefaultFileLockManager] Lock acquired on daemon addresses registry.
2026-05-16T17:00:07.502+0600 [DEBUG] [org.gradle.cache.internal.DefaultFileLockManager] Releasing lock on daemon addresses registry.
2026-05-16T17:00:07.503+0600 [DEBUG] [org.gradle.cache.internal.DefaultFileLockManager] Waiting to acquire shared lock on daemon addresses registry.
2026-05-16T17:00:07.503+0600 [DEBUG] [org.gradle.cache.internal.DefaultFileLockManager] Lock acquired on daemon addresses registry.
2026-05-16T17:00:07.503+0600 [DEBUG] [org.gradle.cache.internal.DefaultFileLockManager] Releasing lock on daemon addresses registry.
2026-05-16T17:00:07.503+0600 [DEBUG] [org.gradle.cache.internal.DefaultFileLockManager] Waiting to acquire shared lock on daemon addresses registry.
2026-05-16T17:00:07.503+0600 [DEBUG] [org.gradle.cache.internal.DefaultFileLockManager] Lock acquired on daemon addresses registry.
2026-05-16T17:00:07.503+0600 [DEBUG] [org.gradle.cache.internal.DefaultFileLockManager] Releasing lock on daemon addresses registry.
2026-05-16T17:00:17.496+0600 [DEBUG] [org.gradle.cache.internal.DefaultFileLockManager] Waiting to acquire shared lock on daemon addresses registry.
2026-05-16T17:00:17.499+0600 [DEBUG] [org.gradle.cache.internal.DefaultFileLockManager] Lock acquired on daemon addresses registry.
2026-05-16T17:00:17.499+0600 [DEBUG] [org.gradle.cache.internal.DefaultFileLockManager] Releasing lock on daemon addresses registry.
2026-05-16T17:00:17.500+0600 [DEBUG] [org.gradle.cache.internal.DefaultFileLockManager] Waiting to acquire shared lock on daemon addresses registry.
2026-05-16T17:00:17.500+0600 [DEBUG] [org.gradle.cache.internal.DefaultFileLockManager] Lock acquired on daemon addresses registry.
2026-05-16T17:00:17.500+0600 [DEBUG] [org.gradle.cache.internal.DefaultFileLockManager] Releasing lock on daemon addresses registry.
2026-05-16T17:00:17.500+0600 [DEBUG] [org.gradle.cache.internal.DefaultFileLockManager] Waiting to acquire shared lock on daemon addresses registry.
2026-05-16T17:00:17.500+0600 [DEBUG] [org.gradle.cache.internal.DefaultFileLockManager] Lock acquired on daemon addresses registry.
2026-05-16T17:00:17.500+0600 [DEBUG] [org.gradle.cache.internal.DefaultFileLockManager] Releasing lock on daemon addresses registry.
2026-05-16T17:00:27.496+0600 [DEBUG] [org.gradle.cache.internal.DefaultFileLockManager] Waiting to acquire shared lock on daemon addresses registry.
2026-05-16T17:00:27.501+0600 [DEBUG] [org.gradle.cache.internal.DefaultFileLockManager] Lock acquired on daemon addresses registry.
2026-05-16T17:00:27.504+0600 [DEBUG] [org.gradle.cache.internal.DefaultFileLockManager] Releasing lock on daemon addresses registry.
2026-05-16T17:00:27.505+0600 [DEBUG] [org.gradle.cache.internal.DefaultFileLockManager] Waiting to acquire shared lock on daemon addresses registry.
2026-05-16T17:00:27.505+0600 [DEBUG] [org.gradle.cache.internal.DefaultFileLockManager] Lock acquired on daemon addresses registry.
2026-05-16T17:00:27.505+0600 [DEBUG] [org.gradle.cache.internal.DefaultFileLockManager] Releasing lock on daemon addresses registry.
2026-05-16T17:00:27.505+0600 [DEBUG] [org.gradle.cache.internal.DefaultFileLockManager] Waiting to acquire shared lock on daemon addresses registry.
2026-05-16T17:00:27.506+0600 [DEBUG] [org.gradle.cache.internal.DefaultFileLockManager] Lock acquired on daemon addresses registry.
2026-05-16T17:00:27.506+0600 [DEBUG] [org.gradle.cache.internal.DefaultFileLockManager] Releasing lock on daemon addresses registry.
2026-05-16T17:00:31.467+0600 [DEBUG] [org.gradle.internal.watch.registry.impl.DefaultFileWatcherProbeRegistry] Triggering watch probe for /Users/alifmahmud/FM 01/Developed by Alif/My routine
2026-05-16T17:00:31.876+0600 [DEBUG] [org.gradle.internal.watch.vfs.impl.WatchingVirtualFileSystem] Handling VFS change REMOVED /Users/alifmahmud/FM 01/Developed by Alif/My routine/app/build/intermediates/compile_and_runtime_not_namespaced_r_class_jar/debug/processDebugResources/R.jar
2026-05-16T17:00:31.884+0600 [DEBUG] [org.gradle.internal.watch.vfs.impl.WatchingVirtualFileSystem] Handling VFS change REMOVED /Users/alifmahmud/FM 01/Developed by Alif/My routine/app/build/intermediates/linked_resources_binary_format/debug/processDebugResources/output-metadata.json
2026-05-16T17:00:31.909+0600 [DEBUG] [org.gradle.internal.watch.vfs.impl.WatchingVirtualFileSystem] Handling VFS change REMOVED /Users/alifmahmud/FM 01/Developed by Alif/My routine/app/build/intermediates/linked_resources_binary_format/debug/processDebugResources/linked-resources-binary-format-debug.ap_
2026-05-16T17:00:31.949+0600 [DEBUG] [org.gradle.internal.watch.vfs.impl.WatchingVirtualFileSystem] Handling VFS change REMOVED /Users/alifmahmud/FM 01/Developed by Alif/My routine/app/build/intermediates/stable_resource_ids_file/debug/processDebugResources/stableIds.txt
2026-05-16T17:00:31.950+0600 [DEBUG] [org.gradle.internal.watch.vfs.impl.WatchingVirtualFileSystem] Handling VFS change REMOVED /Users/alifmahmud/FM 01/Developed by Alif/My routine/app/build/intermediates/symbol_list_with_package_name/debug/processDebugResources/package-aware-r.txt
2026-05-16T17:00:31.951+0600 [DEBUG] [org.gradle.internal.watch.vfs.impl.WatchingVirtualFileSystem] Handling VFS change REMOVED /Users/alifmahmud/FM 01/Developed by Alif/My routine/app/build/intermediates/runtime_symbol_list/debug/processDebugResources/R.txt
2026-05-16T17:00:32.875+0600 [DEBUG] [org.gradle.internal.watch.vfs.impl.WatchingVirtualFileSystem] Handling VFS change CREATED /Users/alifmahmud/FM 01/Developed by Alif/My routine/app/build/generated/ksp/debug/classes
2026-05-16T17:00:32.893+0600 [DEBUG] [org.gradle.internal.watch.vfs.impl.WatchingVirtualFileSystem] Handling VFS change REMOVED /Users/alifmahmud/FM 01/Developed by Alif/My routine/app/build/generated/ksp/debug/java/com/alif/studentroutine/data/database/AppDatabase_Impl.java
2026-05-16T17:00:32.895+0600 [DEBUG] [org.gradle.internal.watch.vfs.impl.WatchingVirtualFileSystem] Handling VFS change REMOVED /Users/alifmahmud/FM 01/Developed by Alif/My routine/app/build/generated/ksp/debug/java/com/alif/studentroutine/data/database/ClassItemDao_Impl.java
2026-05-16T17:00:32.895+0600 [DEBUG] [org.gradle.internal.watch.vfs.impl.WatchingVirtualFileSystem] Handling VFS change REMOVED /Users/alifmahmud/FM 01/Developed by Alif/My routine/app/build/generated/ksp/debug/java/com/alif/studentroutine/data/database/TaskItemDao_Impl.java
2026-05-16T17:00:32.896+0600 [DEBUG] [org.gradle.internal.watch.vfs.impl.WatchingVirtualFileSystem] Handling VFS change REMOVED /Users/alifmahmud/FM 01/Developed by Alif/My routine/app/build/generated/ksp/debug/java/com/alif/studentroutine/data/database
2026-05-16T17:00:32.896+0600 [DEBUG] [org.gradle.internal.watch.vfs.impl.WatchingVirtualFileSystem] Handling VFS change REMOVED /Users/alifmahmud/FM 01/Developed by Alif/My routine/app/build/generated/ksp/debug/java/com/alif/studentroutine/data
2026-05-16T17:00:32.896+0600 [DEBUG] [org.gradle.internal.watch.vfs.impl.WatchingVirtualFileSystem] Handling VFS change REMOVED /Users/alifmahmud/FM 01/Developed by Alif/My routine/app/build/generated/ksp/debug/java/com/alif/studentroutine
2026-05-16T17:00:32.896+0600 [DEBUG] [org.gradle.internal.watch.vfs.impl.WatchingVirtualFileSystem] Handling VFS change REMOVED /Users/alifmahmud/FM 01/Developed by Alif/My routine/app/build/generated/ksp/debug/java/com/alif
2026-05-16T17:00:32.896+0600 [DEBUG] [org.gradle.internal.watch.vfs.impl.WatchingVirtualFileSystem] Handling VFS change REMOVED /Users/alifmahmud/FM 01/Developed by Alif/My routine/app/build/generated/ksp/debug/java/com
2026-05-16T17:00:32.897+0600 [DEBUG] [org.gradle.internal.watch.vfs.impl.WatchingVirtualFileSystem] Handling VFS change REMOVED /Users/alifmahmud/FM 01/Developed by Alif/My routine/app/build/generated/ksp/debug/java
2026-05-16T17:00:32.897+0600 [DEBUG] [org.gradle.internal.watch.vfs.impl.WatchingVirtualFileSystem] Handling VFS change REMOVED /Users/alifmahmud/FM 01/Developed by Alif/My routine/app/build/generated/ksp/debug/kotlin
2026-05-16T17:00:36.950+0600 [DEBUG] [org.gradle.internal.watch.vfs.impl.WatchingVirtualFileSystem] Handling VFS change MODIFIED /Users/alifmahmud/FM 01/Developed by Alif/My routine/app/build/kotlin/compileDebugKotlin/cacheable/caches-jvm/jvm/kotlin/dirty-output-classes.tab_i.len
2026-05-16T17:00:36.969+0600 [DEBUG] [org.gradle.internal.watch.vfs.impl.WatchingVirtualFileSystem] Handling VFS change REMOVED /Users/alifmahmud/FM 01/Developed by Alif/My routine/app/build/tmp/kotlin-classes/debug/META-INF/app_debug.kotlin_module
2026-05-16T17:00:36.969+0600 [DEBUG] [org.gradle.internal.watch.vfs.impl.WatchingVirtualFileSystem] Handling VFS change REMOVED /Users/alifmahmud/FM 01/Developed by Alif/My routine/app/build/tmp/kotlin-classes/debug/com/alif/studentroutine/notification/NotificationHelper.class
2026-05-16T17:00:36.970+0600 [DEBUG] [org.gradle.internal.watch.vfs.impl.WatchingVirtualFileSystem] Handling VFS change REMOVED /Users/alifmahmud/FM 01/Developed by Alif/My routine/app/build/tmp/kotlin-classes/debug/com/alif/studentroutine/data/database/ClassItemDao.class
2026-05-16T17:00:36.970+0600 [DEBUG] [org.gradle.internal.watch.vfs.impl.WatchingVirtualFileSystem] Handling VFS change REMOVED /Users/alifmahmud/FM 01/Developed by Alif/My routine/app/build/tmp/kotlin-classes/debug/com/alif/studentroutine/ui/screens/ComposableSingletons$SettingsScreenKt$lambda-3$1.class
2026-05-16T17:00:36.973+0600 [DEBUG] [org.gradle.internal.watch.vfs.impl.WatchingVirtualFileSystem] Handling VFS change REMOVED /Users/alifmahmud/FM 01/Developed by Alif/My routine/app/build/tmp/kotlin-classes/debug/com/alif/studentroutine/ui/screens/SettingsScreenKt$SettingsScreen$2$1$1$1$1$2$1.class
2026-05-16T17:00:36.973+0600 [DEBUG] [org.gradle.internal.watch.vfs.impl.WatchingVirtualFileSystem] Handling VFS change REMOVED /Users/alifmahmud/FM 01/Developed by Alif/My routine/app/build/tmp/kotlin-classes/debug/com/alif/studentroutine/ui/screens/SettingsScreenKt$SettingsScreen$2$1$2.class
2026-05-16T17:00:36.974+0600 [DEBUG] [org.gradle.internal.watch.vfs.impl.WatchingVirtualFileSystem] Handling VFS change REMOVED /Users/alifmahmud/FM 01/Developed by Alif/My routine/app/build/tmp/kotlin-classes/debug/com/alif/studentroutine/ui/screens/SettingsScreenKt$SettingsScreen$2$1$1$1$1$2.class
2026-05-16T17:00:36.974+0600 [DEBUG] [org.gradle.internal.watch.vfs.impl.WatchingVirtualFileSystem] Handling VFS change REMOVED /Users/alifmahmud/FM 01/Developed by Alif/My routine/app/build/tmp/kotlin-classes/debug/com/alif/studentroutine/ui/screens/ComposableSingletons$SettingsScreenKt$lambda-2$1.class
2026-05-16T17:00:36.975+0600 [DEBUG] [org.gradle.internal.watch.vfs.impl.WatchingVirtualFileSystem] Handling VFS change REMOVED /Users/alifmahmud/FM 01/Developed by Alif/My routine/app/build/tmp/kotlin-classes/debug/com/alif/studentroutine/ui/screens/SettingsScreenKt$SettingsScreen$1.class
2026-05-16T17:00:36.975+0600 [DEBUG] [org.gradle.internal.watch.vfs.impl.WatchingVirtualFileSystem] Handling VFS change REMOVED /Users/alifmahmud/FM 01/Developed by Alif/My routine/app/build/tmp/kotlin-classes/debug/com/alif/studentroutine/ui/screens/SettingsScreenKt$SettingsScreen$3.class
2026-05-16T17:00:36.975+0600 [DEBUG] [org.gradle.internal.watch.vfs.impl.WatchingVirtualFileSystem] Handling VFS change REMOVED /Users/alifmahmud/FM 01/Developed by Alif/My routine/app/build/tmp/kotlin-classes/debug/com/alif/studentroutine/ui/screens/ComposableSingletons$SettingsScreenKt$lambda-1$1.class
2026-05-16T17:00:36.975+0600 [DEBUG] [org.gradle.internal.watch.vfs.impl.WatchingVirtualFileSystem] Handling VFS change REMOVED /Users/alifmahmud/FM 01/Developed by Alif/My routine/app/build/tmp/kotlin-classes/debug/com/alif/studentroutine/ui/screens/SettingsScreenKt$SettingsScreen$2$1$1$1$2$2$1.class
2026-05-16T17:00:36.975+0600 [DEBUG] [org.gradle.internal.watch.vfs.impl.WatchingVirtualFileSystem] Handling VFS change REMOVED /Users/alifmahmud/FM 01/Developed by Alif/My routine/app/build/tmp/kotlin-classes/debug/com/alif/studentroutine/ui/screens/SettingsScreenKt.class
2026-05-16T17:00:36.975+0600 [DEBUG] [org.gradle.internal.watch.vfs.impl.WatchingVirtualFileSystem] Handling VFS change REMOVED /Users/alifmahmud/FM 01/Developed by Alif/My routine/app/build/tmp/kotlin-classes/debug/com/alif/studentroutine/ui/screens/ComposableSingletons$SettingsScreenKt.class
2026-05-16T17:00:36.983+0600 [DEBUG] [org.gradle.internal.watch.vfs.impl.WatchingVirtualFileSystem] Handling VFS change REMOVED /Users/alifmahmud/FM 01/Developed by Alif/My routine/app/build/tmp/kotlin-classes/debug/com/alif/studentroutine/ui/screens/SettingsScreenKt$SettingsScreen$2.class
2026-05-16T17:00:36.983+0600 [DEBUG] [org.gradle.internal.watch.vfs.impl.WatchingVirtualFileSystem] Handling VFS change REMOVED /Users/alifmahmud/FM 01/Developed by Alif/My routine/app/build/tmp/kotlin-classes/debug/com/alif/studentroutine/ui/screens/SettingsScreenKt$SettingsScreen$1$1.class
2026-05-16T17:00:36.983+0600 [DEBUG] [org.gradle.internal.watch.vfs.impl.WatchingVirtualFileSystem] Handling VFS change REMOVED /Users/alifmahmud/FM 01/Developed by Alif/My routine/app/build/tmp/kotlin-classes/debug/com/alif/studentroutine/ui/screens/SettingsScreenKt$SettingsScreen$2$1$1$1$2$2.class
2026-05-16T17:00:36.984+0600 [DEBUG] [org.gradle.internal.watch.vfs.impl.WatchingVirtualFileSystem] Handling VFS change REMOVED /Users/alifmahmud/FM 01/Developed by Alif/My routine/app/build/tmp/kotlin-classes/debug/com/alif/studentroutine/ui/screens/ComposableSingletons$SettingsScreenKt$lambda-4$1.class
2026-05-16T17:00:36.984+0600 [DEBUG] [org.gradle.internal.watch.vfs.impl.WatchingVirtualFileSystem] Handling VFS change REMOVED /Users/alifmahmud/FM 01/Developed by Alif/My routine/app/build/tmp/kotlin-classes/debug/com/alif/studentroutine/ui/screens/SettingsScreenKt$SettingsScreen$2$1$1.class
2026-05-16T17:00:37.500+0600 [DEBUG] [org.gradle.cache.internal.DefaultFileLockManager] Waiting to acquire shared lock on daemon addresses registry.
2026-05-16T17:00:37.505+0600 [DEBUG] [org.gradle.cache.internal.DefaultFileLockManager] Lock acquired on daemon addresses registry.
2026-05-16T17:00:37.514+0600 [DEBUG] [org.gradle.cache.internal.DefaultFileLockManager] Releasing lock on daemon addresses registry.
2026-05-16T17:00:37.515+0600 [DEBUG] [org.gradle.cache.internal.DefaultFileLockManager] Waiting to acquire shared lock on daemon addresses registry.
2026-05-16T17:00:37.515+0600 [DEBUG] [org.gradle.cache.internal.DefaultFileLockManager] Lock acquired on daemon addresses registry.
2026-05-16T17:00:37.515+0600 [DEBUG] [org.gradle.cache.internal.DefaultFileLockManager] Releasing lock on daemon addresses registry.
2026-05-16T17:00:37.516+0600 [DEBUG] [org.gradle.cache.internal.DefaultFileLockManager] Waiting to acquire shared lock on daemon addresses registry.
2026-05-16T17:00:37.516+0600 [DEBUG] [org.gradle.cache.internal.DefaultFileLockManager] Lock acquired on daemon addresses registry.
2026-05-16T17:00:37.516+0600 [DEBUG] [org.gradle.cache.internal.DefaultFileLockManager] Releasing lock on daemon addresses registry.
2026-05-16T17:00:38.652+0600 [DEBUG] [org.gradle.internal.watch.vfs.impl.WatchingVirtualFileSystem] Handling VFS change MODIFIED /Users/alifmahmud/FM 01/Developed by Alif/My routine/app/build/kotlin/compileDebugKotlin/cacheable/caches-jvm/jvm/kotlin/source-to-classes.tab
2026-05-16T17:00:38.652+0600 [DEBUG] [org.gradle.internal.watch.vfs.impl.WatchingVirtualFileSystem] Handling VFS change MODIFIED /Users/alifmahmud/FM 01/Developed by Alif/My routine/app/build/kotlin/compileDebugKotlin/cacheable/caches-jvm/jvm/kotlin/class-attributes.tab.keystream.len
2026-05-16T17:00:38.652+0600 [DEBUG] [org.gradle.internal.watch.vfs.impl.WatchingVirtualFileSystem] Handling VFS change MODIFIED /Users/alifmahmud/FM 01/Developed by Alif/My routine/app/build/kotlin/compileDebugKotlin/cacheable/caches-jvm/jvm/kotlin/class-attributes.tab.len
2026-05-16T17:00:38.653+0600 [DEBUG] [org.gradle.internal.watch.vfs.impl.WatchingVirtualFileSystem] Handling VFS change MODIFIED /Users/alifmahmud/FM 01/Developed by Alif/My routine/app/build/kotlin/compileDebugKotlin/cacheable/caches-jvm/jvm/kotlin/class-attributes.tab_i.len
2026-05-16T17:00:38.653+0600 [DEBUG] [org.gradle.internal.watch.vfs.impl.WatchingVirtualFileSystem] Handling VFS change MODIFIED /Users/alifmahmud/FM 01/Developed by Alif/My routine/app/build/kotlin/compileDebugKotlin/cacheable/caches-jvm/jvm/kotlin/subtypes.tab.keystream.len
2026-05-16T17:00:38.653+0600 [DEBUG] [org.gradle.internal.watch.vfs.impl.WatchingVirtualFileSystem] Handling VFS change MODIFIED /Users/alifmahmud/FM 01/Developed by Alif/My routine/app/build/kotlin/compileDebugKotlin/cacheable/caches-jvm/jvm/kotlin/subtypes.tab.len
2026-05-16T17:00:38.653+0600 [DEBUG] [org.gradle.internal.watch.vfs.impl.WatchingVirtualFileSystem] Handling VFS change MODIFIED /Users/alifmahmud/FM 01/Developed by Alif/My routine/app/build/kotlin/compileDebugKotlin/cacheable/caches-jvm/jvm/kotlin/subtypes.tab_i.len
2026-05-16T17:00:38.653+0600 [DEBUG] [org.gradle.internal.watch.vfs.impl.WatchingVirtualFileSystem] Handling VFS change MODIFIED /Users/alifmahmud/FM 01/Developed by Alif/My routine/app/build/kotlin/compileDebugKotlin/cacheable/caches-jvm/jvm/kotlin/supertypes.tab.keystream.len
2026-05-16T17:00:38.654+0600 [DEBUG] [org.gradle.internal.watch.vfs.impl.WatchingVirtualFileSystem] Handling VFS change MODIFIED /Users/alifmahmud/FM 01/Developed by Alif/My routine/app/build/kotlin/compileDebugKotlin/cacheable/caches-jvm/jvm/kotlin/supertypes.tab.len
2026-05-16T17:00:38.661+0600 [DEBUG] [org.gradle.internal.watch.vfs.impl.WatchingVirtualFileSystem] Handling VFS change MODIFIED /Users/alifmahmud/FM 01/Developed by Alif/My routine/app/build/kotlin/compileDebugKotlin/cacheable/caches-jvm/jvm/kotlin/supertypes.tab_i.len
2026-05-16T17:00:38.661+0600 [DEBUG] [org.gradle.internal.watch.vfs.impl.WatchingVirtualFileSystem] Handling VFS change MODIFIED /Users/alifmahmud/FM 01/Developed by Alif/My routine/app/build/kotlin/compileDebugKotlin/cacheable/caches-jvm/jvm/kotlin/class-fq-name-to-source.tab.keystream.len
2026-05-16T17:00:38.662+0600 [DEBUG] [org.gradle.internal.watch.vfs.impl.WatchingVirtualFileSystem] Handling VFS change MODIFIED /Users/alifmahmud/FM 01/Developed by Alif/My routine/app/build/kotlin/compileDebugKotlin/cacheable/caches-jvm/jvm/kotlin/class-fq-name-to-source.tab.len
2026-05-16T17:00:38.662+0600 [DEBUG] [org.gradle.internal.watch.vfs.impl.WatchingVirtualFileSystem] Handling VFS change MODIFIED /Users/alifmahmud/FM 01/Developed by Alif/My routine/app/build/kotlin/compileDebugKotlin/cacheable/caches-jvm/jvm/kotlin/class-fq-name-to-source.tab_i.len
2026-05-16T17:00:38.662+0600 [DEBUG] [org.gradle.internal.watch.vfs.impl.WatchingVirtualFileSystem] Handling VFS change MODIFIED /Users/alifmahmud/FM 01/Developed by Alif/My routine/app/build/kotlin/compileDebugKotlin/cacheable/caches-jvm/jvm/kotlin/source-to-classes.tab.keystream.len
2026-05-16T17:00:38.662+0600 [DEBUG] [org.gradle.internal.watch.vfs.impl.WatchingVirtualFileSystem] Handling VFS change MODIFIED /Users/alifmahmud/FM 01/Developed by Alif/My routine/app/build/kotlin/compileDebugKotlin/cacheable/caches-jvm/jvm/kotlin/source-to-classes.tab.len
2026-05-16T17:00:38.662+0600 [DEBUG] [org.gradle.internal.watch.vfs.impl.WatchingVirtualFileSystem] Handling VFS change MODIFIED /Users/alifmahmud/FM 01/Developed by Alif/My routine/app/build/kotlin/compileDebugKotlin/cacheable/caches-jvm/jvm/kotlin/source-to-classes.tab_i.len
2026-05-16T17:00:38.663+0600 [DEBUG] [org.gradle.internal.watch.vfs.impl.WatchingVirtualFileSystem] Handling VFS change MODIFIED /Users/alifmahmud/FM 01/Developed by Alif/My routine/app/build/kotlin/compileDebugKotlin/cacheable/caches-jvm/jvm/kotlin/proto.tab.keystream.len
2026-05-16T17:00:38.663+0600 [DEBUG] [org.gradle.internal.watch.vfs.impl.WatchingVirtualFileSystem] Handling VFS change MODIFIED /Users/alifmahmud/FM 01/Developed by Alif/My routine/app/build/kotlin/compileDebugKotlin/cacheable/caches-jvm/jvm/kotlin/proto.tab.len
2026-05-16T17:00:38.663+0600 [DEBUG] [org.gradle.internal.watch.vfs.impl.WatchingVirtualFileSystem] Handling VFS change MODIFIED /Users/alifmahmud/FM 01/Developed by Alif/My routine/app/build/kotlin/compileDebugKotlin/cacheable/caches-jvm/jvm/kotlin/proto.tab_i.len
2026-05-16T17:00:38.663+0600 [DEBUG] [org.gradle.internal.watch.vfs.impl.WatchingVirtualFileSystem] Handling VFS change MODIFIED /Users/alifmahmud/FM 01/Developed by Alif/My routine/app/build/kotlin/compileDebugKotlin/cacheable/caches-jvm/jvm/kotlin/java-sources-proto-map.tab.keystream.len
2026-05-16T17:00:38.663+0600 [DEBUG] [org.gradle.internal.watch.vfs.impl.WatchingVirtualFileSystem] Handling VFS change MODIFIED /Users/alifmahmud/FM 01/Developed by Alif/My routine/app/build/kotlin/compileDebugKotlin/cacheable/caches-jvm/jvm/kotlin/java-sources-proto-map.tab.len
2026-05-16T17:00:38.663+0600 [DEBUG] [org.gradle.internal.watch.vfs.impl.WatchingVirtualFileSystem] Handling VFS change MODIFIED /Users/alifmahmud/FM 01/Developed by Alif/My routine/app/build/kotlin/compileDebugKotlin/cacheable/caches-jvm/jvm/kotlin/java-sources-proto-map.tab_i.len
2026-05-16T17:00:38.664+0600 [DEBUG] [org.gradle.internal.watch.vfs.impl.WatchingVirtualFileSystem] Handling VFS change MODIFIED /Users/alifmahmud/FM 01/Developed by Alif/My routine/app/build/kotlin/compileDebugKotlin/cacheable/caches-jvm/lookups/lookups.tab.values.at
2026-05-16T17:00:38.664+0600 [DEBUG] [org.gradle.internal.watch.vfs.impl.WatchingVirtualFileSystem] Handling VFS change MODIFIED /Users/alifmahmud/FM 01/Developed by Alif/My routine/app/build/kotlin/compileDebugKotlin/cacheable/caches-jvm/lookups/lookups.tab
2026-05-16T17:00:38.664+0600 [DEBUG] [org.gradle.internal.watch.vfs.impl.WatchingVirtualFileSystem] Handling VFS change MODIFIED /Users/alifmahmud/FM 01/Developed by Alif/My routine/app/build/kotlin/compileDebugKotlin/cacheable/caches-jvm/lookups/id-to-file.tab.keystream.len
2026-05-16T17:00:38.664+0600 [DEBUG] [org.gradle.internal.watch.vfs.impl.WatchingVirtualFileSystem] Handling VFS change MODIFIED /Users/alifmahmud/FM 01/Developed by Alif/My routine/app/build/kotlin/compileDebugKotlin/cacheable/caches-jvm/lookups/id-to-file.tab.len
2026-05-16T17:00:38.666+0600 [DEBUG] [org.gradle.internal.watch.vfs.impl.WatchingVirtualFileSystem] Handling VFS change MODIFIED /Users/alifmahmud/FM 01/Developed by Alif/My routine/app/build/kotlin/compileDebugKotlin/cacheable/caches-jvm/lookups/id-to-file.tab_i.len
2026-05-16T17:00:38.666+0600 [DEBUG] [org.gradle.internal.watch.vfs.impl.WatchingVirtualFileSystem] Handling VFS change MODIFIED /Users/alifmahmud/FM 01/Developed by Alif/My routine/app/build/kotlin/compileDebugKotlin/cacheable/caches-jvm/lookups/lookups.tab.keystream.len
2026-05-16T17:00:38.666+0600 [DEBUG] [org.gradle.internal.watch.vfs.impl.WatchingVirtualFileSystem] Handling VFS change MODIFIED /Users/alifmahmud/FM 01/Developed by Alif/My routine/app/build/kotlin/compileDebugKotlin/cacheable/caches-jvm/lookups/lookups.tab.len
2026-05-16T17:00:38.666+0600 [DEBUG] [org.gradle.internal.watch.vfs.impl.WatchingVirtualFileSystem] Handling VFS change MODIFIED /Users/alifmahmud/FM 01/Developed by Alif/My routine/app/build/kotlin/compileDebugKotlin/cacheable/caches-jvm/lookups/lookups.tab_i.len
2026-05-16T17:00:38.666+0600 [DEBUG] [org.gradle.internal.watch.vfs.impl.WatchingVirtualFileSystem] Handling VFS change MODIFIED /Users/alifmahmud/FM 01/Developed by Alif/My routine/app/build/kotlin/compileDebugKotlin/cacheable/caches-jvm/inputs/source-to-output.tab
2026-05-16T17:00:38.666+0600 [DEBUG] [org.gradle.internal.watch.vfs.impl.WatchingVirtualFileSystem] Handling VFS change MODIFIED /Users/alifmahmud/FM 01/Developed by Alif/My routine/app/build/kotlin/compileDebugKotlin/cacheable/caches-jvm/inputs/source-to-output.tab.keystream.len
2026-05-16T17:00:38.667+0600 [DEBUG] [org.gradle.internal.watch.vfs.impl.WatchingVirtualFileSystem] Handling VFS change MODIFIED /Users/alifmahmud/FM 01/Developed by Alif/My routine/app/build/kotlin/compileDebugKotlin/cacheable/caches-jvm/inputs/source-to-output.tab.len
2026-05-16T17:00:38.668+0600 [DEBUG] [org.gradle.internal.watch.vfs.impl.WatchingVirtualFileSystem] Handling VFS change MODIFIED /Users/alifmahmud/FM 01/Developed by Alif/My routine/app/build/kotlin/compileDebugKotlin/cacheable/caches-jvm/inputs/source-to-output.tab_i.len
2026-05-16T17:00:38.669+0600 [DEBUG] [org.gradle.internal.watch.vfs.impl.WatchingVirtualFileSystem] Handling VFS change REMOVED /Users/alifmahmud/FM 01/Developed by Alif/My routine/app/build/tmp/kotlin-classes/debug/META-INF
2026-05-16T17:00:38.671+0600 [DEBUG] [org.gradle.internal.watch.vfs.impl.WatchingVirtualFileSystem] Handling VFS change REMOVED /Users/alifmahmud/FM 01/Developed by Alif/My routine/app/build/tmp/kotlin-classes/debug/com/alif/studentroutine/viewmodel/AddEditViewModel$saveClass$1.class
2026-05-16T17:00:38.672+0600 [DEBUG] [org.gradle.internal.watch.vfs.impl.WatchingVirtualFileSystem] Handling VFS change REMOVED /Users/alifmahmud/FM 01/Developed by Alif/My routine/app/build/tmp/kotlin-classes/debug/com/alif/studentroutine/viewmodel/AddEditViewModel$deleteTask$1.class
2026-05-16T17:00:38.672+0600 [DEBUG] [org.gradle.internal.watch.vfs.impl.WatchingVirtualFileSystem] Handling VFS change REMOVED /Users/alifmahmud/FM 01/Developed by Alif/My routine/app/build/tmp/kotlin-classes/debug/com/alif/studentroutine/viewmodel/TimetableViewModel$deleteClass$1.class
2026-05-16T17:00:38.672+0600 [DEBUG] [org.gradle.internal.watch.vfs.impl.WatchingVirtualFileSystem] Handling VFS change REMOVED /Users/alifmahmud/FM 01/Developed by Alif/My routine/app/build/tmp/kotlin-classes/debug/com/alif/studentroutine/viewmodel/AddEditViewModel.class
2026-05-16T17:00:38.672+0600 [DEBUG] [org.gradle.internal.watch.vfs.impl.WatchingVirtualFileSystem] Handling VFS change REMOVED /Users/alifmahmud/FM 01/Developed by Alif/My routine/app/build/tmp/kotlin-classes/debug/com/alif/studentroutine/viewmodel/TimetableViewModel.class
2026-05-16T17:00:38.673+0600 [DEBUG] [org.gradle.internal.watch.vfs.impl.WatchingVirtualFileSystem] Handling VFS change REMOVED /Users/alifmahmud/FM 01/Developed by Alif/My routine/app/build/tmp/kotlin-classes/debug/com/alif/studentroutine/viewmodel/AddEditViewModel$updateTask$1.class
2026-05-16T17:00:38.675+0600 [DEBUG] [org.gradle.internal.watch.vfs.impl.WatchingVirtualFileSystem] Handling VFS change REMOVED /Users/alifmahmud/FM 01/Developed by Alif/My routine/app/build/tmp/kotlin-classes/debug/com/alif/studentroutine/viewmodel/TasksViewModel$toggleTaskComplete$1.class
2026-05-16T17:00:38.675+0600 [DEBUG] [org.gradle.internal.watch.vfs.impl.WatchingVirtualFileSystem] Handling VFS change REMOVED /Users/alifmahmud/FM 01/Developed by Alif/My routine/app/build/tmp/kotlin-classes/debug/com/alif/studentroutine/viewmodel/AddEditViewModel$updateClass$1.class
2026-05-16T17:00:38.676+0600 [DEBUG] [org.gradle.internal.watch.vfs.impl.WatchingVirtualFileSystem] Handling VFS change REMOVED /Users/alifmahmud/FM 01/Developed by Alif/My routine/app/build/tmp/kotlin-classes/debug/com/alif/studentroutine/viewmodel/TasksViewModel.class
2026-05-16T17:00:38.676+0600 [DEBUG] [org.gradle.internal.watch.vfs.impl.WatchingVirtualFileSystem] Handling VFS change REMOVED /Users/alifmahmud/FM 01/Developed by Alif/My routine/app/build/tmp/kotlin-classes/debug/com/alif/studentroutine/viewmodel/TasksViewModel$Factory.class
2026-05-16T17:00:38.676+0600 [DEBUG] [org.gradle.internal.watch.vfs.impl.WatchingVirtualFileSystem] Handling VFS change REMOVED /Users/alifmahmud/FM 01/Developed by Alif/My routine/app/build/tmp/kotlin-classes/debug/com/alif/studentroutine/viewmodel/DashboardViewModel.class
2026-05-16T17:00:38.676+0600 [DEBUG] [org.gradle.internal.watch.vfs.impl.WatchingVirtualFileSystem] Handling VFS change REMOVED /Users/alifmahmud/FM 01/Developed by Alif/My routine/app/build/tmp/kotlin-classes/debug/com/alif/studentroutine/viewmodel/AddEditViewModel$Factory.class
2026-05-16T17:00:38.676+0600 [DEBUG] [org.gradle.internal.watch.vfs.impl.WatchingVirtualFileSystem] Handling VFS change REMOVED /Users/alifmahmud/FM 01/Developed by Alif/My routine/app/build/tmp/kotlin-classes/debug/com/alif/studentroutine/viewmodel/AddEditViewModel$deleteClass$1.class
2026-05-16T17:00:38.676+0600 [DEBUG] [org.gradle.internal.watch.vfs.impl.WatchingVirtualFileSystem] Handling VFS change REMOVED /Users/alifmahmud/FM 01/Developed by Alif/My routine/app/build/tmp/kotlin-classes/debug/com/alif/studentroutine/viewmodel/DashboardViewModel$Factory.class
2026-05-16T17:00:38.676+0600 [DEBUG] [org.gradle.internal.watch.vfs.impl.WatchingVirtualFileSystem] Handling VFS change REMOVED /Users/alifmahmud/FM 01/Developed by Alif/My routine/app/build/tmp/kotlin-classes/debug/com/alif/studentroutine/viewmodel/TimetableViewModel$Factory.class
2026-05-16T17:00:38.676+0600 [DEBUG] [org.gradle.internal.watch.vfs.impl.WatchingVirtualFileSystem] Handling VFS change REMOVED /Users/alifmahmud/FM 01/Developed by Alif/My routine/app/build/tmp/kotlin-classes/debug/com/alif/studentroutine/viewmodel/AddEditViewModel$saveTask$1.class
2026-05-16T17:00:38.677+0600 [DEBUG] [org.gradle.internal.watch.vfs.impl.WatchingVirtualFileSystem] Handling VFS change REMOVED /Users/alifmahmud/FM 01/Developed by Alif/My routine/app/build/tmp/kotlin-classes/debug/com/alif/studentroutine/viewmodel/TasksViewModel$deleteTask$1.class
2026-05-16T17:00:38.677+0600 [DEBUG] [org.gradle.internal.watch.vfs.impl.WatchingVirtualFileSystem] Handling VFS change REMOVED /Users/alifmahmud/FM 01/Developed by Alif/My routine/app/build/tmp/kotlin-classes/debug/com/alif/studentroutine/viewmodel/DashboardViewModel$markTaskComplete$1.class
2026-05-16T17:00:38.677+0600 [DEBUG] [org.gradle.internal.watch.vfs.impl.WatchingVirtualFileSystem] Handling VFS change REMOVED /Users/alifmahmud/FM 01/Developed by Alif/My routine/app/build/tmp/kotlin-classes/debug/com/alif/studentroutine/viewmodel
2026-05-16T17:00:38.677+0600 [DEBUG] [org.gradle.internal.watch.vfs.impl.WatchingVirtualFileSystem] Handling VFS change REMOVED /Users/alifmahmud/FM 01/Developed by Alif/My routine/app/build/tmp/kotlin-classes/debug/com/alif/studentroutine/ui/navigation/NavGraphKt$NavGraph$1$2$1.class
2026-05-16T17:00:38.677+0600 [DEBUG] [org.gradle.internal.watch.vfs.impl.WatchingVirtualFileSystem] Handling VFS change REMOVED /Users/alifmahmud/FM 01/Developed by Alif/My routine/app/build/tmp/kotlin-classes/debug/com/alif/studentroutine/ui/navigation/NavGraphKt$NavGraph$1$8$2.class
2026-05-16T17:00:38.677+0600 [DEBUG] [org.gradle.internal.watch.vfs.impl.WatchingVirtualFileSystem] Handling VFS change REMOVED /Users/alifmahmud/FM 01/Developed by Alif/My routine/app/build/tmp/kotlin-classes/debug/com/alif/studentroutine/ui/navigation/NavGraphKt$NavGraph$1$8.class
2026-05-16T17:00:38.678+0600 [DEBUG] [org.gradle.internal.watch.vfs.impl.WatchingVirtualFileSystem] Handling VFS change REMOVED /Users/alifmahmud/FM 01/Developed by Alif/My routine/app/build/tmp/kotlin-classes/debug/com/alif/studentroutine/ui/navigation/NavGraphKt$NavGraph$1$1$2.class
2026-05-16T17:00:38.678+0600 [DEBUG] [org.gradle.internal.watch.vfs.impl.WatchingVirtualFileSystem] Handling VFS change REMOVED /Users/alifmahmud/FM 01/Developed by Alif/My routine/app/build/tmp/kotlin-classes/debug/com/alif/studentroutine/ui/navigation/NavGraphKt$NavGraph$1$2$3.class
2026-05-16T17:00:38.679+0600 [DEBUG] [org.gradle.internal.watch.vfs.impl.WatchingVirtualFileSystem] Handling VFS change REMOVED /Users/alifmahmud/FM 01/Developed by Alif/My routine/app/build/tmp/kotlin-classes/debug/com/alif/studentroutine/ui/navigation/NavGraphKt$NavGraph$2.class
2026-05-16T17:00:38.679+0600 [DEBUG] [org.gradle.internal.watch.vfs.impl.WatchingVirtualFileSystem] Handling VFS change REMOVED /Users/alifmahmud/FM 01/Developed by Alif/My routine/app/build/tmp/kotlin-classes/debug/com/alif/studentroutine/ui/navigation/NavGraphKt$NavGraph$1$1$6.class
2026-05-16T17:00:38.679+0600 [DEBUG] [org.gradle.internal.watch.vfs.impl.WatchingVirtualFileSystem] Handling VFS change REMOVED /Users/alifmahmud/FM 01/Developed by Alif/My routine/app/build/tmp/kotlin-classes/debug/com/alif/studentroutine/ui/navigation/NavGraphKt$NavGraph$1$3$3.class
2026-05-16T17:00:38.679+0600 [DEBUG] [org.gradle.internal.watch.vfs.impl.WatchingVirtualFileSystem] Handling VFS change REMOVED /Users/alifmahmud/FM 01/Developed by Alif/My routine/app/build/tmp/kotlin-classes/debug/com/alif/studentroutine/ui/navigation/NavGraphKt$NavGraph$1$3$1.class
2026-05-16T17:00:38.679+0600 [DEBUG] [org.gradle.internal.watch.vfs.impl.WatchingVirtualFileSystem] Handling VFS change REMOVED /Users/alifmahmud/FM 01/Developed by Alif/My routine/app/build/tmp/kotlin-classes/debug/com/alif/studentroutine/ui/navigation/NavGraphKt$NavGraph$1$1$4.class
2026-05-16T17:00:38.679+0600 [DEBUG] [org.gradle.internal.watch.vfs.impl.WatchingVirtualFileSystem] Handling VFS change REMOVED /Users/alifmahmud/FM 01/Developed by Alif/My routine/app/build/tmp/kotlin-classes/debug/com/alif/studentroutine/ui/navigation/NavGraphKt$NavGraph$1$8$1.class
2026-05-16T17:00:38.679+0600 [DEBUG] [org.gradle.internal.watch.vfs.impl.WatchingVirtualFileSystem] Handling VFS change REMOVED /Users/alifmahmud/FM 01/Developed by Alif/My routine/app/build/tmp/kotlin-classes/debug/com/alif/studentroutine/ui/navigation/NavGraphKt$NavGraph$1$9.class
2026-05-16T17:00:38.679+0600 [DEBUG] [org.gradle.internal.watch.vfs.impl.WatchingVirtualFileSystem] Handling VFS change REMOVED /Users/alifmahmud/FM 01/Developed by Alif/My routine/app/build/tmp/kotlin-classes/debug/com/alif/studentroutine/ui/navigation/NavGraphKt$NavGraph$1$1$3.class
2026-05-16T17:00:38.680+0600 [DEBUG] [org.gradle.internal.watch.vfs.impl.WatchingVirtualFileSystem] Handling VFS change REMOVED /Users/alifmahmud/FM 01/Developed by Alif/My routine/app/build/tmp/kotlin-classes/debug/com/alif/studentroutine/ui/navigation/NavGraphKt$NavGraph$1$2$2.class
2026-05-16T17:00:38.680+0600 [DEBUG] [org.gradle.internal.watch.vfs.impl.WatchingVirtualFileSystem] Handling VFS change REMOVED /Users/alifmahmud/FM 01/Developed by Alif/My routine/app/build/tmp/kotlin-classes/debug/com/alif/studentroutine/ui/navigation/NavGraphKt$NavGraph$1$1$1.class
2026-05-16T17:00:38.680+0600 [DEBUG] [org.gradle.internal.watch.vfs.impl.WatchingVirtualFileSystem] Handling VFS change REMOVED /Users/alifmahmud/FM 01/Developed by Alif/My routine/app/build/tmp/kotlin-classes/debug/com/alif/studentroutine/ui/navigation/NavGraphKt$NavGraph$1.class
2026-05-16T17:00:38.680+0600 [DEBUG] [org.gradle.internal.watch.vfs.impl.WatchingVirtualFileSystem] Handling VFS change REMOVED /Users/alifmahmud/FM 01/Developed by Alif/My routine/app/build/tmp/kotlin-classes/debug/com/alif/studentroutine/ui/navigation/Screen$NearbyLibraries.class
2026-05-16T17:00:38.680+0600 [DEBUG] [org.gradle.internal.watch.vfs.impl.WatchingVirtualFileSystem] Handling VFS change REMOVED /Users/alifmahmud/FM 01/Developed by Alif/My routine/app/build/tmp/kotlin-classes/debug/com/alif/studentroutine/ui/navigation/NavGraphKt$NavGraph$1$1$5.class
2026-05-16T17:00:38.680+0600 [DEBUG] [org.gradle.internal.watch.vfs.impl.WatchingVirtualFileSystem] Handling VFS change REMOVED /Users/alifmahmud/FM 01/Developed by Alif/My routine/app/build/tmp/kotlin-classes/debug/com/alif/studentroutine/ui/navigation/Screen$Timetable.class
2026-05-16T17:00:38.680+0600 [DEBUG] [org.gradle.internal.watch.vfs.impl.WatchingVirtualFileSystem] Handling VFS change REMOVED /Users/alifmahmud/FM 01/Developed by Alif/My routine/app/build/tmp/kotlin-classes/debug/com/alif/studentroutine/ui/navigation/NavGraphKt$NavGraph$1$9$1.class
2026-05-16T17:00:38.680+0600 [DEBUG] [org.gradle.internal.watch.vfs.impl.WatchingVirtualFileSystem] Handling VFS change REMOVED /Users/alifmahmud/FM 01/Developed by Alif/My routine/app/build/tmp/kotlin-classes/debug/com/alif/studentroutine/ui/navigation/NavGraphKt$NavGraph$1$3$2.class
2026-05-16T17:00:38.681+0600 [DEBUG] [org.gradle.internal.watch.vfs.impl.WatchingVirtualFileSystem] Handling VFS change REMOVED /Users/alifmahmud/FM 01/Developed by Alif/My routine/app/build/tmp/kotlin-classes/debug/com/alif/studentroutine/ui/navigation/Screen$Settings.class
2026-05-16T17:00:38.681+0600 [DEBUG] [org.gradle.internal.watch.vfs.impl.WatchingVirtualFileSystem] Handling VFS change REMOVED /Users/alifmahmud/FM 01/Developed by Alif/My routine/app/build/tmp/kotlin-classes/debug/com/alif/studentroutine/ui/navigation/NavGraphKt$NavGraph$1$1.class
2026-05-16T17:00:38.681+0600 [DEBUG] [org.gradle.internal.watch.vfs.impl.WatchingVirtualFileSystem] Handling VFS change REMOVED /Users/alifmahmud/FM 01/Developed by Alif/My routine/app/build/tmp/kotlin-classes/debug/com/alif/studentroutine/ui/navigation/NavGraphKt$NavGraph$1$3.class
2026-05-16T17:00:38.681+0600 [DEBUG] [org.gradle.internal.watch.vfs.impl.WatchingVirtualFileSystem] Handling VFS change REMOVED /Users/alifmahmud/FM 01/Developed by Alif/My routine/app/build/tmp/kotlin-classes/debug/com/alif/studentroutine/ui/navigation/Screen.class
2026-05-16T17:00:38.681+0600 [DEBUG] [org.gradle.internal.watch.vfs.impl.WatchingVirtualFileSystem] Handling VFS change REMOVED /Users/alifmahmud/FM 01/Developed by Alif/My routine/app/build/tmp/kotlin-classes/debug/com/alif/studentroutine/ui/navigation/NavGraphKt$NavGraph$1$5$1.class
2026-05-16T17:00:38.681+0600 [DEBUG] [org.gradle.internal.watch.vfs.impl.WatchingVirtualFileSystem] Handling VFS change REMOVED /Users/alifmahmud/FM 01/Developed by Alif/My routine/app/build/tmp/kotlin-classes/debug/com/alif/studentroutine/ui/navigation/Screen$Tasks.class
2026-05-16T17:00:38.681+0600 [DEBUG] [org.gradle.internal.watch.vfs.impl.WatchingVirtualFileSystem] Handling VFS change REMOVED /Users/alifmahmud/FM 01/Developed by Alif/My routine/app/build/tmp/kotlin-classes/debug/com/alif/studentroutine/ui/navigation/NavGraphKt$NavGraph$1$7.class
2026-05-16T17:00:38.681+0600 [DEBUG] [org.gradle.internal.watch.vfs.impl.WatchingVirtualFileSystem] Handling VFS change REMOVED /Users/alifmahmud/FM 01/Developed by Alif/My routine/app/build/tmp/kotlin-classes/debug/com/alif/studentroutine/ui/navigation/NavGraphKt$NavGraph$1$5.class
2026-05-16T17:00:38.682+0600 [DEBUG] [org.gradle.internal.watch.vfs.impl.WatchingVirtualFileSystem] Handling VFS change REMOVED /Users/alifmahmud/FM 01/Developed by Alif/My routine/app/build/tmp/kotlin-classes/debug/com/alif/studentroutine/ui/navigation/Screen$AddClass.class
2026-05-16T17:00:38.682+0600 [DEBUG] [org.gradle.internal.watch.vfs.impl.WatchingVirtualFileSystem] Handling VFS change REMOVED /Users/alifmahmud/FM 01/Developed by Alif/My routine/app/build/tmp/kotlin-classes/debug/com/alif/studentroutine/ui/navigation/Screen$AddTask.class
2026-05-16T17:00:38.682+0600 [DEBUG] [org.gradle.internal.watch.vfs.impl.WatchingVirtualFileSystem] Handling VFS change REMOVED /Users/alifmahmud/FM 01/Developed by Alif/My routine/app/build/tmp/kotlin-classes/debug/com/alif/studentroutine/ui/navigation/NavGraphKt$NavGraph$1$2.class
2026-05-16T17:00:38.682+0600 [DEBUG] [org.gradle.internal.watch.vfs.impl.WatchingVirtualFileSystem] Handling VFS change REMOVED /Users/alifmahmud/FM 01/Developed by Alif/My routine/app/build/tmp/kotlin-classes/debug/com/alif/studentroutine/ui/navigation/NavGraphKt.class
2026-05-16T17:00:38.682+0600 [DEBUG] [org.gradle.internal.watch.vfs.impl.WatchingVirtualFileSystem] Handling VFS change REMOVED /Users/alifmahmud/FM 01/Developed by Alif/My routine/app/build/tmp/kotlin-classes/debug/com/alif/studentroutine/ui/navigation/Screen$Dashboard.class
2026-05-16T17:00:38.682+0600 [DEBUG] [org.gradle.internal.watch.vfs.impl.WatchingVirtualFileSystem] Handling VFS change REMOVED /Users/alifmahmud/FM 01/Developed by Alif/My routine/app/build/tmp/kotlin-classes/debug/com/alif/studentroutine/ui/navigation/NavGraphKt$NavGraph$1$4.class
2026-05-16T17:00:38.682+0600 [DEBUG] [org.gradle.internal.watch.vfs.impl.WatchingVirtualFileSystem] Handling VFS change REMOVED /Users/alifmahmud/FM 01/Developed by Alif/My routine/app/build/tmp/kotlin-classes/debug/com/alif/studentroutine/ui/navigation/NavGraphKt$NavGraph$1$6.class
2026-05-16T17:00:38.682+0600 [DEBUG] [org.gradle.internal.watch.vfs.impl.WatchingVirtualFileSystem] Handling VFS change REMOVED /Users/alifmahmud/FM 01/Developed by Alif/My routine/app/build/tmp/kotlin-classes/debug/com/alif/studentroutine/ui/navigation/NavGraphKt$NavGraph$1$7$1.class
2026-05-16T17:00:38.682+0600 [DEBUG] [org.gradle.internal.watch.vfs.impl.WatchingVirtualFileSystem] Handling VFS change REMOVED /Users/alifmahmud/FM 01/Developed by Alif/My routine/app/build/tmp/kotlin-classes/debug/com/alif/studentroutine/ui/navigation
2026-05-16T17:00:38.682+0600 [DEBUG] [org.gradle.internal.watch.vfs.impl.WatchingVirtualFileSystem] Handling VFS change REMOVED /Users/alifmahmud/FM 01/Developed by Alif/My routine/app/build/tmp/kotlin-classes/debug/com/alif/studentroutine/ui/screens/AddEditTaskScreenKt$AddEditTaskScreen$2$3$1.class
2026-05-16T17:00:38.682+0600 [DEBUG] [org.gradle.internal.watch.vfs.impl.WatchingVirtualFileSystem] Handling VFS change REMOVED /Users/alifmahmud/FM 01/Developed by Alif/My routine/app/build/tmp/kotlin-classes/debug/com/alif/studentroutine/ui/screens/TasksScreenKt$TasksScreen$2.class
2026-05-16T17:00:38.682+0600 [DEBUG] [org.gradle.internal.watch.vfs.impl.WatchingVirtualFileSystem] Handling VFS change REMOVED /Users/alifmahmud/FM 01/Developed by Alif/My routine/app/build/tmp/kotlin-classes/debug/com/alif/studentroutine/ui/screens/AddEditClassScreenKt$AddEditClassScreen$1.class
2026-05-16T17:00:38.682+0600 [DEBUG] [org.gradle.internal.watch.vfs.impl.WatchingVirtualFileSystem] Handling VFS change REMOVED /Users/alifmahmud/FM 01/Developed by Alif/My routine/app/build/tmp/kotlin-classes/debug/com/alif/studentroutine/ui/screens/ComposableSingletons$TasksScreenKt$lambda-3$1.class
2026-05-16T17:00:38.682+0600 [DEBUG] [org.gradle.internal.watch.vfs.impl.WatchingVirtualFileSystem] Handling VFS change REMOVED /Users/alifmahmud/FM 01/Developed by Alif/My routine/app/build/tmp/kotlin-classes/debug/com/alif/studentroutine/ui/screens/ComposableSingletons$NearbyLibrariesScreenKt$lambda-5$1.class
2026-05-16T17:00:38.682+0600 [DEBUG] [org.gradle.internal.watch.vfs.impl.WatchingVirtualFileSystem] Handling VFS change REMOVED /Users/alifmahmud/FM 01/Developed by Alif/My routine/app/build/tmp/kotlin-classes/debug/com/alif/studentroutine/ui/screens/TasksScreenKt$TasksScreen$2$1$2$invoke$$inlined$items$default$3.class
2026-05-16T17:00:38.682+0600 [DEBUG] [org.gradle.internal.watch.vfs.impl.WatchingVirtualFileSystem] Handling VFS change REMOVED /Users/alifmahmud/FM 01/Developed by Alif/My routine/app/build/tmp/kotlin-classes/debug/com/alif/studentroutine/ui/screens/TimetableScreenKt$TimetableScreen$2$1$1$1$2.class
2026-05-16T17:00:38.683+0600 [DEBUG] [org.gradle.internal.watch.vfs.impl.WatchingVirtualFileSystem] Handling VFS change REMOVED /Users/alifmahmud/FM 01/Developed by Alif/My routine/app/build/tmp/kotlin-classes/debug/com/alif/studentroutine/ui/screens/ComposableSingletons$AddEditClassScreenKt$lambda-2$1.class
2026-05-16T17:00:38.683+0600 [DEBUG] [org.gradle.internal.watch.vfs.impl.WatchingVirtualFileSystem] Handling VFS change REMOVED /Users/alifmahmud/FM 01/Developed by Alif/My routine/app/build/tmp/kotlin-classes/debug/com/alif/studentroutine/ui/screens/Library.class
2026-05-16T17:00:38.683+0600 [DEBUG] [org.gradle.internal.watch.vfs.impl.WatchingVirtualFileSystem] Handling VFS change REMOVED /Users/alifmahmud/FM 01/Developed by Alif/My routine/app/build/tmp/kotlin-classes/debug/com/alif/studentroutine/ui/screens/TimetableScreenKt$TimetableClassCard$1$1$3$1$1.class
2026-05-16T17:00:38.683+0600 [DEBUG] [org.gradle.internal.watch.vfs.impl.WatchingVirtualFileSystem] Handling VFS change REMOVED /Users/alifmahmud/FM 01/Developed by Alif/My routine/app/build/tmp/kotlin-classes/debug/com/alif/studentroutine/ui/screens/ComposableSingletons$DashboardScreenKt$lambda-3$1.class
2026-05-16T17:00:38.683+0600 [DEBUG] [org.gradle.internal.watch.vfs.impl.WatchingVirtualFileSystem] Handling VFS change REMOVED /Users/alifmahmud/FM 01/Developed by Alif/My routine/app/build/tmp/kotlin-classes/debug/com/alif/studentroutine/ui/screens/ComposableSingletons$TimetableScreenKt$lambda-3$1.class
2026-05-16T17:00:38.683+0600 [DEBUG] [org.gradle.internal.watch.vfs.impl.WatchingVirtualFileSystem] Handling VFS change REMOVED /Users/alifmahmud/FM 01/Developed by Alif/My routine/app/build/tmp/kotlin-classes/debug/com/alif/studentroutine/ui/screens/TasksScreenKt.class
2026-05-16T17:00:38.683+0600 [DEBUG] [org.gradle.internal.watch.vfs.impl.WatchingVirtualFileSystem] Handling VFS change REMOVED /Users/alifmahmud/FM 01/Developed by Alif/My routine/app/build/tmp/kotlin-classes/debug/com/alif/studentroutine/ui/screens/ComposableSingletons$AddEditTaskScreenKt$lambda-4$1.class
2026-05-16T17:00:38.683+0600 [DEBUG] [org.gradle.internal.watch.vfs.impl.WatchingVirtualFileSystem] Handling VFS change REMOVED /Users/alifmahmud/FM 01/Developed by Alif/My routine/app/build/tmp/kotlin-classes/debug/com/alif/studentroutine/ui/screens/TasksScreenKt$TasksScreen$2$1$2$invoke$$inlined$items$default$1.class
2026-05-16T17:00:38.683+0600 [DEBUG] [org.gradle.internal.watch.vfs.impl.WatchingVirtualFileSystem] Handling VFS change REMOVED /Users/alifmahmud/FM 01/Developed by Alif/My routine/app/build/tmp/kotlin-classes/debug/com/alif/studentroutine/ui/screens/TasksScreenKt$TasksScreen$2$1$2.class
2026-05-16T17:00:38.684+0600 [DEBUG] [org.gradle.internal.watch.vfs.impl.WatchingVirtualFileSystem] Handling VFS change REMOVED /Users/alifmahmud/FM 01/Developed by Alif/My routine/app/build/tmp/kotlin-classes/debug/com/alif/studentroutine/ui/screens/DashboardScreenKt$DashboardScreen$3$1$invoke$$inlined$items$default$2.class
2026-05-16T17:00:38.684+0600 [DEBUG] [org.gradle.internal.watch.vfs.impl.WatchingVirtualFileSystem] Handling VFS change REMOVED /Users/alifmahmud/FM 01/Developed by Alif/My routine/app/build/tmp/kotlin-classes/debug/com/alif/studentroutine/ui/screens/AddEditClassScreenKt$AddEditClassScreen$3.class
2026-05-16T17:00:38.684+0600 [DEBUG] [org.gradle.internal.watch.vfs.impl.WatchingVirtualFileSystem] Handling VFS change REMOVED /Users/alifmahmud/FM 01/Developed by Alif/My routine/app/build/tmp/kotlin-classes/debug/com/alif/studentroutine/ui/screens/AddEditClassScreenKt$TimePickerRow$1$2$1.class
2026-05-16T17:00:38.684+0600 [DEBUG] [org.gradle.internal.watch.vfs.impl.WatchingVirtualFileSystem] Handling VFS change REMOVED /Users/alifmahmud/FM 01/Developed by Alif/My routine/app/build/tmp/kotlin-classes/debug/com/alif/studentroutine/ui/screens/NearbyLibrariesScreenKt.class
2026-05-16T17:00:38.684+0600 [DEBUG] [org.gradle.internal.watch.vfs.impl.WatchingVirtualFileSystem] Handling VFS change REMOVED /Users/alifmahmud/FM 01/Developed by Alif/My routine/app/build/tmp/kotlin-classes/debug/com/alif/studentroutine/ui/screens/AddEditTaskScreenKt$AddEditTaskScreen$3$2$4.class
2026-05-16T17:00:38.684+0600 [DEBUG] [org.gradle.internal.watch.vfs.impl.WatchingVirtualFileSystem] Handling VFS change REMOVED /Users/alifmahmud/FM 01/Developed by Alif/My routine/app/build/tmp/kotlin-classes/debug/com/alif/studentroutine/ui/screens/TasksScreenKt$FullTaskCard$1$1$2$1$1.class
2026-05-16T17:00:38.684+0600 [DEBUG] [org.gradle.internal.watch.vfs.impl.WatchingVirtualFileSystem] Handling VFS change REMOVED /Users/alifmahmud/FM 01/Developed by Alif/My routine/app/build/tmp/kotlin-classes/debug/com/alif/studentroutine/ui/screens/ComposableSingletons$AddEditTaskScreenKt$lambda-5$1.class
2026-05-16T17:00:38.684+0600 [DEBUG] [org.gradle.internal.watch.vfs.impl.WatchingVirtualFileSystem] Handling VFS change REMOVED /Users/alifmahmud/FM 01/Developed by Alif/My routine/app/build/tmp/kotlin-classes/debug/com/alif/studentroutine/ui/screens/ComposableSingletons$TimetableScreenKt$lambda-2$1.class
2026-05-16T17:00:38.684+0600 [DEBUG] [org.gradle.internal.watch.vfs.impl.WatchingVirtualFileSystem] Handling VFS change REMOVED /Users/alifmahmud/FM 01/Developed by Alif/My routine/app/build/tmp/kotlin-classes/debug/com/alif/studentroutine/ui/screens/NearbyLibrariesScreenKt$NearbyLibrariesScreen$3$1$5$invoke$$inlined$items$default$1.class
2026-05-16T17:00:38.684+0600 [DEBUG] [org.gradle.internal.watch.vfs.impl.WatchingVirtualFileSystem] Handling VFS change REMOVED /Users/alifmahmud/FM 01/Developed by Alif/My routine/app/build/tmp/kotlin-classes/debug/com/alif/studentroutine/ui/screens/AddEditTaskScreenKt$AddEditTaskScreen$3$2$7$1$1$1.class
2026-05-16T17:00:38.684+0600 [DEBUG] [org.gradle.internal.watch.vfs.impl.WatchingVirtualFileSystem] Handling VFS change REMOVED /Users/alifmahmud/FM 01/Developed by Alif/My routine/app/build/tmp/kotlin-classes/debug/com/alif/studentroutine/ui/screens/TasksScreenKt$FullTaskCard$4$1$1.class
2026-05-16T17:00:38.684+0600 [DEBUG] [org.gradle.internal.watch.vfs.impl.WatchingVirtualFileSystem] Handling VFS change REMOVED /Users/alifmahmud/FM 01/Developed by Alif/My routine/app/build/tmp/kotlin-classes/debug/com/alif/studentroutine/ui/screens/NearbyLibrariesScreenKt$LibraryCard$1.class
2026-05-16T17:00:38.684+0600 [DEBUG] [org.gradle.internal.watch.vfs.impl.WatchingVirtualFileSystem] Handling VFS change REMOVED /Users/alifmahmud/FM 01/Developed by Alif/My routine/app/build/tmp/kotlin-classes/debug/com/alif/studentroutine/ui/screens/TimetableScreenKt$TimetableClassCard$4.class
2026-05-16T17:00:38.685+0600 [DEBUG] [org.gradle.internal.watch.vfs.impl.WatchingVirtualFileSystem] Handling VFS change REMOVED /Users/alifmahmud/FM 01/Developed by Alif/My routine/app/build/tmp/kotlin-classes/debug/com/alif/studentroutine/ui/screens/TasksScreenKt$FullTaskCard$6.class
2026-05-16T17:00:38.685+0600 [DEBUG] [org.gradle.internal.watch.vfs.impl.WatchingVirtualFileSystem] Handling VFS change REMOVED /Users/alifmahmud/FM 01/Developed by Alif/My routine/app/build/tmp/kotlin-classes/debug/com/alif/studentroutine/ui/screens/AddEditClassScreenKt$AddEditClassScreen$3$2$10.class
2026-05-16T17:00:38.685+0600 [DEBUG] [org.gradle.internal.watch.vfs.impl.WatchingVirtualFileSystem] Handling VFS change REMOVED /Users/alifmahmud/FM 01/Developed by Alif/My routine/app/build/tmp/kotlin-classes/debug/com/alif/studentroutine/ui/screens/DashboardScreenKt$DashboardScreen$3$1$invoke$$inlined$items$default$6.class
2026-05-16T17:00:38.685+0600 [DEBUG] [org.gradle.internal.watch.vfs.impl.WatchingVirtualFileSystem] Handling VFS change REMOVED /Users/alifmahmud/FM 01/Developed by Alif/My routine/app/build/tmp/kotlin-classes/debug/com/alif/studentroutine/ui/screens/NearbyLibrariesScreenKt$NearbyLibrariesScreen$3.class
2026-05-16T17:00:38.686+0600 [DEBUG] [org.gradle.internal.watch.vfs.impl.WatchingVirtualFileSystem] Handling VFS change REMOVED /Users/alifmahmud/FM 01/Developed by Alif/My routine/app/build/tmp/kotlin-classes/debug/com/alif/studentroutine/ui/screens/DashboardScreenKt$TaskCard$1.class
2026-05-16T17:00:38.686+0600 [DEBUG] [org.gradle.internal.watch.vfs.impl.WatchingVirtualFileSystem] Handling VFS change REMOVED /Users/alifmahmud/FM 01/Developed by Alif/My routine/app/build/tmp/kotlin-classes/debug/com/alif/studentroutine/ui/screens/AddEditTaskScreenKt$AddEditTaskScreen$2$3$1$1.class
2026-05-16T17:00:38.686+0600 [DEBUG] [org.gradle.internal.watch.vfs.impl.WatchingVirtualFileSystem] Handling VFS change REMOVED /Users/alifmahmud/FM 01/Developed by Alif/My routine/app/build/tmp/kotlin-classes/debug/com/alif/studentroutine/ui/screens/NearbyLibrariesScreenKt$NearbyLibrariesScreen$1.class
2026-05-16T17:00:38.686+0600 [DEBUG] [org.gradle.internal.watch.vfs.impl.WatchingVirtualFileSystem] Handling VFS change REMOVED /Users/alifmahmud/FM 01/Developed by Alif/My routine/app/build/tmp/kotlin-classes/debug/com/alif/studentroutine/ui/screens/TimetableScreenKt$TimetableScreen$2$1$1.class
2026-05-16T17:00:38.686+0600 [DEBUG] [org.gradle.internal.watch.vfs.impl.WatchingVirtualFileSystem] Handling VFS change REMOVED /Users/alifmahmud/FM 01/Developed by Alif/My routine/app/build/tmp/kotlin-classes/debug/com/alif/studentroutine/ui/screens/AddEditClassScreenKt$AddEditClassScreen$3$2$9.class
2026-05-16T17:00:38.686+0600 [DEBUG] [org.gradle.internal.watch.vfs.impl.WatchingVirtualFileSystem] Handling VFS change REMOVED /Users/alifmahmud/FM 01/Developed by Alif/My routine/app/build/tmp/kotlin-classes/debug/com/alif/studentroutine/ui/screens/DashboardScreenKt$DashboardScreen$3$1$invoke$$inlined$items$default$4.class
2026-05-16T17:00:38.686+0600 [DEBUG] [org.gradle.internal.watch.vfs.impl.WatchingVirtualFileSystem] Handling VFS change REMOVED /Users/alifmahmud/FM 01/Developed by Alif/My routine/app/build/tmp/kotlin-classes/debug/com/alif/studentroutine/ui/screens/ComposableSingletons$TasksScreenKt$lambda-2$1.class
2026-05-16T17:00:38.686+0600 [DEBUG] [org.gradle.internal.watch.vfs.impl.WatchingVirtualFileSystem] Handling VFS change REMOVED /Users/alifmahmud/FM 01/Developed by Alif/My routine/app/build/tmp/kotlin-classes/debug/com/alif/studentroutine/ui/screens/NearbyLibrariesScreenKt$NearbyLibrariesScreen$1$1.class
2026-05-16T17:00:38.687+0600 [DEBUG] [org.gradle.internal.watch.vfs.impl.WatchingVirtualFileSystem] Handling VFS change REMOVED /Users/alifmahmud/FM 01/Developed by Alif/My routine/app/build/tmp/kotlin-classes/debug/com/alif/studentroutine/ui/screens/TasksScreenKt$FullTaskCard$4.class
2026-05-16T17:00:38.687+0600 [DEBUG] [org.gradle.internal.watch.vfs.impl.WatchingVirtualFileSystem] Handling VFS change REMOVED /Users/alifmahmud/FM 01/Developed by Alif/My routine/app/build/tmp/kotlin-classes/debug/com/alif/studentroutine/ui/screens/TimetableScreenKt$TimetableScreen$1$2.class
2026-05-16T17:00:38.687+0600 [DEBUG] [org.gradle.internal.watch.vfs.impl.WatchingVirtualFileSystem] Handling VFS change REMOVED /Users/alifmahmud/FM 01/Developed by Alif/My routine/app/build/tmp/kotlin-classes/debug/com/alif/studentroutine/ui/screens/AddEditClassScreenKt$AddEditClassScreen$3$2$1$1.class
2026-05-16T17:00:38.687+0600 [DEBUG] [org.gradle.internal.watch.vfs.impl.WatchingVirtualFileSystem] Handling VFS change REMOVED /Users/alifmahmud/FM 01/Developed by Alif/My routine/app/build/tmp/kotlin-classes/debug/com/alif/studentroutine/ui/screens/ComposableSingletons$AddEditClassScreenKt$lambda-3$1.class
2026-05-16T17:00:38.687+0600 [DEBUG] [org.gradle.internal.watch.vfs.impl.WatchingVirtualFileSystem] Handling VFS change REMOVED /Users/alifmahmud/FM 01/Developed by Alif/My routine/app/build/tmp/kotlin-classes/debug/com/alif/studentroutine/ui/screens/DashboardScreenKt$DashboardScreen$3$1.class
2026-05-16T17:00:38.687+0600 [DEBUG] [org.gradle.internal.watch.vfs.impl.WatchingVirtualFileSystem] Handling VFS change REMOVED /Users/alifmahmud/FM 01/Developed by Alif/My routine/app/build/tmp/kotlin-classes/debug/com/alif/studentroutine/ui/screens/NearbyLibrariesScreenKt$NearbyLibrariesScreen$3$1$5$invoke$$inlined$items$default$3.class
2026-05-16T17:00:38.687+0600 [DEBUG] [org.gradle.internal.watch.vfs.impl.WatchingVirtualFileSystem] Handling VFS change REMOVED /Users/alifmahmud/FM 01/Developed by Alif/My routine/app/build/tmp/kotlin-classes/debug/com/alif/studentroutine/ui/screens/TimetableScreenKt$TimetableClassCard$6.class
2026-05-16T17:00:38.687+0600 [DEBUG] [org.gradle.internal.watch.vfs.impl.WatchingVirtualFileSystem] Handling VFS change REMOVED /Users/alifmahmud/FM 01/Developed by Alif/My routine/app/build/tmp/kotlin-classes/debug/com/alif/studentroutine/ui/screens/NearbyLibrariesScreenKt$LibraryCard$3.class
2026-05-16T17:00:38.687+0600 [DEBUG] [org.gradle.internal.watch.vfs.impl.WatchingVirtualFileSystem] Handling VFS change REMOVED /Users/alifmahmud/FM 01/Developed by Alif/My routine/app/build/tmp/kotlin-classes/debug/com/alif/studentroutine/ui/screens/ComposableSingletons$NearbyLibrariesScreenKt$lambda-4$1.class
2026-05-16T17:00:38.687+0600 [DEBUG] [org.gradle.internal.watch.vfs.impl.WatchingVirtualFileSystem] Handling VFS change REMOVED /Users/alifmahmud/FM 01/Developed by Alif/My routine/app/build/tmp/kotlin-classes/debug/com/alif/studentroutine/ui/screens/TimetableScreenKt$TimetableScreen$2.class
2026-05-16T17:00:38.687+0600 [DEBUG] [org.gradle.internal.watch.vfs.impl.WatchingVirtualFileSystem] Handling VFS change REMOVED /Users/alifmahmud/FM 01/Developed by Alif/My routine/app/build/tmp/kotlin-classes/debug/com/alif/studentroutine/ui/screens/ComposableSingletons$DashboardScreenKt$lambda-2$1.class
2026-05-16T17:00:38.687+0600 [DEBUG] [org.gradle.internal.watch.vfs.impl.WatchingVirtualFileSystem] Handling VFS change REMOVED /Users/alifmahmud/FM 01/Developed by Alif/My routine/app/build/tmp/kotlin-classes/debug/com/alif/studentroutine/ui/screens/DashboardScreenKt$DashboardScreen$3$1$invoke$$inlined$items$default$3.class
2026-05-16T17:00:38.687+0600 [DEBUG] [org.gradle.internal.watch.vfs.impl.WatchingVirtualFileSystem] Handling VFS change REMOVED /Users/alifmahmud/FM 01/Developed by Alif/My routine/app/build/tmp/kotlin-classes/debug/com/alif/studentroutine/ui/screens/ComposableSingletons$AddEditTaskScreenKt$lambda-7$1.class
2026-05-16T17:00:38.688+0600 [DEBUG] [org.gradle.internal.watch.vfs.impl.WatchingVirtualFileSystem] Handling VFS change REMOVED /Users/alifmahmud/FM 01/Developed by Alif/My routine/app/build/tmp/kotlin-classes/debug/com/alif/studentroutine/ui/screens/ComposableSingletons$TasksScreenKt$lambda-9$1.class
2026-05-16T17:00:38.688+0600 [DEBUG] [org.gradle.internal.watch.vfs.impl.WatchingVirtualFileSystem] Handling VFS change REMOVED /Users/alifmahmud/FM 01/Developed by Alif/My routine/app/build/tmp/kotlin-classes/debug/com/alif/studentroutine/ui/screens/TasksScreenKt$TasksScreen$2$1$2$1$1.class
2026-05-16T17:00:38.688+0600 [DEBUG] [org.gradle.internal.watch.vfs.impl.WatchingVirtualFileSystem] Handling VFS change REMOVED /Users/alifmahmud/FM 01/Developed by Alif/My routine/app/build/tmp/kotlin-classes/debug/com/alif/studentroutine/ui/screens/TasksScreenKt$FullTaskCard$3.class
2026-05-16T17:00:38.688+0600 [DEBUG] [org.gradle.internal.watch.vfs.impl.WatchingVirtualFileSystem] Handling VFS change REMOVED /Users/alifmahmud/FM 01/Developed by Alif/My routine/app/build/tmp/kotlin-classes/debug/com/alif/studentroutine/ui/screens/ComposableSingletons$AddEditClassScreenKt$lambda-8$1.class
2026-05-16T17:00:38.688+0600 [DEBUG] [org.gradle.internal.watch.vfs.impl.WatchingVirtualFileSystem] Handling VFS change REMOVED /Users/alifmahmud/FM 01/Developed by Alif/My routine/app/build/tmp/kotlin-classes/debug/com/alif/studentroutine/ui/screens/TasksScreenKt$FullTaskCard$3$1$1.class
2026-05-16T17:00:38.688+0600 [DEBUG] [org.gradle.internal.watch.vfs.impl.WatchingVirtualFileSystem] Handling VFS change REMOVED /Users/alifmahmud/FM 01/Developed by Alif/My routine/app/build/tmp/kotlin-classes/debug/com/alif/studentroutine/ui/screens/NearbyLibrariesScreenKt$NearbyLibrariesScreen$3$1$5$invoke$$inlined$items$default$4.class
2026-05-16T17:00:38.688+0600 [DEBUG] [org.gradle.internal.watch.vfs.impl.WatchingVirtualFileSystem] Handling VFS change REMOVED /Users/alifmahmud/FM 01/Developed by Alif/My routine/app/build/tmp/kotlin-classes/debug/com/alif/studentroutine/ui/screens/AddEditTaskScreenKt$AddEditTaskScreen$3$2$5.class
2026-05-16T17:00:38.688+0600 [DEBUG] [org.gradle.internal.watch.vfs.impl.WatchingVirtualFileSystem] Handling VFS change REMOVED /Users/alifmahmud/FM 01/Developed by Alif/My routine/app/build/tmp/kotlin-classes/debug/com/alif/studentroutine/ui/screens/TimetableScreenKt$TimetableClassCard$1.class
2026-05-16T17:00:38.689+0600 [DEBUG] [org.gradle.internal.watch.vfs.impl.WatchingVirtualFileSystem] Handling VFS change REMOVED /Users/alifmahmud/FM 01/Developed by Alif/My routine/app/build/tmp/kotlin-classes/debug/com/alif/studentroutine/ui/screens/ComposableSingletons$DashboardScreenKt$lambda-9$1.class
2026-05-16T17:00:38.689+0600 [DEBUG] [org.gradle.internal.watch.vfs.impl.WatchingVirtualFileSystem] Handling VFS change REMOVED /Users/alifmahmud/FM 01/Developed by Alif/My routine/app/build/tmp/kotlin-classes/debug/com/alif/studentroutine/ui/screens/AddEditClassScreenKt$TimePickerRow$1$1$1.class
2026-05-16T17:00:38.689+0600 [DEBUG] [org.gradle.internal.watch.vfs.impl.WatchingVirtualFileSystem] Handling VFS change REMOVED /Users/alifmahmud/FM 01/Developed by Alif/My routine/app/build/tmp/kotlin-classes/debug/com/alif/studentroutine/ui/screens/AddEditClassScreenKt$AddEditClassScreen$2.class
2026-05-16T17:00:38.689+0600 [DEBUG] [org.gradle.internal.watch.vfs.impl.WatchingVirtualFileSystem] Handling VFS change REMOVED /Users/alifmahmud/FM 01/Developed by Alif/My routine/app/build/tmp/kotlin-classes/debug/com/alif/studentroutine/ui/screens/TasksScreenKt$TasksScreen$1.class
2026-05-16T17:00:38.689+0600 [DEBUG] [org.gradle.internal.watch.vfs.impl.WatchingVirtualFileSystem] Handling VFS change REMOVED /Users/alifmahmud/FM 01/Developed by Alif/My routine/app/build/tmp/kotlin-classes/debug/com/alif/studentroutine/ui/screens/TasksScreenKt$TasksScreen$3.class
2026-05-16T17:00:38.689+0600 [DEBUG] [org.gradle.internal.watch.vfs.impl.WatchingVirtualFileSystem] Handling VFS change REMOVED /Users/alifmahmud/FM 01/Developed by Alif/My routine/app/build/tmp/kotlin-classes/debug/com/alif/studentroutine/ui/screens/ComposableSingletons$TimetableScreenKt$lambda-9$1.class
2026-05-16T17:00:38.695+0600 [DEBUG] [org.gradle.internal.watch.vfs.impl.WatchingVirtualFileSystem] Handling VFS change REMOVED /Users/alifmahmud/FM 01/Developed by Alif/My routine/app/build/tmp/kotlin-classes/debug/com/alif/studentroutine/ui/screens/TimetableScreenKt$TimetableClassCard$3.class
2026-05-16T17:00:38.696+0600 [DEBUG] [org.gradle.internal.watch.vfs.impl.WatchingVirtualFileSystem] Handling VFS change REMOVED /Users/alifmahmud/FM 01/Developed by Alif/My routine/app/build/tmp/kotlin-classes/debug/com/alif/studentroutine/ui/screens/TasksScreenKt$FullTaskCard$1.class
2026-05-16T17:00:38.696+0600 [DEBUG] [org.gradle.internal.watch.vfs.impl.WatchingVirtualFileSystem] Handling VFS change REMOVED /Users/alifmahmud/FM 01/Developed by Alif/My routine/app/build/tmp/kotlin-classes/debug/com/alif/studentroutine/ui/screens/TasksScreenKt$TasksScreen$2$1$2$1$3.class
2026-05-16T17:00:38.696+0600 [DEBUG] [org.gradle.internal.watch.vfs.impl.WatchingVirtualFileSystem] Handling VFS change REMOVED /Users/alifmahmud/FM 01/Developed by Alif/My routine/app/build/tmp/kotlin-classes/debug/com/alif/studentroutine/ui/screens/DashboardScreenKt$DashboardScreen$1$1.class
2026-05-16T17:00:38.696+0600 [DEBUG] [org.gradle.internal.watch.vfs.impl.WatchingVirtualFileSystem] Handling VFS change REMOVED /Users/alifmahmud/FM 01/Developed by Alif/My routine/app/build/tmp/kotlin-classes/debug/com/alif/studentroutine/ui/screens/ComposableSingletons$AddEditClassScreenKt$lambda-1$1.class
2026-05-16T17:00:38.696+0600 [DEBUG] [org.gradle.internal.watch.vfs.impl.WatchingVirtualFileSystem] Handling VFS change REMOVED /Users/alifmahmud/FM 01/Developed by Alif/My routine/app/build/tmp/kotlin-classes/debug/com/alif/studentroutine/ui/screens/DashboardScreenKt$DashboardScreen$3$1$invoke$$inlined$items$default$1.class
2026-05-16T17:00:38.696+0600 [DEBUG] [org.gradle.internal.watch.vfs.impl.WatchingVirtualFileSystem] Handling VFS change REMOVED /Users/alifmahmud/FM 01/Developed by Alif/My routine/app/build/tmp/kotlin-classes/debug/com/alif/studentroutine/ui/screens/NearbyLibrariesScreenKt$NearbyLibrariesScreen$4.class
2026-05-16T17:00:38.696+0600 [DEBUG] [org.gradle.internal.watch.vfs.impl.WatchingVirtualFileSystem] Handling VFS change REMOVED /Users/alifmahmud/FM 01/Developed by Alif/My routine/app/build/tmp/kotlin-classes/debug/com/alif/studentroutine/ui/screens/TasksScreenKt$TasksScreen$2$1$2$invoke$$inlined$items$default$2.class
2026-05-16T17:00:38.696+0600 [DEBUG] [org.gradle.internal.watch.vfs.impl.WatchingVirtualFileSystem] Handling VFS change REMOVED /Users/alifmahmud/FM 01/Developed by Alif/My routine/app/build/tmp/kotlin-classes/debug/com/alif/studentroutine/ui/screens/NearbyLibrariesScreenKt$NearbyLibrariesScreen$2$1.class
2026-05-16T17:00:38.696+0600 [DEBUG] [org.gradle.internal.watch.vfs.impl.WatchingVirtualFileSystem] Handling VFS change REMOVED /Users/alifmahmud/FM 01/Developed by Alif/My routine/app/build/tmp/kotlin-classes/debug/com/alif/studentroutine/ui/screens/TasksScreenKt$FullTaskCard$5.class
2026-05-16T17:00:38.696+0600 [DEBUG] [org.gradle.internal.watch.vfs.impl.WatchingVirtualFileSystem] Handling VFS change REMOVED /Users/alifmahmud/FM 01/Developed by Alif/My routine/app/build/tmp/kotlin-classes/debug/com/alif/studentroutine/ui/screens/ComposableSingletons$TimetableScreenKt$lambda-8$1.class
2026-05-16T17:00:38.696+0600 [DEBUG] [org.gradle.internal.watch.vfs.impl.WatchingVirtualFileSystem] Handling VFS change REMOVED /Users/alifmahmud/FM 01/Developed by Alif/My routine/app/build/tmp/kotlin-classes/debug/com/alif/studentroutine/ui/screens/ComposableSingletons$TasksScreenKt$lambda-1$1.class
2026-05-16T17:00:38.697+0600 [DEBUG] [org.gradle.internal.watch.vfs.impl.WatchingVirtualFileSystem] Handling VFS change REMOVED /Users/alifmahmud/FM 01/Developed by Alif/My routine/app/build/tmp/kotlin-classes/debug/com/alif/studentroutine/ui/screens/TasksScreenKt$FullTaskCard$1$1$3$1$1.class
2026-05-16T17:00:38.697+0600 [DEBUG] [org.gradle.internal.watch.vfs.impl.WatchingVirtualFileSystem] Handling VFS change REMOVED /Users/alifmahmud/FM 01/Developed by Alif/My routine/app/build/tmp/kotlin-classes/debug/com/alif/studentroutine/ui/screens/ComposableSingletons$TasksScreenKt.class
2026-05-16T17:00:38.697+0600 [DEBUG] [org.gradle.internal.watch.vfs.impl.WatchingVirtualFileSystem] Handling VFS change REMOVED /Users/alifmahmud/FM 01/Developed by Alif/My routine/app/build/tmp/kotlin-classes/debug/com/alif/studentroutine/ui/screens/DashboardScreenKt$DashboardScreen$3$1$invoke$$inlined$items$default$5.class
2026-05-16T17:00:38.697+0600 [DEBUG] [org.gradle.internal.watch.vfs.impl.WatchingVirtualFileSystem] Handling VFS change REMOVED /Users/alifmahmud/FM 01/Developed by Alif/My routine/app/build/tmp/kotlin-classes/debug/com/alif/studentroutine/ui/screens/AddEditClassScreenKt$AddEditClassScreen$4.class
2026-05-16T17:00:38.697+0600 [DEBUG] [org.gradle.internal.watch.vfs.impl.WatchingVirtualFileSystem] Handling VFS change REMOVED /Users/alifmahmud/FM 01/Developed by Alif/My routine/app/build/tmp/kotlin-classes/debug/com/alif/studentroutine/ui/screens/ComposableSingletons$DashboardScreenKt$lambda-1$1.class
2026-05-16T17:00:38.698+0600 [DEBUG] [org.gradle.internal.watch.vfs.impl.WatchingVirtualFileSystem] Handling VFS change REMOVED /Users/alifmahmud/FM 01/Developed by Alif/My routine/app/build/tmp/kotlin-classes/debug/com/alif/studentroutine/ui/screens/TimetableScreenKt$TimetableScreen$3.class
2026-05-16T17:00:38.698+0600 [DEBUG] [org.gradle.internal.watch.vfs.impl.WatchingVirtualFileSystem] Handling VFS change REMOVED /Users/alifmahmud/FM 01/Developed by Alif/My routine/app/build/tmp/kotlin-classes/debug/com/alif/studentroutine/ui/screens/NearbyLibrariesScreenKt$LibraryCard$2.class
2026-05-16T17:00:38.698+0600 [DEBUG] [org.gradle.internal.watch.vfs.impl.WatchingVirtualFileSystem] Handling VFS change REMOVED /Users/alifmahmud/FM 01/Developed by Alif/My routine/app/build/tmp/kotlin-classes/debug/com/alif/studentroutine/ui/screens/NearbyLibrariesScreenKt$NearbyLibrariesScreen$3$1$5$invoke$$inlined$items$default$2.class
2026-05-16T17:00:38.698+0600 [DEBUG] [org.gradle.internal.watch.vfs.impl.WatchingVirtualFileSystem] Handling VFS change REMOVED /Users/alifmahmud/FM 01/Developed by Alif/My routine/app/build/tmp/kotlin-classes/debug/com/alif/studentroutine/ui/screens/AddEditClassScreenKt$AddEditClassScreen$3$2$2$1.class
2026-05-16T17:00:38.698+0600 [DEBUG] [org.gradle.internal.watch.vfs.impl.WatchingVirtualFileSystem] Handling VFS change REMOVED /Users/alifmahmud/FM 01/Developed by Alif/My routine/app/build/tmp/kotlin-classes/debug/com/alif/studentroutine/ui/screens/AddEditTaskScreenKt$AddEditTaskScreen$3$2$3.class
2026-05-16T17:00:38.698+0600 [DEBUG] [org.gradle.internal.watch.vfs.impl.WatchingVirtualFileSystem] Handling VFS change REMOVED /Users/alifmahmud/FM 01/Developed by Alif/My routine/app/build/tmp/kotlin-classes/debug/com/alif/studentroutine/ui/screens/TimetableScreenKt$TimetableClassCard$5.class
2026-05-16T17:00:38.698+0600 [DEBUG] [org.gradle.internal.watch.vfs.impl.WatchingVirtualFileSystem] Handling VFS change REMOVED /Users/alifmahmud/FM 01/Developed by Alif/My routine/app/build/tmp/kotlin-classes/debug/com/alif/studentroutine/ui/screens/TimetableScreenKt$TimetableScreen$1$1.class
2026-05-16T17:00:38.698+0600 [DEBUG] [org.gradle.internal.watch.vfs.impl.WatchingVirtualFileSystem] Handling VFS change REMOVED /Users/alifmahmud/FM 01/Developed by Alif/My routine/app/build/tmp/kotlin-classes/debug/com/alif/studentroutine/ui/screens/TasksScreenKt$TasksScreen$2$1$1$2.class
2026-05-16T17:00:38.699+0600 [DEBUG] [org.gradle.internal.watch.vfs.impl.WatchingVirtualFileSystem] Handling VFS change REMOVED /Users/alifmahmud/FM 01/Developed by Alif/My routine/app/build/tmp/kotlin-classes/debug/com/alif/studentroutine/ui/screens/ComposableSingletons$TimetableScreenKt$lambda-1$1.class
2026-05-16T17:00:38.699+0600 [DEBUG] [org.gradle.internal.watch.vfs.impl.WatchingVirtualFileSystem] Handling VFS change REMOVED /Users/alifmahmud/FM 01/Developed by Alif/My routine/app/build/tmp/kotlin-classes/debug/com/alif/studentroutine/ui/screens/ComposableSingletons$AddEditTaskScreenKt$lambda-6$1.class
2026-05-16T17:00:38.700+0600 [DEBUG] [org.gradle.internal.watch.vfs.impl.WatchingVirtualFileSystem] Handling VFS change REMOVED /Users/alifmahmud/FM 01/Developed by Alif/My routine/app/build/tmp/kotlin-classes/debug/com/alif/studentroutine/ui/screens/TimetableScreenKt$TimetableScreen$1.class
2026-05-16T17:00:38.700+0600 [DEBUG] [org.gradle.internal.watch.vfs.impl.WatchingVirtualFileSystem] Handling VFS change REMOVED /Users/alifmahmud/FM 01/Developed by Alif/My routine/app/build/tmp/kotlin-classes/debug/com/alif/studentroutine/ui/screens/NearbyLibrariesScreenKt$NearbyLibrariesScreen$1$1$1.class
2026-05-16T17:00:38.702+0600 [DEBUG] [org.gradle.internal.watch.vfs.impl.WatchingVirtualFileSystem] Handling VFS change REMOVED /Users/alifmahmud/FM 01/Developed by Alif/My routine/app/build/tmp/kotlin-classes/debug/com/alif/studentroutine/ui/screens/ComposableSingletons$TasksScreenKt$lambda-8$1.class
2026-05-16T17:00:38.703+0600 [DEBUG] [org.gradle.internal.watch.vfs.impl.WatchingVirtualFileSystem] Handling VFS change REMOVED /Users/alifmahmud/FM 01/Developed by Alif/My routine/app/build/tmp/kotlin-classes/debug/com/alif/studentroutine/ui/screens/DashboardScreenKt$DashboardScreen$3$1$invoke$$inlined$items$default$7.class
2026-05-16T17:00:38.703+0600 [DEBUG] [org.gradle.internal.watch.vfs.impl.WatchingVirtualFileSystem] Handling VFS change REMOVED /Users/alifmahmud/FM 01/Developed by Alif/My routine/app/build/tmp/kotlin-classes/debug/com/alif/studentroutine/ui/screens/TimetableScreenKt$TimetableScreen$2$1$2.class
2026-05-16T17:00:38.703+0600 [DEBUG] [org.gradle.internal.watch.vfs.impl.WatchingVirtualFileSystem] Handling VFS change REMOVED /Users/alifmahmud/FM 01/Developed by Alif/My routine/app/build/tmp/kotlin-classes/debug/com/alif/studentroutine/ui/screens/AddEditClassScreenKt$TimePickerRow$2.class
2026-05-16T17:00:38.703+0600 [DEBUG] [org.gradle.internal.watch.vfs.impl.WatchingVirtualFileSystem] Handling VFS change REMOVED /Users/alifmahmud/FM 01/Developed by Alif/My routine/app/build/tmp/kotlin-classes/debug/com/alif/studentroutine/ui/screens/TasksScreenKt$TasksScreen$2$1$2$invoke$$inlined$items$default$4.class
2026-05-16T17:00:38.703+0600 [DEBUG] [org.gradle.internal.watch.vfs.impl.WatchingVirtualFileSystem] Handling VFS change REMOVED /Users/alifmahmud/FM 01/Developed by Alif/My routine/app/build/tmp/kotlin-classes/debug/com/alif/studentroutine/ui/screens/NearbyLibrariesScreenKt$NearbyLibrariesScreen$2.class
2026-05-16T17:00:38.704+0600 [DEBUG] [org.gradle.internal.watch.vfs.impl.WatchingVirtualFileSystem] Handling VFS change REMOVED /Users/alifmahmud/FM 01/Developed by Alif/My routine/app/build/tmp/kotlin-classes/debug/com/alif/studentroutine/ui/screens/AddEditClassScreenKt$AddEditClassScreen$3$2$3$1$1$1.class
2026-05-16T17:00:38.705+0600 [DEBUG] [org.gradle.internal.watch.vfs.impl.WatchingVirtualFileSystem] Handling VFS change REMOVED /Users/alifmahmud/FM 01/Developed by Alif/My routine/app/build/tmp/kotlin-classes/debug/com/alif/studentroutine/ui/screens/DashboardScreenKt$TaskCard$2.class
2026-05-16T17:00:38.705+0600 [DEBUG] [org.gradle.internal.watch.vfs.impl.WatchingVirtualFileSystem] Handling VFS change REMOVED /Users/alifmahmud/FM 01/Developed by Alif/My routine/app/build/tmp/kotlin-classes/debug/com/alif/studentroutine/ui/screens/ComposableSingletons$DashboardScreenKt$lambda-8$1.class
2026-05-16T17:00:38.705+0600 [DEBUG] [org.gradle.internal.watch.vfs.impl.WatchingVirtualFileSystem] Handling VFS change REMOVED /Users/alifmahmud/FM 01/Developed by Alif/My routine/app/build/tmp/kotlin-classes/debug/com/alif/studentroutine/ui/screens/NearbyLibrariesScreenKt$NearbyLibrariesScreen$3$1$2$1.class
2026-05-16T17:00:38.705+0600 [DEBUG] [org.gradle.internal.watch.vfs.impl.WatchingVirtualFileSystem] Handling VFS change REMOVED /Users/alifmahmud/FM 01/Developed by Alif/My routine/app/build/tmp/kotlin-classes/debug/com/alif/studentroutine/ui/screens/AddEditClassScreenKt$AddEditClassScreen$2$3$1.class
2026-05-16T17:00:38.705+0600 [DEBUG] [org.gradle.internal.watch.vfs.impl.WatchingVirtualFileSystem] Handling VFS change REMOVED /Users/alifmahmud/FM 01/Developed by Alif/My routine/app/build/tmp/kotlin-classes/debug/com/alif/studentroutine/ui/screens/DashboardScreenKt$EmptyStateCard$1.class
2026-05-16T17:00:38.706+0600 [DEBUG] [org.gradle.internal.watch.vfs.impl.WatchingVirtualFileSystem] Handling VFS change REMOVED /Users/alifmahmud/FM 01/Developed by Alif/My routine/app/build/tmp/kotlin-classes/debug/com/alif/studentroutine/ui/screens/TimetableScreenKt$TimetableScreen$2$1$2$invoke$$inlined$items$default$2.class
2026-05-16T17:00:38.706+0600 [DEBUG] [org.gradle.internal.watch.vfs.impl.WatchingVirtualFileSystem] Handling VFS change REMOVED /Users/alifmahmud/FM 01/Developed by Alif/My routine/app/build/tmp/kotlin-classes/debug/com/alif/studentroutine/ui/screens/ComposableSingletons$AddEditClassScreenKt.class
2026-05-16T17:00:38.707+0600 [DEBUG] [org.gradle.internal.watch.vfs.impl.WatchingVirtualFileSystem] Handling VFS change REMOVED /Users/alifmahmud/FM 01/Developed by Alif/My routine/app/build/tmp/kotlin-classes/debug/com/alif/studentroutine/ui/screens/DashboardScreenKt$ClassCard$2.class
2026-05-16T17:00:38.707+0600 [DEBUG] [org.gradle.internal.watch.vfs.impl.WatchingVirtualFileSystem] Handling VFS change REMOVED /Users/alifmahmud/FM 01/Developed by Alif/My routine/app/build/tmp/kotlin-classes/debug/com/alif/studentroutine/ui/screens/TasksScreenKt$TasksScreen$2$1$1$1$1.class
2026-05-16T17:00:38.708+0600 [DEBUG] [org.gradle.internal.watch.vfs.impl.WatchingVirtualFileSystem] Handling VFS change REMOVED /Users/alifmahmud/FM 01/Developed by Alif/My routine/app/build/tmp/kotlin-classes/debug/com/alif/studentroutine/ui/screens/AddEditTaskScreenKt$AddEditTaskScreen$4.class
2026-05-16T17:00:38.708+0600 [DEBUG] [org.gradle.internal.watch.vfs.impl.WatchingVirtualFileSystem] Handling VFS change REMOVED /Users/alifmahmud/FM 01/Developed by Alif/My routine/app/build/tmp/kotlin-classes/debug/com/alif/studentroutine/ui/screens/TasksScreenKt$TasksScreen$1$2.class
2026-05-16T17:00:38.708+0600 [DEBUG] [org.gradle.internal.watch.vfs.impl.WatchingVirtualFileSystem] Handling VFS change REMOVED /Users/alifmahmud/FM 01/Developed by Alif/My routine/app/build/tmp/kotlin-classes/debug/com/alif/studentroutine/ui/screens/ComposableSingletons$TimetableScreenKt$lambda-4$1.class
2026-05-16T17:00:38.708+0600 [DEBUG] [org.gradle.internal.watch.vfs.impl.WatchingVirtualFileSystem] Handling VFS change REMOVED /Users/alifmahmud/FM 01/Developed by Alif/My routine/app/build/tmp/kotlin-classes/debug/com/alif/studentroutine/ui/screens/DashboardScreenKt$DashboardScreen$3$1$2.class
2026-05-16T17:00:38.708+0600 [DEBUG] [org.gradle.internal.watch.vfs.impl.WatchingVirtualFileSystem] Handling VFS change REMOVED /Users/alifmahmud/FM 01/Developed by Alif/My routine/app/build/tmp/kotlin-classes/debug/com/alif/studentroutine/ui/screens/AddEditClassScreenKt$AddEditClassScreen$3$2$8$1$2.class
2026-05-16T17:00:38.708+0600 [DEBUG] [org.gradle.internal.watch.vfs.impl.WatchingVirtualFileSystem] Handling VFS change REMOVED /Users/alifmahmud/FM 01/Developed by Alif/My routine/app/build/tmp/kotlin-classes/debug/com/alif/studentroutine/ui/screens/ComposableSingletons$AddEditTaskScreenKt$lambda-3$1.class
2026-05-16T17:00:38.709+0600 [DEBUG] [org.gradle.internal.watch.vfs.impl.WatchingVirtualFileSystem] Handling VFS change REMOVED /Users/alifmahmud/FM 01/Developed by Alif/My routine/app/build/tmp/kotlin-classes/debug/com/alif/studentroutine/ui/screens/DashboardScreenKt$DashboardScreen$1.class
2026-05-16T17:00:38.709+0600 [DEBUG] [org.gradle.internal.watch.vfs.impl.WatchingVirtualFileSystem] Handling VFS change REMOVED /Users/alifmahmud/FM 01/Developed by Alif/My routine/app/build/tmp/kotlin-classes/debug/com/alif/studentroutine/ui/screens/DashboardScreenKt$DashboardScreen$3.class
2026-05-16T17:00:38.709+0600 [DEBUG] [org.gradle.internal.watch.vfs.impl.WatchingVirtualFileSystem] Handling VFS change REMOVED /Users/alifmahmud/FM 01/Developed by Alif/My routine/app/build/tmp/kotlin-classes/debug/com/alif/studentroutine/ui/screens/ComposableSingletons$DashboardScreenKt$lambda-4$1.class
2026-05-16T17:00:38.709+0600 [DEBUG] [org.gradle.internal.watch.vfs.impl.WatchingVirtualFileSystem] Handling VFS change REMOVED /Users/alifmahmud/FM 01/Developed by Alif/My routine/app/build/tmp/kotlin-classes/debug/com/alif/studentroutine/ui/screens/ComposableSingletons$NearbyLibrariesScreenKt$lambda-2$1.class
2026-05-16T17:00:38.709+0600 [DEBUG] [org.gradle.internal.watch.vfs.impl.WatchingVirtualFileSystem] Handling VFS change REMOVED /Users/alifmahmud/FM 01/Developed by Alif/My routine/app/build/tmp/kotlin-classes/debug/com/alif/studentroutine/ui/screens/AddEditClassScreenKt$AddEditClassScreen$3$2$7$1.class
2026-05-16T17:00:38.710+0600 [DEBUG] [org.gradle.internal.watch.vfs.impl.WatchingVirtualFileSystem] Handling VFS change REMOVED /Users/alifmahmud/FM 01/Developed by Alif/My routine/app/build/tmp/kotlin-classes/debug/com/alif/studentroutine/ui/screens/ComposableSingletons$AddEditClassScreenKt$lambda-5$1.class
2026-05-16T17:00:38.710+0600 [DEBUG] [org.gradle.internal.watch.vfs.impl.WatchingVirtualFileSystem] Handling VFS change REMOVED /Users/alifmahmud/FM 01/Developed by Alif/My routine/app/build/tmp/kotlin-classes/debug/com/alif/studentroutine/ui/screens/AddEditTaskScreenKt$AddEditTaskScreen$3$2$6$1$2.class
2026-05-16T17:00:38.710+0600 [DEBUG] [org.gradle.internal.watch.vfs.impl.WatchingVirtualFileSystem] Handling VFS change REMOVED /Users/alifmahmud/FM 01/Developed by Alif/My routine/app/build/tmp/kotlin-classes/debug/com/alif/studentroutine/ui/screens/ComposableSingletons$NearbyLibrariesScreenKt.class
2026-05-16T17:00:38.710+0600 [DEBUG] [org.gradle.internal.watch.vfs.impl.WatchingVirtualFileSystem] Handling VFS change REMOVED /Users/alifmahmud/FM 01/Developed by Alif/My routine/app/build/tmp/kotlin-classes/debug/com/alif/studentroutine/ui/screens/ComposableSingletons$AddEditTaskScreenKt.class
2026-05-16T17:00:38.710+0600 [DEBUG] [org.gradle.internal.watch.vfs.impl.WatchingVirtualFileSystem] Handling VFS change REMOVED /Users/alifmahmud/FM 01/Developed by Alif/My routine/app/build/tmp/kotlin-classes/debug/com/alif/studentroutine/ui/screens/AddEditTaskScreenKt$AddEditTaskScreen$3$2$2$1.class
2026-05-16T17:00:38.710+0600 [DEBUG] [org.gradle.internal.watch.vfs.impl.WatchingVirtualFileSystem] Handling VFS change REMOVED /Users/alifmahmud/FM 01/Developed by Alif/My routine/app/build/tmp/kotlin-classes/debug/com/alif/studentroutine/ui/screens/ComposableSingletons$TasksScreenKt$lambda-4$1.class
2026-05-16T17:00:38.710+0600 [DEBUG] [org.gradle.internal.watch.vfs.impl.WatchingVirtualFileSystem] Handling VFS change REMOVED /Users/alifmahmud/FM 01/Developed by Alif/My routine/app/build/tmp/kotlin-classes/debug/com/alif/studentroutine/ui/screens/ComposableSingletons$TimetableScreenKt.class
2026-05-16T17:00:38.710+0600 [DEBUG] [org.gradle.internal.watch.vfs.impl.WatchingVirtualFileSystem] Handling VFS change REMOVED /Users/alifmahmud/FM 01/Developed by Alif/My routine/app/build/tmp/kotlin-classes/debug/com/alif/studentroutine/ui/screens/AddEditTaskScreenKt$AddEditTaskScreen$3$2$6$1$1$1.class
2026-05-16T17:00:38.710+0600 [DEBUG] [org.gradle.internal.watch.vfs.impl.WatchingVirtualFileSystem] Handling VFS change REMOVED /Users/alifmahmud/FM 01/Developed by Alif/My routine/app/build/tmp/kotlin-classes/debug/com/alif/studentroutine/ui/screens/TimetableScreenKt$TimetableScreen$2$1$2$1$1$1.class
2026-05-16T17:00:38.710+0600 [DEBUG] [org.gradle.internal.watch.vfs.impl.WatchingVirtualFileSystem] Handling VFS change REMOVED /Users/alifmahmud/FM 01/Developed by Alif/My routine/app/build/tmp/kotlin-classes/debug/com/alif/studentroutine/ui/screens/ComposableSingletons$DashboardScreenKt$lambda-5$1.class
2026-05-16T17:00:38.722+0600 [DEBUG] [org.gradle.internal.watch.vfs.impl.WatchingVirtualFileSystem] Handling VFS change REMOVED /Users/alifmahmud/FM 01/Developed by Alif/My routine/app/build/tmp/kotlin-classes/debug/com/alif/studentroutine/ui/screens/TimetableScreenKt$TimetableClassCard$4$1$1.class
2026-05-16T17:00:38.722+0600 [DEBUG] [org.gradle.internal.watch.vfs.impl.WatchingVirtualFileSystem] Handling VFS change REMOVED /Users/alifmahmud/FM 01/Developed by Alif/My routine/app/build/tmp/kotlin-classes/debug/com/alif/studentroutine/ui/screens/AddEditTaskScreenKt$AddEditTaskScreen$2$1.class
2026-05-16T17:00:38.722+0600 [DEBUG] [org.gradle.internal.watch.vfs.impl.WatchingVirtualFileSystem] Handling VFS change REMOVED /Users/alifmahmud/FM 01/Developed by Alif/My routine/app/build/tmp/kotlin-classes/debug/com/alif/studentroutine/ui/screens/AddEditClassScreenKt$AddEditClassScreen$2$3.class
2026-05-16T17:00:38.723+0600 [DEBUG] [org.gradle.internal.watch.vfs.impl.WatchingVirtualFileSystem] Handling VFS change REMOVED /Users/alifmahmud/FM 01/Developed by Alif/My routine/app/build/tmp/kotlin-classes/debug/com/alif/studentroutine/ui/screens/TimetableScreenKt$TimetableScreen$2$1$2$invoke$$inlined$items$default$4.class
2026-05-16T17:00:38.723+0600 [DEBUG] [org.gradle.internal.watch.vfs.impl.WatchingVirtualFileSystem] Handling VFS change REMOVED /Users/alifmahmud/FM 01/Developed by Alif/My routine/app/build/tmp/kotlin-classes/debug/com/alif/studentroutine/ui/screens/AddEditClassScreenKt$AddEditClassScreen$3$2$6$1.class
2026-05-16T17:00:38.724+0600 [DEBUG] [org.gradle.internal.watch.vfs.impl.WatchingVirtualFileSystem] Handling VFS change REMOVED /Users/alifmahmud/FM 01/Developed by Alif/My routine/app/build/tmp/kotlin-classes/debug/com/alif/studentroutine/ui/screens/ComposableSingletons$AddEditClassScreenKt$lambda-4$1.class
2026-05-16T17:00:38.724+0600 [DEBUG] [org.gradle.internal.watch.vfs.impl.WatchingVirtualFileSystem] Handling VFS change REMOVED /Users/alifmahmud/FM 01/Developed by Alif/My routine/app/build/tmp/kotlin-classes/debug/com/alif/studentroutine/ui/screens/ComposableSingletons$NearbyLibrariesScreenKt$lambda-3$1.class
2026-05-16T17:00:38.724+0600 [DEBUG] [org.gradle.internal.watch.vfs.impl.WatchingVirtualFileSystem] Handling VFS change REMOVED /Users/alifmahmud/FM 01/Developed by Alif/My routine/app/build/tmp/kotlin-classes/debug/com/alif/studentroutine/ui/screens/DashboardScreenKt$DashboardScreen$3$1$4.class
2026-05-16T17:00:38.724+0600 [DEBUG] [org.gradle.internal.watch.vfs.impl.WatchingVirtualFileSystem] Handling VFS change REMOVED /Users/alifmahmud/FM 01/Developed by Alif/My routine/app/build/tmp/kotlin-classes/debug/com/alif/studentroutine/ui/screens/ComposableSingletons$TasksScreenKt$lambda-5$1.class
2026-05-16T17:00:38.724+0600 [DEBUG] [org.gradle.internal.watch.vfs.impl.WatchingVirtualFileSystem] Handling VFS change REMOVED /Users/alifmahmud/FM 01/Developed by Alif/My routine/app/build/tmp/kotlin-classes/debug/com/alif/studentroutine/ui/screens/AddEditClassScreenKt.class
2026-05-16T17:00:38.724+0600 [DEBUG] [org.gradle.internal.watch.vfs.impl.WatchingVirtualFileSystem] Handling VFS change REMOVED /Users/alifmahmud/FM 01/Developed by Alif/My routine/app/build/tmp/kotlin-classes/debug/com/alif/studentroutine/ui/screens/ComposableSingletons$DashboardScreenKt.class
2026-05-16T17:00:38.724+0600 [DEBUG] [org.gradle.internal.watch.vfs.impl.WatchingVirtualFileSystem] Handling VFS change REMOVED /Users/alifmahmud/FM 01/Developed by Alif/My routine/app/build/tmp/kotlin-classes/debug/com/alif/studentroutine/ui/screens/AddEditTaskScreenKt$AddEditTaskScreen$2.class
2026-05-16T17:00:38.724+0600 [DEBUG] [org.gradle.internal.watch.vfs.impl.WatchingVirtualFileSystem] Handling VFS change REMOVED /Users/alifmahmud/FM 01/Developed by Alif/My routine/app/build/tmp/kotlin-classes/debug/com/alif/studentroutine/ui/screens/AddEditClassScreenKt$AddEditClassScreen$3$2$8$1$1$1.class
2026-05-16T17:00:38.724+0600 [DEBUG] [org.gradle.internal.watch.vfs.impl.WatchingVirtualFileSystem] Handling VFS change REMOVED /Users/alifmahmud/FM 01/Developed by Alif/My routine/app/build/tmp/kotlin-classes/debug/com/alif/studentroutine/ui/screens/DashboardScreenKt$DashboardScreen$3$1$5$1.class
2026-05-16T17:00:38.724+0600 [DEBUG] [org.gradle.internal.watch.vfs.impl.WatchingVirtualFileSystem] Handling VFS change REMOVED /Users/alifmahmud/FM 01/Developed by Alif/My routine/app/build/tmp/kotlin-classes/debug/com/alif/studentroutine/ui/screens/AddEditClassScreenKt$AddEditClassScreen$3$2$3$1$2.class
2026-05-16T17:00:38.724+0600 [DEBUG] [org.gradle.internal.watch.vfs.impl.WatchingVirtualFileSystem] Handling VFS change REMOVED /Users/alifmahmud/FM 01/Developed by Alif/My routine/app/build/tmp/kotlin-classes/debug/com/alif/studentroutine/ui/screens/AddEditTaskScreenKt$AddEditTaskScreen$3$2$9.class
2026-05-16T17:00:38.725+0600 [DEBUG] [org.gradle.internal.watch.vfs.impl.WatchingVirtualFileSystem] Handling VFS change REMOVED /Users/alifmahmud/FM 01/Developed by Alif/My routine/app/build/tmp/kotlin-classes/debug/com/alif/studentroutine/ui/screens/AddEditTaskScreenKt$AddEditTaskScreen$2$3.class
2026-05-16T17:00:38.725+0600 [DEBUG] [org.gradle.internal.watch.vfs.impl.WatchingVirtualFileSystem] Handling VFS change REMOVED /Users/alifmahmud/FM 01/Developed by Alif/My routine/app/build/tmp/kotlin-classes/debug/com/alif/studentroutine/ui/screens/ComposableSingletons$DashboardScreenKt$lambda-12$1.class
2026-05-16T17:00:38.725+0600 [DEBUG] [org.gradle.internal.watch.vfs.impl.WatchingVirtualFileSystem] Handling VFS change REMOVED /Users/alifmahmud/FM 01/Developed by Alif/My routine/app/build/tmp/kotlin-classes/debug/com/alif/studentroutine/ui/screens/ComposableSingletons$AddEditTaskScreenKt$lambda-2$1.class
2026-05-16T17:00:38.725+0600 [DEBUG] [org.gradle.internal.watch.vfs.impl.WatchingVirtualFileSystem] Handling VFS change REMOVED /Users/alifmahmud/FM 01/Developed by Alif/My routine/app/build/tmp/kotlin-classes/debug/com/alif/studentroutine/ui/screens/AddEditClassScreenKt$AddEditClassScreen$2$1.class
2026-05-16T17:00:38.725+0600 [DEBUG] [org.gradle.internal.watch.vfs.impl.WatchingVirtualFileSystem] Handling VFS change REMOVED /Users/alifmahmud/FM 01/Developed by Alif/My routine/app/build/tmp/kotlin-classes/debug/com/alif/studentroutine/ui/screens/ComposableSingletons$TimetableScreenKt$lambda-5$1.class
2026-05-16T17:00:38.725+0600 [DEBUG] [org.gradle.internal.watch.vfs.impl.WatchingVirtualFileSystem] Handling VFS change REMOVED /Users/alifmahmud/FM 01/Developed by Alif/My routine/app/build/tmp/kotlin-classes/debug/com/alif/studentroutine/ui/screens/ComposableSingletons$AddEditClassScreenKt$lambda-6$1.class
2026-05-16T17:00:38.725+0600 [DEBUG] [org.gradle.internal.watch.vfs.impl.WatchingVirtualFileSystem] Handling VFS change REMOVED /Users/alifmahmud/FM 01/Developed by Alif/My routine/app/build/tmp/kotlin-classes/debug/com/alif/studentroutine/ui/screens/AddEditClassScreenKt$AddEditClassScreen$3$2$4$1.class
2026-05-16T17:00:38.725+0600 [DEBUG] [org.gradle.internal.watch.vfs.impl.WatchingVirtualFileSystem] Handling VFS change REMOVED /Users/alifmahmud/FM 01/Developed by Alif/My routine/app/build/tmp/kotlin-classes/debug/com/alif/studentroutine/ui/screens/DashboardScreenKt$ClassCard$1.class
2026-05-16T17:00:38.726+0600 [DEBUG] [org.gradle.internal.watch.vfs.impl.WatchingVirtualFileSystem] Handling VFS change REMOVED /Users/alifmahmud/FM 01/Developed by Alif/My routine/app/build/tmp/kotlin-classes/debug/com/alif/studentroutine/ui/screens/ComposableSingletons$NearbyLibrariesScreenKt$lambda-1$1.class
2026-05-16T17:00:38.726+0600 [DEBUG] [org.gradle.internal.watch.vfs.impl.WatchingVirtualFileSystem] Handling VFS change REMOVED /Users/alifmahmud/FM 01/Developed by Alif/My routine/app/build/tmp/kotlin-classes/debug/com/alif/studentroutine/ui/screens/DashboardScreenKt$DashboardScreen$2.class
2026-05-16T17:00:38.726+0600 [DEBUG] [org.gradle.internal.watch.vfs.impl.WatchingVirtualFileSystem] Handling VFS change REMOVED /Users/alifmahmud/FM 01/Developed by Alif/My routine/app/build/tmp/kotlin-classes/debug/com/alif/studentroutine/ui/screens/ComposableSingletons$DashboardScreenKt$lambda-7$1.class
2026-05-16T17:00:38.726+0600 [DEBUG] [org.gradle.internal.watch.vfs.impl.WatchingVirtualFileSystem] Handling VFS change REMOVED /Users/alifmahmud/FM 01/Developed by Alif/My routine/app/build/tmp/kotlin-classes/debug/com/alif/studentroutine/ui/screens/DashboardScreenKt$DashboardScreen$3$1$1.class
2026-05-16T17:00:38.726+0600 [DEBUG] [org.gradle.internal.watch.vfs.impl.WatchingVirtualFileSystem] Handling VFS change REMOVED /Users/alifmahmud/FM 01/Developed by Alif/My routine/app/build/tmp/kotlin-classes/debug/com/alif/studentroutine/ui/screens/NearbyLibrariesScreenKt$NearbyLibrariesScreen$3$1$5.class
2026-05-16T17:00:38.726+0600 [DEBUG] [org.gradle.internal.watch.vfs.impl.WatchingVirtualFileSystem] Handling VFS change REMOVED /Users/alifmahmud/FM 01/Developed by Alif/My routine/app/build/tmp/kotlin-classes/debug/com/alif/studentroutine/ui/screens/ComposableSingletons$TimetableScreenKt$lambda-10$1.class
2026-05-16T17:00:38.726+0600 [DEBUG] [org.gradle.internal.watch.vfs.impl.WatchingVirtualFileSystem] Handling VFS change REMOVED /Users/alifmahmud/FM 01/Developed by Alif/My routine/app/build/tmp/kotlin-classes/debug/com/alif/studentroutine/ui/screens/TimetableScreenKt$TimetableScreen$2$1$2$1$2.class
2026-05-16T17:00:38.726+0600 [DEBUG] [org.gradle.internal.watch.vfs.impl.WatchingVirtualFileSystem] Handling VFS change REMOVED /Users/alifmahmud/FM 01/Developed by Alif/My routine/app/build/tmp/kotlin-classes/debug/com/alif/studentroutine/ui/screens/AddEditClassScreenKt$AddEditClassScreen$2$3$1$1.class
2026-05-16T17:00:38.726+0600 [DEBUG] [org.gradle.internal.watch.vfs.impl.WatchingVirtualFileSystem] Handling VFS change REMOVED /Users/alifmahmud/FM 01/Developed by Alif/My routine/app/build/tmp/kotlin-classes/debug/com/alif/studentroutine/ui/screens/TasksScreenKt$TasksScreen$1$1.class
2026-05-16T17:00:38.726+0600 [DEBUG] [org.gradle.internal.watch.vfs.impl.WatchingVirtualFileSystem] Handling VFS change REMOVED /Users/alifmahmud/FM 01/Developed by Alif/My routine/app/build/tmp/kotlin-classes/debug/com/alif/studentroutine/ui/screens/TimetableScreenKt$TimetableScreen$2$1$2$invoke$$inlined$items$default$1.class
2026-05-16T17:00:38.726+0600 [DEBUG] [org.gradle.internal.watch.vfs.impl.WatchingVirtualFileSystem] Handling VFS change REMOVED /Users/alifmahmud/FM 01/Developed by Alif/My routine/app/build/tmp/kotlin-classes/debug/com/alif/studentroutine/ui/screens/DashboardScreenKt$EmptyStateCard$2.class
2026-05-16T17:00:38.726+0600 [DEBUG] [org.gradle.internal.watch.vfs.impl.WatchingVirtualFileSystem] Handling VFS change REMOVED /Users/alifmahmud/FM 01/Developed by Alif/My routine/app/build/tmp/kotlin-classes/debug/com/alif/studentroutine/ui/screens/TasksScreenKt$FullTaskCard$1$1$1$1.class
2026-05-16T17:00:38.726+0600 [DEBUG] [org.gradle.internal.watch.vfs.impl.WatchingVirtualFileSystem] Handling VFS change REMOVED /Users/alifmahmud/FM 01/Developed by Alif/My routine/app/build/tmp/kotlin-classes/debug/com/alif/studentroutine/ui/screens/ComposableSingletons$TasksScreenKt$lambda-7$1.class
2026-05-16T17:00:38.726+0600 [DEBUG] [org.gradle.internal.watch.vfs.impl.WatchingVirtualFileSystem] Handling VFS change REMOVED /Users/alifmahmud/FM 01/Developed by Alif/My routine/app/build/tmp/kotlin-classes/debug/com/alif/studentroutine/ui/screens/AddEditTaskScreenKt$AddEditTaskScreen$3$2$1$1.class
2026-05-16T17:00:38.727+0600 [DEBUG] [org.gradle.internal.watch.vfs.impl.WatchingVirtualFileSystem] Handling VFS change REMOVED /Users/alifmahmud/FM 01/Developed by Alif/My routine/app/build/tmp/kotlin-classes/debug/com/alif/studentroutine/ui/screens/TimetableScreenKt$TimetableClassCard$3$1$1.class
2026-05-16T17:00:38.727+0600 [DEBUG] [org.gradle.internal.watch.vfs.impl.WatchingVirtualFileSystem] Handling VFS change REMOVED /Users/alifmahmud/FM 01/Developed by Alif/My routine/app/build/tmp/kotlin-classes/debug/com/alif/studentroutine/ui/screens/DashboardScreenKt$DashboardScreen$3$1$invoke$$inlined$items$default$8.class
2026-05-16T17:00:38.727+0600 [DEBUG] [org.gradle.internal.watch.vfs.impl.WatchingVirtualFileSystem] Handling VFS change REMOVED /Users/alifmahmud/FM 01/Developed by Alif/My routine/app/build/tmp/kotlin-classes/debug/com/alif/studentroutine/ui/screens/DashboardScreenKt.class
2026-05-16T17:00:38.728+0600 [DEBUG] [org.gradle.internal.watch.vfs.impl.WatchingVirtualFileSystem] Handling VFS change REMOVED /Users/alifmahmud/FM 01/Developed by Alif/My routine/app/build/tmp/kotlin-classes/debug/com/alif/studentroutine/ui/screens/AddEditTaskScreenKt$AddEditTaskScreen$3$2$7$1$2.class
2026-05-16T17:00:38.728+0600 [DEBUG] [org.gradle.internal.watch.vfs.impl.WatchingVirtualFileSystem] Handling VFS change REMOVED /Users/alifmahmud/FM 01/Developed by Alif/My routine/app/build/tmp/kotlin-classes/debug/com/alif/studentroutine/ui/screens/AddEditTaskScreenKt.class
2026-05-16T17:00:38.729+0600 [DEBUG] [org.gradle.internal.watch.vfs.impl.WatchingVirtualFileSystem] Handling VFS change REMOVED /Users/alifmahmud/FM 01/Developed by Alif/My routine/app/build/tmp/kotlin-classes/debug/com/alif/studentroutine/ui/screens/TimetableScreenKt$TimetableScreen$2$1$2$invoke$$inlined$items$default$3.class
2026-05-16T17:00:38.729+0600 [DEBUG] [org.gradle.internal.watch.vfs.impl.WatchingVirtualFileSystem] Handling VFS change REMOVED /Users/alifmahmud/FM 01/Developed by Alif/My routine/app/build/tmp/kotlin-classes/debug/com/alif/studentroutine/ui/screens/ComposableSingletons$DashboardScreenKt$lambda-10$1.class
2026-05-16T17:00:38.731+0600 [DEBUG] [org.gradle.internal.watch.vfs.impl.WatchingVirtualFileSystem] Handling VFS change REMOVED /Users/alifmahmud/FM 01/Developed by Alif/My routine/app/build/tmp/kotlin-classes/debug/com/alif/studentroutine/ui/screens/ComposableSingletons$TimetableScreenKt$lambda-7$1.class
2026-05-16T17:00:38.731+0600 [DEBUG] [org.gradle.internal.watch.vfs.impl.WatchingVirtualFileSystem] Handling VFS change REMOVED /Users/alifmahmud/FM 01/Developed by Alif/My routine/app/build/tmp/kotlin-classes/debug/com/alif/studentroutine/ui/screens/TimetableScreenKt.class
2026-05-16T17:00:38.731+0600 [DEBUG] [org.gradle.internal.watch.vfs.impl.WatchingVirtualFileSystem] Handling VFS change REMOVED /Users/alifmahmud/FM 01/Developed by Alif/My routine/app/build/tmp/kotlin-classes/debug/com/alif/studentroutine/ui/screens/DashboardScreenKt$DashboardScreen$4.class
2026-05-16T17:00:38.731+0600 [DEBUG] [org.gradle.internal.watch.vfs.impl.WatchingVirtualFileSystem] Handling VFS change REMOVED /Users/alifmahmud/FM 01/Developed by Alif/My routine/app/build/tmp/kotlin-classes/debug/com/alif/studentroutine/ui/screens/AddEditTaskScreenKt$AddEditTaskScreen$3$2$8.class
2026-05-16T17:00:38.731+0600 [DEBUG] [org.gradle.internal.watch.vfs.impl.WatchingVirtualFileSystem] Handling VFS change REMOVED /Users/alifmahmud/FM 01/Developed by Alif/My routine/app/build/tmp/kotlin-classes/debug/com/alif/studentroutine/ui/screens/NearbyLibrariesScreenKt$NearbyLibrariesScreen$3$1$3.class
2026-05-16T17:00:38.731+0600 [DEBUG] [org.gradle.internal.watch.vfs.impl.WatchingVirtualFileSystem] Handling VFS change REMOVED /Users/alifmahmud/FM 01/Developed by Alif/My routine/app/build/tmp/kotlin-classes/debug/com/alif/studentroutine/ui/screens/TimetableScreenKt$TimetableScreen$2$1$1$1$1$1.class
2026-05-16T17:00:38.731+0600 [DEBUG] [org.gradle.internal.watch.vfs.impl.WatchingVirtualFileSystem] Handling VFS change REMOVED /Users/alifmahmud/FM 01/Developed by Alif/My routine/app/build/tmp/kotlin-classes/debug/com/alif/studentroutine/ui/screens/TasksScreenKt$FullTaskCard$2$1.class
2026-05-16T17:00:38.731+0600 [DEBUG] [org.gradle.internal.watch.vfs.impl.WatchingVirtualFileSystem] Handling VFS change REMOVED /Users/alifmahmud/FM 01/Developed by Alif/My routine/app/build/tmp/kotlin-classes/debug/com/alif/studentroutine/ui/screens/AddEditTaskScreenKt$AddEditTaskScreen$1.class
2026-05-16T17:00:38.731+0600 [DEBUG] [org.gradle.internal.watch.vfs.impl.WatchingVirtualFileSystem] Handling VFS change REMOVED /Users/alifmahmud/FM 01/Developed by Alif/My routine/app/build/tmp/kotlin-classes/debug/com/alif/studentroutine/ui/screens/ComposableSingletons$TasksScreenKt$lambda-10$1.class
2026-05-16T17:00:38.731+0600 [DEBUG] [org.gradle.internal.watch.vfs.impl.WatchingVirtualFileSystem] Handling VFS change REMOVED /Users/alifmahmud/FM 01/Developed by Alif/My routine/app/build/tmp/kotlin-classes/debug/com/alif/studentroutine/ui/screens/ComposableSingletons$TimetableScreenKt$lambda-6$1.class
2026-05-16T17:00:38.731+0600 [DEBUG] [org.gradle.internal.watch.vfs.impl.WatchingVirtualFileSystem] Handling VFS change REMOVED /Users/alifmahmud/FM 01/Developed by Alif/My routine/app/build/tmp/kotlin-classes/debug/com/alif/studentroutine/ui/screens/AddEditTaskScreenKt$AddEditTaskScreen$2$2.class
2026-05-16T17:00:38.731+0600 [DEBUG] [org.gradle.internal.watch.vfs.impl.WatchingVirtualFileSystem] Handling VFS change REMOVED /Users/alifmahmud/FM 01/Developed by Alif/My routine/app/build/tmp/kotlin-classes/debug/com/alif/studentroutine/ui/screens/ComposableSingletons$AddEditTaskScreenKt$lambda-1$1.class
2026-05-16T17:00:38.731+0600 [DEBUG] [org.gradle.internal.watch.vfs.impl.WatchingVirtualFileSystem] Handling VFS change REMOVED /Users/alifmahmud/FM 01/Developed by Alif/My routine/app/build/tmp/kotlin-classes/debug/com/alif/studentroutine/ui/screens/ComposableSingletons$DashboardScreenKt$lambda-11$1.class
2026-05-16T17:00:38.731+0600 [DEBUG] [org.gradle.internal.watch.vfs.impl.WatchingVirtualFileSystem] Handling VFS change REMOVED /Users/alifmahmud/FM 01/Developed by Alif/My routine/app/build/tmp/kotlin-classes/debug/com/alif/studentroutine/ui/screens/ComposableSingletons$AddEditClassScreenKt$lambda-7$1.class
2026-05-16T17:00:38.731+0600 [DEBUG] [org.gradle.internal.watch.vfs.impl.WatchingVirtualFileSystem] Handling VFS change REMOVED /Users/alifmahmud/FM 01/Developed by Alif/My routine/app/build/tmp/kotlin-classes/debug/com/alif/studentroutine/ui/screens/AddEditClassScreenKt$AddEditClassScreen$3$2$5$1.class
2026-05-16T17:00:38.731+0600 [DEBUG] [org.gradle.internal.watch.vfs.impl.WatchingVirtualFileSystem] Handling VFS change REMOVED /Users/alifmahmud/FM 01/Developed by Alif/My routine/app/build/tmp/kotlin-classes/debug/com/alif/studentroutine/ui/screens/AddEditClassScreenKt$AddEditClassScreen$2$2.class
2026-05-16T17:00:38.731+0600 [DEBUG] [org.gradle.internal.watch.vfs.impl.WatchingVirtualFileSystem] Handling VFS change REMOVED /Users/alifmahmud/FM 01/Developed by Alif/My routine/app/build/tmp/kotlin-classes/debug/com/alif/studentroutine/ui/screens/ComposableSingletons$DashboardScreenKt$lambda-6$1.class
2026-05-16T17:00:38.731+0600 [DEBUG] [org.gradle.internal.watch.vfs.impl.WatchingVirtualFileSystem] Handling VFS change REMOVED /Users/alifmahmud/FM 01/Developed by Alif/My routine/app/build/tmp/kotlin-classes/debug/com/alif/studentroutine/ui/screens/TimetableScreenKt$TimetableClassCard$2$1.class
2026-05-16T17:00:38.731+0600 [DEBUG] [org.gradle.internal.watch.vfs.impl.WatchingVirtualFileSystem] Handling VFS change REMOVED /Users/alifmahmud/FM 01/Developed by Alif/My routine/app/build/tmp/kotlin-classes/debug/com/alif/studentroutine/ui/screens/AddEditTaskScreenKt$AddEditTaskScreen$3.class
2026-05-16T17:00:38.731+0600 [DEBUG] [org.gradle.internal.watch.vfs.impl.WatchingVirtualFileSystem] Handling VFS change REMOVED /Users/alifmahmud/FM 01/Developed by Alif/My routine/app/build/tmp/kotlin-classes/debug/com/alif/studentroutine/ui/screens/NearbyLibrariesScreenKt$NearbyLibrariesScreen$3$1$1.class
2026-05-16T17:00:38.731+0600 [DEBUG] [org.gradle.internal.watch.vfs.impl.WatchingVirtualFileSystem] Handling VFS change REMOVED /Users/alifmahmud/FM 01/Developed by Alif/My routine/app/build/tmp/kotlin-classes/debug/com/alif/studentroutine/ui/screens/ComposableSingletons$TasksScreenKt$lambda-6$1.class
2026-05-16T17:00:38.731+0600 [DEBUG] [org.gradle.internal.watch.vfs.impl.WatchingVirtualFileSystem] Handling VFS change REMOVED /Users/alifmahmud/FM 01/Developed by Alif/My routine/app/build/tmp/kotlin-classes/debug/com/alif/studentroutine/ui/screens/TasksScreenKt$TasksScreen$2$1$2$1$2$1.class
2026-05-16T17:00:38.732+0600 [DEBUG] [org.gradle.internal.watch.vfs.impl.WatchingVirtualFileSystem] Handling VFS change REMOVED /Users/alifmahmud/FM 01/Developed by Alif/My routine/app/build/tmp/kotlin-classes/debug/com/alif/studentroutine/ui/screens
2026-05-16T17:00:38.732+0600 [DEBUG] [org.gradle.internal.watch.vfs.impl.WatchingVirtualFileSystem] Handling VFS change REMOVED /Users/alifmahmud/FM 01/Developed by Alif/My routine/app/build/tmp/kotlin-classes/debug/com/alif/studentroutine/ui/theme/ThemeKt$StudentRoutineTheme$2.class
2026-05-16T17:00:38.732+0600 [DEBUG] [org.gradle.internal.watch.vfs.impl.WatchingVirtualFileSystem] Handling VFS change REMOVED /Users/alifmahmud/FM 01/Developed by Alif/My routine/app/build/tmp/kotlin-classes/debug/com/alif/studentroutine/ui/theme/ColorKt.class
2026-05-16T17:00:38.732+0600 [DEBUG] [org.gradle.internal.watch.vfs.impl.WatchingVirtualFileSystem] Handling VFS change REMOVED /Users/alifmahmud/FM 01/Developed by Alif/My routine/app/build/tmp/kotlin-classes/debug/com/alif/studentroutine/ui/theme/ThemeKt$StudentRoutineTheme$1.class
2026-05-16T17:00:38.732+0600 [DEBUG] [org.gradle.internal.watch.vfs.impl.WatchingVirtualFileSystem] Handling VFS change REMOVED /Users/alifmahmud/FM 01/Developed by Alif/My routine/app/build/tmp/kotlin-classes/debug/com/alif/studentroutine/ui/theme/TypeKt.class
2026-05-16T17:00:38.732+0600 [DEBUG] [org.gradle.internal.watch.vfs.impl.WatchingVirtualFileSystem] Handling VFS change REMOVED /Users/alifmahmud/FM 01/Developed by Alif/My routine/app/build/tmp/kotlin-classes/debug/com/alif/studentroutine/ui/theme/ThemeKt.class
2026-05-16T17:00:38.732+0600 [DEBUG] [org.gradle.internal.watch.vfs.impl.WatchingVirtualFileSystem] Handling VFS change REMOVED /Users/alifmahmud/FM 01/Developed by Alif/My routine/app/build/tmp/kotlin-classes/debug/com/alif/studentroutine/ui/theme
2026-05-16T17:00:38.732+0600 [DEBUG] [org.gradle.internal.watch.vfs.impl.WatchingVirtualFileSystem] Handling VFS change REMOVED /Users/alifmahmud/FM 01/Developed by Alif/My routine/app/build/tmp/kotlin-classes/debug/com/alif/studentroutine/ui
2026-05-16T17:00:38.732+0600 [DEBUG] [org.gradle.internal.watch.vfs.impl.WatchingVirtualFileSystem] Handling VFS change REMOVED /Users/alifmahmud/FM 01/Developed by Alif/My routine/app/build/tmp/kotlin-classes/debug/com/alif/studentroutine/MainActivity$onCreate$1.class
2026-05-16T17:00:38.732+0600 [DEBUG] [org.gradle.internal.watch.vfs.impl.WatchingVirtualFileSystem] Handling VFS change REMOVED /Users/alifmahmud/FM 01/Developed by Alif/My routine/app/build/tmp/kotlin-classes/debug/com/alif/studentroutine/MainActivity.class
2026-05-16T17:00:38.734+0600 [DEBUG] [org.gradle.internal.watch.vfs.impl.WatchingVirtualFileSystem] Handling VFS change REMOVED /Users/alifmahmud/FM 01/Developed by Alif/My routine/app/build/tmp/kotlin-classes/debug/com/alif/studentroutine/StudentRoutineApp.class
2026-05-16T17:00:38.734+0600 [DEBUG] [org.gradle.internal.watch.vfs.impl.WatchingVirtualFileSystem] Handling VFS change REMOVED /Users/alifmahmud/FM 01/Developed by Alif/My routine/app/build/tmp/kotlin-classes/debug/com/alif/studentroutine/notification/BootReceiver.class
2026-05-16T17:00:38.734+0600 [DEBUG] [org.gradle.internal.watch.vfs.impl.WatchingVirtualFileSystem] Handling VFS change REMOVED /Users/alifmahmud/FM 01/Developed by Alif/My routine/app/build/tmp/kotlin-classes/debug/com/alif/studentroutine/notification/AlarmScheduler.class
2026-05-16T17:00:38.735+0600 [DEBUG] [org.gradle.internal.watch.vfs.impl.WatchingVirtualFileSystem] Handling VFS change REMOVED /Users/alifmahmud/FM 01/Developed by Alif/My routine/app/build/tmp/kotlin-classes/debug/com/alif/studentroutine/notification/BootReceiver$onReceive$1.class
2026-05-16T17:00:38.735+0600 [DEBUG] [org.gradle.internal.watch.vfs.impl.WatchingVirtualFileSystem] Handling VFS change REMOVED /Users/alifmahmud/FM 01/Developed by Alif/My routine/app/build/tmp/kotlin-classes/debug/com/alif/studentroutine/notification/AlarmScheduler$cancelAll$1.class
2026-05-16T17:00:38.735+0600 [DEBUG] [org.gradle.internal.watch.vfs.impl.WatchingVirtualFileSystem] Handling VFS change REMOVED /Users/alifmahmud/FM 01/Developed by Alif/My routine/app/build/tmp/kotlin-classes/debug/com/alif/studentroutine/notification/AlarmReceiver.class
2026-05-16T17:00:38.735+0600 [DEBUG] [org.gradle.internal.watch.vfs.impl.WatchingVirtualFileSystem] Handling VFS change REMOVED /Users/alifmahmud/FM 01/Developed by Alif/My routine/app/build/tmp/kotlin-classes/debug/com/alif/studentroutine/notification/AlarmScheduler$rescheduleAll$1.class
2026-05-16T17:00:38.735+0600 [DEBUG] [org.gradle.internal.watch.vfs.impl.WatchingVirtualFileSystem] Handling VFS change REMOVED /Users/alifmahmud/FM 01/Developed by Alif/My routine/app/build/tmp/kotlin-classes/debug/com/alif/studentroutine/notification
2026-05-16T17:00:38.735+0600 [DEBUG] [org.gradle.internal.watch.vfs.impl.WatchingVirtualFileSystem] Handling VFS change REMOVED /Users/alifmahmud/FM 01/Developed by Alif/My routine/app/build/tmp/kotlin-classes/debug/com/alif/studentroutine/location/LocationResult$NoLocation.class
2026-05-16T17:00:38.735+0600 [DEBUG] [org.gradle.internal.watch.vfs.impl.WatchingVirtualFileSystem] Handling VFS change REMOVED /Users/alifmahmud/FM 01/Developed by Alif/My routine/app/build/tmp/kotlin-classes/debug/com/alif/studentroutine/location/LocationResult$PermissionDenied.class
2026-05-16T17:00:38.735+0600 [DEBUG] [org.gradle.internal.watch.vfs.impl.WatchingVirtualFileSystem] Handling VFS change REMOVED /Users/alifmahmud/FM 01/Developed by Alif/My routine/app/build/tmp/kotlin-classes/debug/com/alif/studentroutine/location/LocationResult.class
2026-05-16T17:00:38.735+0600 [DEBUG] [org.gradle.internal.watch.vfs.impl.WatchingVirtualFileSystem] Handling VFS change REMOVED /Users/alifmahmud/FM 01/Developed by Alif/My routine/app/build/tmp/kotlin-classes/debug/com/alif/studentroutine/location/LocationHelper$getCurrentLocation$1.class
2026-05-16T17:00:38.735+0600 [DEBUG] [org.gradle.internal.watch.vfs.impl.WatchingVirtualFileSystem] Handling VFS change REMOVED /Users/alifmahmud/FM 01/Developed by Alif/My routine/app/build/tmp/kotlin-classes/debug/com/alif/studentroutine/location/LocationHelper$getCurrentLocation$1$listener$1.class
2026-05-16T17:00:38.735+0600 [DEBUG] [org.gradle.internal.watch.vfs.impl.WatchingVirtualFileSystem] Handling VFS change REMOVED /Users/alifmahmud/FM 01/Developed by Alif/My routine/app/build/tmp/kotlin-classes/debug/com/alif/studentroutine/location/LocationResult$Success.class
2026-05-16T17:00:38.735+0600 [DEBUG] [org.gradle.internal.watch.vfs.impl.WatchingVirtualFileSystem] Handling VFS change REMOVED /Users/alifmahmud/FM 01/Developed by Alif/My routine/app/build/tmp/kotlin-classes/debug/com/alif/studentroutine/location/LocationResult$Error.class
2026-05-16T17:00:38.735+0600 [DEBUG] [org.gradle.internal.watch.vfs.impl.WatchingVirtualFileSystem] Handling VFS change REMOVED /Users/alifmahmud/FM 01/Developed by Alif/My routine/app/build/tmp/kotlin-classes/debug/com/alif/studentroutine/location/LocationHelper$getCurrentLocation$1$1.class
2026-05-16T17:00:38.736+0600 [DEBUG] [org.gradle.internal.watch.vfs.impl.WatchingVirtualFileSystem] Handling VFS change REMOVED /Users/alifmahmud/FM 01/Developed by Alif/My routine/app/build/tmp/kotlin-classes/debug/com/alif/studentroutine/location/LocationHelper$getLastKnownLocation$1.class
2026-05-16T17:00:38.736+0600 [DEBUG] [org.gradle.internal.watch.vfs.impl.WatchingVirtualFileSystem] Handling VFS change REMOVED /Users/alifmahmud/FM 01/Developed by Alif/My routine/app/build/tmp/kotlin-classes/debug/com/alif/studentroutine/location/LocationHelper.class
2026-05-16T17:00:38.736+0600 [DEBUG] [org.gradle.internal.watch.vfs.impl.WatchingVirtualFileSystem] Handling VFS change REMOVED /Users/alifmahmud/FM 01/Developed by Alif/My routine/app/build/tmp/kotlin-classes/debug/com/alif/studentroutine/location
2026-05-16T17:00:38.736+0600 [DEBUG] [org.gradle.internal.watch.vfs.impl.WatchingVirtualFileSystem] Handling VFS change REMOVED /Users/alifmahmud/FM 01/Developed by Alif/My routine/app/build/tmp/kotlin-classes/debug/com/alif/studentroutine/StudentRoutineApp$repository$2.class
2026-05-16T17:00:38.737+0600 [DEBUG] [org.gradle.internal.watch.vfs.impl.WatchingVirtualFileSystem] Handling VFS change REMOVED /Users/alifmahmud/FM 01/Developed by Alif/My routine/app/build/tmp/kotlin-classes/debug/com/alif/studentroutine/MainActivity$onCreate$1$1$1.class
2026-05-16T17:00:38.737+0600 [DEBUG] [org.gradle.internal.watch.vfs.impl.WatchingVirtualFileSystem] Handling VFS change REMOVED /Users/alifmahmud/FM 01/Developed by Alif/My routine/app/build/tmp/kotlin-classes/debug/com/alif/studentroutine/MainActivity$onCreate$1$1.class
2026-05-16T17:00:38.737+0600 [DEBUG] [org.gradle.internal.watch.vfs.impl.WatchingVirtualFileSystem] Handling VFS change REMOVED /Users/alifmahmud/FM 01/Developed by Alif/My routine/app/build/tmp/kotlin-classes/debug/com/alif/studentroutine/StudentRoutineApp$database$2.class
2026-05-16T17:00:38.779+0600 [DEBUG] [org.gradle.internal.watch.vfs.impl.WatchingVirtualFileSystem] Handling VFS change REMOVED /Users/alifmahmud/FM 01/Developed by Alif/My routine/app/build/tmp/kotlin-classes/debug/com/alif/studentroutine/StudentRoutineApp$dataStoreManager$2.class
2026-05-16T17:00:38.779+0600 [DEBUG] [org.gradle.internal.watch.vfs.impl.WatchingVirtualFileSystem] Handling VFS change REMOVED /Users/alifmahmud/FM 01/Developed by Alif/My routine/app/build/tmp/kotlin-classes/debug/com/alif/studentroutine/data/DataStoreManager$special$$inlined$map$2.class
2026-05-16T17:00:38.780+0600 [DEBUG] [org.gradle.internal.watch.vfs.impl.WatchingVirtualFileSystem] Handling VFS change REMOVED /Users/alifmahmud/FM 01/Developed by Alif/My routine/app/build/tmp/kotlin-classes/debug/com/alif/studentroutine/data/database/AppDatabase$Companion.class
2026-05-16T17:00:38.780+0600 [DEBUG] [org.gradle.internal.watch.vfs.impl.WatchingVirtualFileSystem] Handling VFS change REMOVED /Users/alifmahmud/FM 01/Developed by Alif/My routine/app/build/tmp/kotlin-classes/debug/com/alif/studentroutine/data/database/AppDatabase.class
2026-05-16T17:00:38.781+0600 [DEBUG] [org.gradle.internal.watch.vfs.impl.WatchingVirtualFileSystem] Handling VFS change REMOVED /Users/alifmahmud/FM 01/Developed by Alif/My routine/app/build/tmp/kotlin-classes/debug/com/alif/studentroutine/data/database/TaskItemDao.class
2026-05-16T17:00:38.781+0600 [DEBUG] [org.gradle.internal.watch.vfs.impl.WatchingVirtualFileSystem] Handling VFS change REMOVED /Users/alifmahmud/FM 01/Developed by Alif/My routine/app/build/tmp/kotlin-classes/debug/com/alif/studentroutine/data/database
2026-05-16T17:00:38.781+0600 [DEBUG] [org.gradle.internal.watch.vfs.impl.WatchingVirtualFileSystem] Handling VFS change REMOVED /Users/alifmahmud/FM 01/Developed by Alif/My routine/app/build/tmp/kotlin-classes/debug/com/alif/studentroutine/data/repository/RoutineRepository.class
2026-05-16T17:00:38.781+0600 [DEBUG] [org.gradle.internal.watch.vfs.impl.WatchingVirtualFileSystem] Handling VFS change REMOVED /Users/alifmahmud/FM 01/Developed by Alif/My routine/app/build/tmp/kotlin-classes/debug/com/alif/studentroutine/data/repository
2026-05-16T17:00:38.782+0600 [DEBUG] [org.gradle.internal.watch.vfs.impl.WatchingVirtualFileSystem] Handling VFS change REMOVED /Users/alifmahmud/FM 01/Developed by Alif/My routine/app/build/tmp/kotlin-classes/debug/com/alif/studentroutine/data/DataStoreManager$special$$inlined$map$2$2.class
2026-05-16T17:00:38.782+0600 [DEBUG] [org.gradle.internal.watch.vfs.impl.WatchingVirtualFileSystem] Handling VFS change REMOVED /Users/alifmahmud/FM 01/Developed by Alif/My routine/app/build/tmp/kotlin-classes/debug/com/alif/studentroutine/data/DataStoreManagerKt.class
2026-05-16T17:00:38.782+0600 [DEBUG] [org.gradle.internal.watch.vfs.impl.WatchingVirtualFileSystem] Handling VFS change REMOVED /Users/alifmahmud/FM 01/Developed by Alif/My routine/app/build/tmp/kotlin-classes/debug/com/alif/studentroutine/data/DataStoreManager.class
2026-05-16T17:00:38.782+0600 [DEBUG] [org.gradle.internal.watch.vfs.impl.WatchingVirtualFileSystem] Handling VFS change REMOVED /Users/alifmahmud/FM 01/Developed by Alif/My routine/app/build/tmp/kotlin-classes/debug/com/alif/studentroutine/data/DataStoreManager$setDarkMode$2.class
2026-05-16T17:00:38.782+0600 [DEBUG] [org.gradle.internal.watch.vfs.impl.WatchingVirtualFileSystem] Handling VFS change REMOVED /Users/alifmahmud/FM 01/Developed by Alif/My routine/app/build/tmp/kotlin-classes/debug/com/alif/studentroutine/data/entity/ClassItem.class
2026-05-16T17:00:38.782+0600 [DEBUG] [org.gradle.internal.watch.vfs.impl.WatchingVirtualFileSystem] Handling VFS change REMOVED /Users/alifmahmud/FM 01/Developed by Alif/My routine/app/build/tmp/kotlin-classes/debug/com/alif/studentroutine/data/entity/TaskItem.class
2026-05-16T17:00:38.782+0600 [DEBUG] [org.gradle.internal.watch.vfs.impl.WatchingVirtualFileSystem] Handling VFS change REMOVED /Users/alifmahmud/FM 01/Developed by Alif/My routine/app/build/tmp/kotlin-classes/debug/com/alif/studentroutine/data/entity
2026-05-16T17:00:38.782+0600 [DEBUG] [org.gradle.internal.watch.vfs.impl.WatchingVirtualFileSystem] Handling VFS change REMOVED /Users/alifmahmud/FM 01/Developed by Alif/My routine/app/build/tmp/kotlin-classes/debug/com/alif/studentroutine/data/DataStoreManager$special$$inlined$map$1.class
2026-05-16T17:00:38.782+0600 [DEBUG] [org.gradle.internal.watch.vfs.impl.WatchingVirtualFileSystem] Handling VFS change REMOVED /Users/alifmahmud/FM 01/Developed by Alif/My routine/app/build/tmp/kotlin-classes/debug/com/alif/studentroutine/data/DataStoreManager$special$$inlined$map$1$2.class
2026-05-16T17:00:38.782+0600 [DEBUG] [org.gradle.internal.watch.vfs.impl.WatchingVirtualFileSystem] Handling VFS change REMOVED /Users/alifmahmud/FM 01/Developed by Alif/My routine/app/build/tmp/kotlin-classes/debug/com/alif/studentroutine/data/DataStoreManager$special$$inlined$map$2$2$1.class
2026-05-16T17:00:38.783+0600 [DEBUG] [org.gradle.internal.watch.vfs.impl.WatchingVirtualFileSystem] Handling VFS change REMOVED /Users/alifmahmud/FM 01/Developed by Alif/My routine/app/build/tmp/kotlin-classes/debug/com/alif/studentroutine/data/DataStoreManager$Companion.class
2026-05-16T17:00:38.784+0600 [DEBUG] [org.gradle.internal.watch.vfs.impl.WatchingVirtualFileSystem] Handling VFS change REMOVED /Users/alifmahmud/FM 01/Developed by Alif/My routine/app/build/tmp/kotlin-classes/debug/com/alif/studentroutine/data/DataStoreManager$special$$inlined$map$1$2$1.class
2026-05-16T17:00:38.784+0600 [DEBUG] [org.gradle.internal.watch.vfs.impl.WatchingVirtualFileSystem] Handling VFS change REMOVED /Users/alifmahmud/FM 01/Developed by Alif/My routine/app/build/tmp/kotlin-classes/debug/com/alif/studentroutine/data/DataStoreManager$setNotificationsEnabled$2.class
2026-05-16T17:00:38.784+0600 [DEBUG] [org.gradle.internal.watch.vfs.impl.WatchingVirtualFileSystem] Handling VFS change REMOVED /Users/alifmahmud/FM 01/Developed by Alif/My routine/app/build/tmp/kotlin-classes/debug/com/alif/studentroutine/data
2026-05-16T17:00:38.784+0600 [DEBUG] [org.gradle.internal.watch.vfs.impl.WatchingVirtualFileSystem] Handling VFS change REMOVED /Users/alifmahmud/FM 01/Developed by Alif/My routine/app/build/tmp/kotlin-classes/debug/com/alif/studentroutine
2026-05-16T17:00:38.784+0600 [DEBUG] [org.gradle.internal.watch.vfs.impl.WatchingVirtualFileSystem] Handling VFS change REMOVED /Users/alifmahmud/FM 01/Developed by Alif/My routine/app/build/tmp/kotlin-classes/debug/com/alif
2026-05-16T17:00:38.784+0600 [DEBUG] [org.gradle.internal.watch.vfs.impl.WatchingVirtualFileSystem] Handling VFS change REMOVED /Users/alifmahmud/FM 01/Developed by Alif/My routine/app/build/tmp/kotlin-classes/debug/com
2026-05-16T17:00:38.784+0600 [DEBUG] [org.gradle.internal.watch.vfs.impl.WatchingVirtualFileSystem] Handling VFS change REMOVED /Users/alifmahmud/FM 01/Developed by Alif/My routine/app/build/tmp/kotlin-classes/debug
2026-05-16T17:00:38.784+0600 [DEBUG] [org.gradle.internal.watch.vfs.impl.WatchingVirtualFileSystem] Handling VFS change REMOVED /Users/alifmahmud/FM 01/Developed by Alif/My routine/app/build/kotlin/compileDebugKotlin/cacheable/last-build.bin
2026-05-16T17:00:38.784+0600 [DEBUG] [org.gradle.internal.watch.vfs.impl.WatchingVirtualFileSystem] Handling VFS change REMOVED /Users/alifmahmud/FM 01/Developed by Alif/My routine/app/build/kotlin/compileDebugKotlin/cacheable/caches-jvm/lookups/file-to-id.tab.values.at
2026-05-16T17:00:38.784+0600 [DEBUG] [org.gradle.internal.watch.vfs.impl.WatchingVirtualFileSystem] Handling VFS change REMOVED /Users/alifmahmud/FM 01/Developed by Alif/My routine/app/build/kotlin/compileDebugKotlin/cacheable/caches-jvm/lookups/file-to-id.tab
2026-05-16T17:00:38.784+0600 [DEBUG] [org.gradle.internal.watch.vfs.impl.WatchingVirtualFileSystem] Handling VFS change REMOVED /Users/alifmahmud/FM 01/Developed by Alif/My routine/app/build/kotlin/compileDebugKotlin/cacheable/caches-jvm/lookups/file-to-id.tab_i
2026-05-16T17:00:38.784+0600 [DEBUG] [org.gradle.internal.watch.vfs.impl.WatchingVirtualFileSystem] Handling VFS change REMOVED /Users/alifmahmud/FM 01/Developed by Alif/My routine/app/build/kotlin/compileDebugKotlin/cacheable/caches-jvm/lookups/file-to-id.tab.keystream
2026-05-16T17:00:38.785+0600 [DEBUG] [org.gradle.internal.watch.vfs.impl.WatchingVirtualFileSystem] Handling VFS change REMOVED /Users/alifmahmud/FM 01/Developed by Alif/My routine/app/build/kotlin/compileDebugKotlin/cacheable/caches-jvm/lookups/file-to-id.tab.keystream.len
2026-05-16T17:00:38.785+0600 [DEBUG] [org.gradle.internal.watch.vfs.impl.WatchingVirtualFileSystem] Handling VFS change REMOVED /Users/alifmahmud/FM 01/Developed by Alif/My routine/app/build/kotlin/compileDebugKotlin/cacheable/caches-jvm/lookups/lookups.tab_i
2026-05-16T17:00:38.785+0600 [DEBUG] [org.gradle.internal.watch.vfs.impl.WatchingVirtualFileSystem] Handling VFS change REMOVED /Users/alifmahmud/FM 01/Developed by Alif/My routine/app/build/kotlin/compileDebugKotlin/cacheable/caches-jvm/lookups/file-to-id.tab.len
2026-05-16T17:00:38.785+0600 [DEBUG] [org.gradle.internal.watch.vfs.impl.WatchingVirtualFileSystem] Handling VFS change REMOVED /Users/alifmahmud/FM 01/Developed by Alif/My routine/app/build/kotlin/compileDebugKotlin/cacheable/caches-jvm/lookups/lookups.tab.values
2026-05-16T17:00:38.785+0600 [DEBUG] [org.gradle.internal.watch.vfs.impl.WatchingVirtualFileSystem] Handling VFS change REMOVED /Users/alifmahmud/FM 01/Developed by Alif/My routine/app/build/kotlin/compileDebugKotlin/cacheable/caches-jvm/lookups/counters.tab
2026-05-16T17:00:38.785+0600 [DEBUG] [org.gradle.internal.watch.vfs.impl.WatchingVirtualFileSystem] Handling VFS change REMOVED /Users/alifmahmud/FM 01/Developed by Alif/My routine/app/build/kotlin/compileDebugKotlin/cacheable/caches-jvm/lookups/file-to-id.tab_i.len
2026-05-16T17:00:38.785+0600 [DEBUG] [org.gradle.internal.watch.vfs.impl.WatchingVirtualFileSystem] Handling VFS change REMOVED /Users/alifmahmud/FM 01/Developed by Alif/My routine/app/build/kotlin/compileDebugKotlin/cacheable/caches-jvm/lookups/lookups.tab.keystream
2026-05-16T17:00:38.785+0600 [DEBUG] [org.gradle.internal.watch.vfs.impl.WatchingVirtualFileSystem] Handling VFS change REMOVED /Users/alifmahmud/FM 01/Developed by Alif/My routine/app/build/kotlin/compileDebugKotlin/cacheable/caches-jvm/lookups/id-to-file.tab
2026-05-16T17:00:38.785+0600 [DEBUG] [org.gradle.internal.watch.vfs.impl.WatchingVirtualFileSystem] Handling VFS change REMOVED /Users/alifmahmud/FM 01/Developed by Alif/My routine/app/build/kotlin/compileDebugKotlin/cacheable/caches-jvm/lookups/id-to-file.tab.keystream
2026-05-16T17:00:38.785+0600 [DEBUG] [org.gradle.internal.watch.vfs.impl.WatchingVirtualFileSystem] Handling VFS change REMOVED /Users/alifmahmud/FM 01/Developed by Alif/My routine/app/build/kotlin/compileDebugKotlin/cacheable/caches-jvm/lookups/lookups.tab.values.s
2026-05-16T17:00:38.785+0600 [DEBUG] [org.gradle.internal.watch.vfs.impl.WatchingVirtualFileSystem] Handling VFS change REMOVED /Users/alifmahmud/FM 01/Developed by Alif/My routine/app/build/kotlin/compileDebugKotlin/cacheable/caches-jvm/lookups/id-to-file.tab_i
2026-05-16T17:00:38.786+0600 [DEBUG] [org.gradle.internal.watch.vfs.impl.WatchingVirtualFileSystem] Handling VFS change REMOVED /Users/alifmahmud/FM 01/Developed by Alif/My routine/app/build/kotlin/compileDebugKotlin/cacheable/caches-jvm/lookups/id-to-file.tab.values.at
2026-05-16T17:00:38.786+0600 [DEBUG] [org.gradle.internal.watch.vfs.impl.WatchingVirtualFileSystem] Handling VFS change REMOVED /Users/alifmahmud/FM 01/Developed by Alif/My routine/app/build/kotlin/compileDebugKotlin/cacheable/caches-jvm/lookups
2026-05-16T17:00:38.786+0600 [DEBUG] [org.gradle.internal.watch.vfs.impl.WatchingVirtualFileSystem] Handling VFS change REMOVED /Users/alifmahmud/FM 01/Developed by Alif/My routine/app/build/kotlin/compileDebugKotlin/cacheable/caches-jvm/jvm/kotlin/source-to-classes.tab.values
2026-05-16T17:00:38.786+0600 [DEBUG] [org.gradle.internal.watch.vfs.impl.WatchingVirtualFileSystem] Handling VFS change REMOVED /Users/alifmahmud/FM 01/Developed by Alif/My routine/app/build/kotlin/compileDebugKotlin/cacheable/caches-jvm/jvm/kotlin/proto.tab.values
2026-05-16T17:00:38.786+0600 [DEBUG] [org.gradle.internal.watch.vfs.impl.WatchingVirtualFileSystem] Handling VFS change REMOVED /Users/alifmahmud/FM 01/Developed by Alif/My routine/app/build/kotlin/compileDebugKotlin/cacheable/caches-jvm/jvm/kotlin/subtypes.tab_i
2026-05-16T17:00:38.786+0600 [DEBUG] [org.gradle.internal.watch.vfs.impl.WatchingVirtualFileSystem] Handling VFS change REMOVED /Users/alifmahmud/FM 01/Developed by Alif/My routine/app/build/kotlin/compileDebugKotlin/cacheable/caches-jvm/jvm/kotlin/class-attributes.tab
2026-05-16T17:00:38.787+0600 [DEBUG] [org.gradle.internal.watch.vfs.impl.WatchingVirtualFileSystem] Handling VFS change REMOVED /Users/alifmahmud/FM 01/Developed by Alif/My routine/app/build/kotlin/compileDebugKotlin/cacheable/caches-jvm/jvm/kotlin/java-sources-proto-map.tab_i
2026-05-16T17:00:38.787+0600 [DEBUG] [org.gradle.internal.watch.vfs.impl.WatchingVirtualFileSystem] Handling VFS change REMOVED /Users/alifmahmud/FM 01/Developed by Alif/My routine/app/build/kotlin/compileDebugKotlin/cacheable/caches-jvm/jvm/kotlin/package-parts.tab
2026-05-16T17:00:38.787+0600 [DEBUG] [org.gradle.internal.watch.vfs.impl.WatchingVirtualFileSystem] Handling VFS change REMOVED /Users/alifmahmud/FM 01/Developed by Alif/My routine/app/build/kotlin/compileDebugKotlin/cacheable/caches-jvm/jvm/kotlin/internal-name-to-source.tab.len
2026-05-16T17:00:38.787+0600 [DEBUG] [org.gradle.internal.watch.vfs.impl.WatchingVirtualFileSystem] Handling VFS change REMOVED /Users/alifmahmud/FM 01/Developed by Alif/My routine/app/build/kotlin/compileDebugKotlin/cacheable/caches-jvm/jvm/kotlin/internal-name-to-source.tab.keystream
2026-05-16T17:00:38.787+0600 [DEBUG] [org.gradle.internal.watch.vfs.impl.WatchingVirtualFileSystem] Handling VFS change REMOVED /Users/alifmahmud/FM 01/Developed by Alif/My routine/app/build/kotlin/compileDebugKotlin/cacheable/caches-jvm/jvm/kotlin/source-to-classes.tab.keystream
2026-05-16T17:00:38.787+0600 [DEBUG] [org.gradle.internal.watch.vfs.impl.WatchingVirtualFileSystem] Handling VFS change REMOVED /Users/alifmahmud/FM 01/Developed by Alif/My routine/app/build/kotlin/compileDebugKotlin/cacheable/caches-jvm/jvm/kotlin/supertypes.tab_i
2026-05-16T17:00:38.787+0600 [DEBUG] [org.gradle.internal.watch.vfs.impl.WatchingVirtualFileSystem] Handling VFS change REMOVED /Users/alifmahmud/FM 01/Developed by Alif/My routine/app/build/kotlin/compileDebugKotlin/cacheable/caches-jvm/jvm/kotlin/internal-name-to-source.tab_i
2026-05-16T17:00:38.787+0600 [DEBUG] [org.gradle.internal.watch.vfs.impl.WatchingVirtualFileSystem] Handling VFS change REMOVED /Users/alifmahmud/FM 01/Developed by Alif/My routine/app/build/kotlin/compileDebugKotlin/cacheable/caches-jvm/jvm/kotlin/class-fq-name-to-source.tab.keystream
2026-05-16T17:00:38.787+0600 [DEBUG] [org.gradle.internal.watch.vfs.impl.WatchingVirtualFileSystem] Handling VFS change REMOVED /Users/alifmahmud/FM 01/Developed by Alif/My routine/app/build/kotlin/compileDebugKotlin/cacheable/caches-jvm/jvm/kotlin/internal-name-to-source.tab.keystream.len
2026-05-16T17:00:38.787+0600 [DEBUG] [org.gradle.internal.watch.vfs.impl.WatchingVirtualFileSystem] Handling VFS change REMOVED /Users/alifmahmud/FM 01/Developed by Alif/My routine/app/build/kotlin/compileDebugKotlin/cacheable/caches-jvm/jvm/kotlin/proto.tab.values.s
2026-05-16T17:00:38.787+0600 [DEBUG] [org.gradle.internal.watch.vfs.impl.WatchingVirtualFileSystem] Handling VFS change REMOVED /Users/alifmahmud/FM 01/Developed by Alif/My routine/app/build/kotlin/compileDebugKotlin/cacheable/caches-jvm/jvm/kotlin/package-parts.tab_i
2026-05-16T17:00:38.788+0600 [DEBUG] [org.gradle.internal.watch.vfs.impl.WatchingVirtualFileSystem] Handling VFS change REMOVED /Users/alifmahmud/FM 01/Developed by Alif/My routine/app/build/kotlin/compileDebugKotlin/cacheable/caches-jvm/jvm/kotlin/internal-name-to-source.tab
2026-05-16T17:00:38.788+0600 [DEBUG] [org.gradle.internal.watch.vfs.impl.WatchingVirtualFileSystem] Handling VFS change REMOVED /Users/alifmahmud/FM 01/Developed by Alif/My routine/app/build/kotlin/compileDebugKotlin/cacheable/caches-jvm/jvm/kotlin/internal-name-to-source.tab.values.at
2026-05-16T17:00:38.788+0600 [DEBUG] [org.gradle.internal.watch.vfs.impl.WatchingVirtualFileSystem] Handling VFS change REMOVED /Users/alifmahmud/FM 01/Developed by Alif/My routine/app/build/kotlin/compileDebugKotlin/cacheable/caches-jvm/jvm/kotlin/supertypes.tab
2026-05-16T17:00:38.788+0600 [DEBUG] [org.gradle.internal.watch.vfs.impl.WatchingVirtualFileSystem] Handling VFS change REMOVED /Users/alifmahmud/FM 01/Developed by Alif/My routine/app/build/kotlin/compileDebugKotlin/cacheable/caches-jvm/jvm/kotlin/source-to-classes.tab.values.at
2026-05-16T17:00:38.788+0600 [DEBUG] [org.gradle.internal.watch.vfs.impl.WatchingVirtualFileSystem] Handling VFS change REMOVED /Users/alifmahmud/FM 01/Developed by Alif/My routine/app/build/kotlin/compileDebugKotlin/cacheable/caches-jvm/jvm/kotlin/package-parts.tab_i.len
2026-05-16T17:00:38.788+0600 [DEBUG] [org.gradle.internal.watch.vfs.impl.WatchingVirtualFileSystem] Handling VFS change REMOVED /Users/alifmahmud/FM 01/Developed by Alif/My routine/app/build/kotlin/compileDebugKotlin/cacheable/caches-jvm/jvm/kotlin/class-fq-name-to-source.tab.values.at
2026-05-16T17:00:38.788+0600 [DEBUG] [org.gradle.internal.watch.vfs.impl.WatchingVirtualFileSystem] Handling VFS change REMOVED /Users/alifmahmud/FM 01/Developed by Alif/My routine/app/build/kotlin/compileDebugKotlin/cacheable/caches-jvm/jvm/kotlin/source-to-classes.tab_i
2026-05-16T17:00:38.789+0600 [DEBUG] [org.gradle.internal.watch.vfs.impl.WatchingVirtualFileSystem] Handling VFS change REMOVED /Users/alifmahmud/FM 01/Developed by Alif/My routine/app/build/kotlin/compileDebugKotlin/cacheable/caches-jvm/jvm/kotlin/subtypes.tab.values.at
2026-05-16T17:00:38.790+0600 [DEBUG] [org.gradle.internal.watch.vfs.impl.WatchingVirtualFileSystem] Handling VFS change REMOVED /Users/alifmahmud/FM 01/Developed by Alif/My routine/app/build/kotlin/compileDebugKotlin/cacheable/caches-jvm/jvm/kotlin/internal-name-to-source.tab.values
2026-05-16T17:00:38.790+0600 [DEBUG] [org.gradle.internal.watch.vfs.impl.WatchingVirtualFileSystem] Handling VFS change REMOVED /Users/alifmahmud/FM 01/Developed by Alif/My routine/app/build/kotlin/compileDebugKotlin/cacheable/caches-jvm/jvm/kotlin/internal-name-to-source.tab_i.len
2026-05-16T17:00:38.790+0600 [DEBUG] [org.gradle.internal.watch.vfs.impl.WatchingVirtualFileSystem] Handling VFS change REMOVED /Users/alifmahmud/FM 01/Developed by Alif/My routine/app/build/kotlin/compileDebugKotlin/cacheable/caches-jvm/jvm/kotlin/java-sources-proto-map.tab.values.at
2026-05-16T17:00:38.790+0600 [DEBUG] [org.gradle.internal.watch.vfs.impl.WatchingVirtualFileSystem] Handling VFS change REMOVED /Users/alifmahmud/FM 01/Developed by Alif/My routine/app/build/kotlin/compileDebugKotlin/cacheable/caches-jvm/jvm/kotlin/subtypes.tab
2026-05-16T17:00:38.790+0600 [DEBUG] [org.gradle.internal.watch.vfs.impl.WatchingVirtualFileSystem] Handling VFS change REMOVED /Users/alifmahmud/FM 01/Developed by Alif/My routine/app/build/kotlin/compileDebugKotlin/cacheable/caches-jvm/jvm/kotlin/package-parts.tab.values.at
2026-05-16T17:00:38.791+0600 [DEBUG] [org.gradle.internal.watch.vfs.impl.WatchingVirtualFileSystem] Handling VFS change REMOVED /Users/alifmahmud/FM 01/Developed by Alif/My routine/app/build/kotlin/compileDebugKotlin/cacheable/caches-jvm/jvm/kotlin/class-attributes.tab_i
2026-05-16T17:00:38.791+0600 [DEBUG] [org.gradle.internal.watch.vfs.impl.WatchingVirtualFileSystem] Handling VFS change REMOVED /Users/alifmahmud/FM 01/Developed by Alif/My routine/app/build/kotlin/compileDebugKotlin/cacheable/caches-jvm/jvm/kotlin/subtypes.tab.keystream
2026-05-16T17:00:38.791+0600 [DEBUG] [org.gradle.internal.watch.vfs.impl.WatchingVirtualFileSystem] Handling VFS change REMOVED /Users/alifmahmud/FM 01/Developed by Alif/My routine/app/build/kotlin/compileDebugKotlin/cacheable/caches-jvm/jvm/kotlin/source-to-classes.tab.values.s
2026-05-16T17:00:38.791+0600 [DEBUG] [org.gradle.internal.watch.vfs.impl.WatchingVirtualFileSystem] Handling VFS change REMOVED /Users/alifmahmud/FM 01/Developed by Alif/My routine/app/build/kotlin/compileDebugKotlin/cacheable/caches-jvm/jvm/kotlin/proto.tab
2026-05-16T17:00:38.791+0600 [DEBUG] [org.gradle.internal.watch.vfs.impl.WatchingVirtualFileSystem] Handling VFS change REMOVED /Users/alifmahmud/FM 01/Developed by Alif/My routine/app/build/kotlin/compileDebugKotlin/cacheable/caches-jvm/jvm/kotlin/java-sources-proto-map.tab.keystream
2026-05-16T17:00:38.791+0600 [DEBUG] [org.gradle.internal.watch.vfs.impl.WatchingVirtualFileSystem] Handling VFS change REMOVED /Users/alifmahmud/FM 01/Developed by Alif/My routine/app/build/kotlin/compileDebugKotlin/cacheable/caches-jvm/jvm/kotlin/package-parts.tab.keystream
2026-05-16T17:00:38.791+0600 [DEBUG] [org.gradle.internal.watch.vfs.impl.WatchingVirtualFileSystem] Handling VFS change REMOVED /Users/alifmahmud/FM 01/Developed by Alif/My routine/app/build/kotlin/compileDebugKotlin/cacheable/caches-jvm/jvm/kotlin/class-fq-name-to-source.tab
2026-05-16T17:00:38.791+0600 [DEBUG] [org.gradle.internal.watch.vfs.impl.WatchingVirtualFileSystem] Handling VFS change REMOVED /Users/alifmahmud/FM 01/Developed by Alif/My routine/app/build/kotlin/compileDebugKotlin/cacheable/caches-jvm/jvm/kotlin/java-sources-proto-map.tab
2026-05-16T17:00:38.791+0600 [DEBUG] [org.gradle.internal.watch.vfs.impl.WatchingVirtualFileSystem] Handling VFS change REMOVED /Users/alifmahmud/FM 01/Developed by Alif/My routine/app/build/kotlin/compileDebugKotlin/cacheable/caches-jvm/jvm/kotlin/package-parts.tab.keystream.len
2026-05-16T17:00:38.791+0600 [DEBUG] [org.gradle.internal.watch.vfs.impl.WatchingVirtualFileSystem] Handling VFS change REMOVED /Users/alifmahmud/FM 01/Developed by Alif/My routine/app/build/kotlin/compileDebugKotlin/cacheable/caches-jvm/jvm/kotlin/proto.tab.keystream
2026-05-16T17:00:38.792+0600 [DEBUG] [org.gradle.internal.watch.vfs.impl.WatchingVirtualFileSystem] Handling VFS change REMOVED /Users/alifmahmud/FM 01/Developed by Alif/My routine/app/build/kotlin/compileDebugKotlin/cacheable/caches-jvm/jvm/kotlin/class-attributes.tab.values.at
2026-05-16T17:00:38.792+0600 [DEBUG] [org.gradle.internal.watch.vfs.impl.WatchingVirtualFileSystem] Handling VFS change REMOVED /Users/alifmahmud/FM 01/Developed by Alif/My routine/app/build/kotlin/compileDebugKotlin/cacheable/caches-jvm/jvm/kotlin/supertypes.tab.values.at
2026-05-16T17:00:38.792+0600 [DEBUG] [org.gradle.internal.watch.vfs.impl.WatchingVirtualFileSystem] Handling VFS change REMOVED /Users/alifmahmud/FM 01/Developed by Alif/My routine/app/build/kotlin/compileDebugKotlin/cacheable/caches-jvm/jvm/kotlin/internal-name-to-source.tab.values.s
2026-05-16T17:00:38.792+0600 [DEBUG] [org.gradle.internal.watch.vfs.impl.WatchingVirtualFileSystem] Handling VFS change REMOVED /Users/alifmahmud/FM 01/Developed by Alif/My routine/app/build/kotlin/compileDebugKotlin/cacheable/caches-jvm/jvm/kotlin/class-fq-name-to-source.tab_i
2026-05-16T17:00:38.792+0600 [DEBUG] [org.gradle.internal.watch.vfs.impl.WatchingVirtualFileSystem] Handling VFS change REMOVED /Users/alifmahmud/FM 01/Developed by Alif/My routine/app/build/kotlin/compileDebugKotlin/cacheable/caches-jvm/jvm/kotlin/proto.tab.values.at
2026-05-16T17:00:38.792+0600 [DEBUG] [org.gradle.internal.watch.vfs.impl.WatchingVirtualFileSystem] Handling VFS change REMOVED /Users/alifmahmud/FM 01/Developed by Alif/My routine/app/build/kotlin/compileDebugKotlin/cacheable/caches-jvm/jvm/kotlin/class-attributes.tab.keystream
2026-05-16T17:00:38.792+0600 [DEBUG] [org.gradle.internal.watch.vfs.impl.WatchingVirtualFileSystem] Handling VFS change REMOVED /Users/alifmahmud/FM 01/Developed by Alif/My routine/app/build/kotlin/compileDebugKotlin/cacheable/caches-jvm/jvm/kotlin/proto.tab_i
2026-05-16T17:00:38.792+0600 [DEBUG] [org.gradle.internal.watch.vfs.impl.WatchingVirtualFileSystem] Handling VFS change REMOVED /Users/alifmahmud/FM 01/Developed by Alif/My routine/app/build/kotlin/compileDebugKotlin/cacheable/caches-jvm/jvm/kotlin/package-parts.tab.len
2026-05-16T17:00:38.792+0600 [DEBUG] [org.gradle.internal.watch.vfs.impl.WatchingVirtualFileSystem] Handling VFS change REMOVED /Users/alifmahmud/FM 01/Developed by Alif/My routine/app/build/kotlin/compileDebugKotlin/cacheable/caches-jvm/jvm/kotlin/supertypes.tab.keystream
2026-05-16T17:00:38.792+0600 [DEBUG] [org.gradle.internal.watch.vfs.impl.WatchingVirtualFileSystem] Handling VFS change REMOVED /Users/alifmahmud/FM 01/Developed by Alif/My routine/app/build/kotlin/compileDebugKotlin/cacheable/caches-jvm/jvm/kotlin
2026-05-16T17:00:38.793+0600 [DEBUG] [org.gradle.internal.watch.vfs.impl.WatchingVirtualFileSystem] Handling VFS change REMOVED /Users/alifmahmud/FM 01/Developed by Alif/My routine/app/build/kotlin/compileDebugKotlin/cacheable/caches-jvm/jvm
2026-05-16T17:00:38.793+0600 [DEBUG] [org.gradle.internal.watch.vfs.impl.WatchingVirtualFileSystem] Handling VFS change REMOVED /Users/alifmahmud/FM 01/Developed by Alif/My routine/app/build/kotlin/compileDebugKotlin/cacheable/caches-jvm/inputs/source-to-output.tab_i
2026-05-16T17:00:38.793+0600 [DEBUG] [org.gradle.internal.watch.vfs.impl.WatchingVirtualFileSystem] Handling VFS change REMOVED /Users/alifmahmud/FM 01/Developed by Alif/My routine/app/build/kotlin/compileDebugKotlin/cacheable/caches-jvm/inputs/source-to-output.tab.values
2026-05-16T17:00:38.793+0600 [DEBUG] [org.gradle.internal.watch.vfs.impl.WatchingVirtualFileSystem] Handling VFS change REMOVED /Users/alifmahmud/FM 01/Developed by Alif/My routine/app/build/kotlin/compileDebugKotlin/cacheable/caches-jvm/inputs/source-to-output.tab.values.s
2026-05-16T17:00:38.793+0600 [DEBUG] [org.gradle.internal.watch.vfs.impl.WatchingVirtualFileSystem] Handling VFS change REMOVED /Users/alifmahmud/FM 01/Developed by Alif/My routine/app/build/kotlin/compileDebugKotlin/cacheable/caches-jvm/inputs/source-to-output.tab.keystream
2026-05-16T17:00:38.793+0600 [DEBUG] [org.gradle.internal.watch.vfs.impl.WatchingVirtualFileSystem] Handling VFS change REMOVED /Users/alifmahmud/FM 01/Developed by Alif/My routine/app/build/kotlin/compileDebugKotlin/cacheable/caches-jvm/inputs/source-to-output.tab.values.at
2026-05-16T17:00:38.793+0600 [DEBUG] [org.gradle.internal.watch.vfs.impl.WatchingVirtualFileSystem] Handling VFS change REMOVED /Users/alifmahmud/FM 01/Developed by Alif/My routine/app/build/kotlin/compileDebugKotlin/cacheable/caches-jvm/inputs
2026-05-16T17:00:38.793+0600 [DEBUG] [org.gradle.internal.watch.vfs.impl.WatchingVirtualFileSystem] Handling VFS change REMOVED /Users/alifmahmud/FM 01/Developed by Alif/My routine/app/build/kotlin/compileDebugKotlin/cacheable/caches-jvm
2026-05-16T17:00:38.793+0600 [DEBUG] [org.gradle.internal.watch.vfs.impl.WatchingVirtualFileSystem] Handling VFS change REMOVED /Users/alifmahmud/FM 01/Developed by Alif/My routine/app/build/kotlin/compileDebugKotlin/cacheable
2026-05-16T17:00:47.500+0600 [DEBUG] [org.gradle.cache.internal.DefaultFileLockManager] Waiting to acquire shared lock on daemon addresses registry.
2026-05-16T17:00:47.502+0600 [DEBUG] [org.gradle.cache.internal.DefaultFileLockManager] Lock acquired on daemon addresses registry.
2026-05-16T17:00:47.503+0600 [DEBUG] [org.gradle.cache.internal.DefaultFileLockManager] Releasing lock on daemon addresses registry.
2026-05-16T17:00:47.503+0600 [DEBUG] [org.gradle.cache.internal.DefaultFileLockManager] Waiting to acquire shared lock on daemon addresses registry.
2026-05-16T17:00:47.503+0600 [DEBUG] [org.gradle.cache.internal.DefaultFileLockManager] Lock acquired on daemon addresses registry.
2026-05-16T17:00:47.503+0600 [DEBUG] [org.gradle.cache.internal.DefaultFileLockManager] Releasing lock on daemon addresses registry.
2026-05-16T17:00:47.503+0600 [DEBUG] [org.gradle.cache.internal.DefaultFileLockManager] Waiting to acquire shared lock on daemon addresses registry.
2026-05-16T17:00:47.503+0600 [DEBUG] [org.gradle.cache.internal.DefaultFileLockManager] Lock acquired on daemon addresses registry.
2026-05-16T17:00:47.503+0600 [DEBUG] [org.gradle.cache.internal.DefaultFileLockManager] Releasing lock on daemon addresses registry.
2026-05-16T17:00:51.806+0600 [DEBUG] [org.gradle.internal.watch.vfs.impl.WatchingVirtualFileSystem] Handling VFS change MODIFIED /Users/alifmahmud/FM 01/Developed by Alif/My routine/app/src/main/java/com/alif/studentroutine/data/repository/RoutineRepository.kt
2026-05-16T17:00:57.501+0600 [DEBUG] [org.gradle.cache.internal.DefaultFileLockManager] Waiting to acquire shared lock on daemon addresses registry.
2026-05-16T17:00:57.503+0600 [DEBUG] [org.gradle.cache.internal.DefaultFileLockManager] Lock acquired on daemon addresses registry.
2026-05-16T17:00:57.504+0600 [DEBUG] [org.gradle.cache.internal.DefaultFileLockManager] Releasing lock on daemon addresses registry.
2026-05-16T17:00:57.506+0600 [DEBUG] [org.gradle.cache.internal.DefaultFileLockManager] Waiting to acquire shared lock on daemon addresses registry.
2026-05-16T17:00:57.507+0600 [DEBUG] [org.gradle.cache.internal.DefaultFileLockManager] Lock acquired on daemon addresses registry.
2026-05-16T17:00:57.507+0600 [DEBUG] [org.gradle.cache.internal.DefaultFileLockManager] Releasing lock on daemon addresses registry.
2026-05-16T17:00:57.508+0600 [DEBUG] [org.gradle.cache.internal.DefaultFileLockManager] Waiting to acquire shared lock on daemon addresses registry.
2026-05-16T17:00:57.508+0600 [DEBUG] [org.gradle.cache.internal.DefaultFileLockManager] Lock acquired on daemon addresses registry.
2026-05-16T17:00:57.508+0600 [DEBUG] [org.gradle.cache.internal.DefaultFileLockManager] Releasing lock on daemon addresses registry.
2026-05-16T17:01:05.013+0600 [DEBUG] [org.gradle.internal.watch.registry.impl.DefaultFileWatcherProbeRegistry] Triggering watch probe for /Users/alifmahmud/FM 01/Developed by Alif/My routine
2026-05-16T17:01:07.501+0600 [DEBUG] [org.gradle.cache.internal.DefaultFileLockManager] Waiting to acquire shared lock on daemon addresses registry.
2026-05-16T17:01:07.502+0600 [DEBUG] [org.gradle.cache.internal.DefaultFileLockManager] Lock acquired on daemon addresses registry.
2026-05-16T17:01:07.503+0600 [DEBUG] [org.gradle.cache.internal.DefaultFileLockManager] Releasing lock on daemon addresses registry.
2026-05-16T17:01:07.504+0600 [DEBUG] [org.gradle.cache.internal.DefaultFileLockManager] Waiting to acquire shared lock on daemon addresses registry.
2026-05-16T17:01:07.505+0600 [DEBUG] [org.gradle.cache.internal.DefaultFileLockManager] Lock acquired on daemon addresses registry.
2026-05-16T17:01:07.505+0600 [DEBUG] [org.gradle.cache.internal.DefaultFileLockManager] Releasing lock on daemon addresses registry.
2026-05-16T17:01:07.505+0600 [DEBUG] [org.gradle.cache.internal.DefaultFileLockManager] Waiting to acquire shared lock on daemon addresses registry.
2026-05-16T17:01:07.505+0600 [DEBUG] [org.gradle.cache.internal.DefaultFileLockManager] Lock acquired on daemon addresses registry.
2026-05-16T17:01:07.505+0600 [DEBUG] [org.gradle.cache.internal.DefaultFileLockManager] Releasing lock on daemon addresses registry.
2026-05-16T17:01:17.496+0600 [DEBUG] [org.gradle.cache.internal.DefaultFileLockManager] Waiting to acquire shared lock on daemon addresses registry.
2026-05-16T17:01:17.498+0600 [DEBUG] [org.gradle.cache.internal.DefaultFileLockManager] Lock acquired on daemon addresses registry.
2026-05-16T17:01:17.500+0600 [DEBUG] [org.gradle.cache.internal.DefaultFileLockManager] Releasing lock on daemon addresses registry.
2026-05-16T17:01:17.501+0600 [DEBUG] [org.gradle.cache.internal.DefaultFileLockManager] Waiting to acquire shared lock on daemon addresses registry.
2026-05-16T17:01:17.502+0600 [DEBUG] [org.gradle.cache.internal.DefaultFileLockManager] Lock acquired on daemon addresses registry.
2026-05-16T17:01:17.502+0600 [DEBUG] [org.gradle.cache.internal.DefaultFileLockManager] Releasing lock on daemon addresses registry.
2026-05-16T17:01:17.502+0600 [DEBUG] [org.gradle.cache.internal.DefaultFileLockManager] Waiting to acquire shared lock on daemon addresses registry.
2026-05-16T17:01:17.502+0600 [DEBUG] [org.gradle.cache.internal.DefaultFileLockManager] Lock acquired on daemon addresses registry.
2026-05-16T17:01:17.502+0600 [DEBUG] [org.gradle.cache.internal.DefaultFileLockManager] Releasing lock on daemon addresses registry.
2026-05-16T17:01:20.562+0600 [DEBUG] [org.gradle.internal.watch.vfs.impl.WatchingVirtualFileSystem] Handling VFS change MODIFIED /Users/alifmahmud/FM 01/Developed by Alif/My routine/app/src/main/java/com/alif/studentroutine/data/database/TaskItemDao.kt
2026-05-16T17:01:27.497+0600 [DEBUG] [org.gradle.cache.internal.DefaultFileLockManager] Waiting to acquire shared lock on daemon addresses registry.
2026-05-16T17:01:27.499+0600 [DEBUG] [org.gradle.cache.internal.DefaultFileLockManager] Lock acquired on daemon addresses registry.
2026-05-16T17:01:27.500+0600 [DEBUG] [org.gradle.cache.internal.DefaultFileLockManager] Releasing lock on daemon addresses registry.
2026-05-16T17:01:27.501+0600 [DEBUG] [org.gradle.cache.internal.DefaultFileLockManager] Waiting to acquire shared lock on daemon addresses registry.
2026-05-16T17:01:27.501+0600 [DEBUG] [org.gradle.cache.internal.DefaultFileLockManager] Lock acquired on daemon addresses registry.
2026-05-16T17:01:27.501+0600 [DEBUG] [org.gradle.cache.internal.DefaultFileLockManager] Releasing lock on daemon addresses registry.
2026-05-16T17:01:27.502+0600 [DEBUG] [org.gradle.cache.internal.DefaultFileLockManager] Waiting to acquire shared lock on daemon addresses registry.
2026-05-16T17:01:27.502+0600 [DEBUG] [org.gradle.cache.internal.DefaultFileLockManager] Lock acquired on daemon addresses registry.
2026-05-16T17:01:27.502+0600 [DEBUG] [org.gradle.cache.internal.DefaultFileLockManager] Releasing lock on daemon addresses registry.
2026-05-16T17:01:32.614+0600 [DEBUG] [org.gradle.internal.watch.registry.impl.DefaultFileWatcherProbeRegistry] Triggering watch probe for /Users/alifmahmud/FM 01/Developed by Alif/My routine
2026-05-16T17:01:37.499+0600 [DEBUG] [org.gradle.cache.internal.DefaultFileLockManager] Waiting to acquire shared lock on daemon addresses registry.
2026-05-16T17:01:37.501+0600 [DEBUG] [org.gradle.cache.internal.DefaultFileLockManager] Lock acquired on daemon addresses registry.
2026-05-16T17:01:37.503+0600 [DEBUG] [org.gradle.cache.internal.DefaultFileLockManager] Releasing lock on daemon addresses registry.
2026-05-16T17:01:37.505+0600 [DEBUG] [org.gradle.cache.internal.DefaultFileLockManager] Waiting to acquire shared lock on daemon addresses registry.
2026-05-16T17:01:37.505+0600 [DEBUG] [org.gradle.cache.internal.DefaultFileLockManager] Lock acquired on daemon addresses registry.
2026-05-16T17:01:37.505+0600 [DEBUG] [org.gradle.cache.internal.DefaultFileLockManager] Releasing lock on daemon addresses registry.
2026-05-16T17:01:37.506+0600 [DEBUG] [org.gradle.cache.internal.DefaultFileLockManager] Waiting to acquire shared lock on daemon addresses registry.
2026-05-16T17:01:37.506+0600 [DEBUG] [org.gradle.cache.internal.DefaultFileLockManager] Lock acquired on daemon addresses registry.
2026-05-16T17:01:37.506+0600 [DEBUG] [org.gradle.cache.internal.DefaultFileLockManager] Releasing lock on daemon addresses registry.
2026-05-16T17:01:40.776+0600 [DEBUG] [org.gradle.internal.watch.vfs.impl.WatchingVirtualFileSystem] Handling VFS change MODIFIED /Users/alifmahmud/FM 01/Developed by Alif/My routine/app/build/kotlin/compileDebugKotlin/classpath-snapshot/shrunk-classpath-snapshot.bin
2026-05-16T17:01:41.324+0600 [DEBUG] [org.gradle.internal.watch.vfs.impl.WatchingVirtualFileSystem] Handling VFS change CREATED /Users/alifmahmud/FM 01/Developed by Alif/My routine/app/build/intermediates/javac/debug/compileDebugJavaWithJavac/classes/com/alif/studentroutine/data/database/AppDatabase_Impl$1.class
2026-05-16T17:01:41.325+0600 [DEBUG] [org.gradle.internal.watch.vfs.impl.WatchingVirtualFileSystem] Handling VFS change CREATED /Users/alifmahmud/FM 01/Developed by Alif/My routine/app/build/intermediates/javac/debug/compileDebugJavaWithJavac/classes/com/alif/studentroutine/data/database/ClassItemDao_Impl$2.class
2026-05-16T17:01:41.326+0600 [DEBUG] [org.gradle.internal.watch.vfs.impl.WatchingVirtualFileSystem] Handling VFS change CREATED /Users/alifmahmud/FM 01/Developed by Alif/My routine/app/build/intermediates/javac/debug/compileDebugJavaWithJavac/classes/com/alif/studentroutine/data/database/TaskItemDao_Impl$4.class
2026-05-16T17:01:41.326+0600 [DEBUG] [org.gradle.internal.watch.vfs.impl.WatchingVirtualFileSystem] Handling VFS change CREATED /Users/alifmahmud/FM 01/Developed by Alif/My routine/app/build/intermediates/javac/debug/compileDebugJavaWithJavac/classes/com/alif/studentroutine/data/database/ClassItemDao_Impl$8.class
2026-05-16T17:01:41.326+0600 [DEBUG] [org.gradle.internal.watch.vfs.impl.WatchingVirtualFileSystem] Handling VFS change CREATED /Users/alifmahmud/FM 01/Developed by Alif/My routine/app/build/intermediates/javac/debug/compileDebugJavaWithJavac/classes/com/alif/studentroutine/data/database/ClassItemDao_Impl$3.class
2026-05-16T17:01:41.326+0600 [DEBUG] [org.gradle.internal.watch.vfs.impl.WatchingVirtualFileSystem] Handling VFS change CREATED /Users/alifmahmud/FM 01/Developed by Alif/My routine/app/build/intermediates/javac/debug/compileDebugJavaWithJavac/classes/com/alif/studentroutine/data/database/TaskItemDao_Impl$3.class
2026-05-16T17:01:41.326+0600 [DEBUG] [org.gradle.internal.watch.vfs.impl.WatchingVirtualFileSystem] Handling VFS change CREATED /Users/alifmahmud/FM 01/Developed by Alif/My routine/app/build/intermediates/javac/debug/compileDebugJavaWithJavac/classes/com/alif/studentroutine/data/database/TaskItemDao_Impl$5.class
2026-05-16T17:01:41.327+0600 [DEBUG] [org.gradle.internal.watch.vfs.impl.WatchingVirtualFileSystem] Handling VFS change CREATED /Users/alifmahmud/FM 01/Developed by Alif/My routine/app/build/intermediates/javac/debug/compileDebugJavaWithJavac/classes/com/alif/studentroutine/data/database/ClassItemDao_Impl$1.class
2026-05-16T17:01:41.327+0600 [DEBUG] [org.gradle.internal.watch.vfs.impl.WatchingVirtualFileSystem] Handling VFS change CREATED /Users/alifmahmud/FM 01/Developed by Alif/My routine/app/build/intermediates/javac/debug/compileDebugJavaWithJavac/classes/com/alif/studentroutine/data/database/TaskItemDao_Impl$8.class
2026-05-16T17:01:41.327+0600 [DEBUG] [org.gradle.internal.watch.vfs.impl.WatchingVirtualFileSystem] Handling VFS change CREATED /Users/alifmahmud/FM 01/Developed by Alif/My routine/app/build/intermediates/javac/debug/compileDebugJavaWithJavac/classes/com/alif/studentroutine/data/database/ClassItemDao_Impl$7.class
2026-05-16T17:01:41.327+0600 [DEBUG] [org.gradle.internal.watch.vfs.impl.WatchingVirtualFileSystem] Handling VFS change CREATED /Users/alifmahmud/FM 01/Developed by Alif/My routine/app/build/intermediates/javac/debug/compileDebugJavaWithJavac/classes/com/alif/studentroutine/data/database/TaskItemDao_Impl$9.class
2026-05-16T17:01:41.327+0600 [DEBUG] [org.gradle.internal.watch.vfs.impl.WatchingVirtualFileSystem] Handling VFS change CREATED /Users/alifmahmud/FM 01/Developed by Alif/My routine/app/build/intermediates/javac/debug/compileDebugJavaWithJavac/classes/com/alif/studentroutine/data/database/AppDatabase_Impl.class
2026-05-16T17:01:41.327+0600 [DEBUG] [org.gradle.internal.watch.vfs.impl.WatchingVirtualFileSystem] Handling VFS change CREATED /Users/alifmahmud/FM 01/Developed by Alif/My routine/app/build/intermediates/javac/debug/compileDebugJavaWithJavac/classes/com/alif/studentroutine/data/database/ClassItemDao_Impl$6.class
2026-05-16T17:01:41.327+0600 [DEBUG] [org.gradle.internal.watch.vfs.impl.WatchingVirtualFileSystem] Handling VFS change CREATED /Users/alifmahmud/FM 01/Developed by Alif/My routine/app/build/intermediates/javac/debug/compileDebugJavaWithJavac/classes/com/alif/studentroutine/data/database/TaskItemDao_Impl$7.class
2026-05-16T17:01:41.327+0600 [DEBUG] [org.gradle.internal.watch.vfs.impl.WatchingVirtualFileSystem] Handling VFS change CREATED /Users/alifmahmud/FM 01/Developed by Alif/My routine/app/build/intermediates/javac/debug/compileDebugJavaWithJavac/classes/com/alif/studentroutine/data/database/ClassItemDao_Impl$10.class
2026-05-16T17:01:41.327+0600 [DEBUG] [org.gradle.internal.watch.vfs.impl.WatchingVirtualFileSystem] Handling VFS change CREATED /Users/alifmahmud/FM 01/Developed by Alif/My routine/app/build/intermediates/javac/debug/compileDebugJavaWithJavac/classes/com/alif/studentroutine/data/database/ClassItemDao_Impl$5.class
2026-05-16T17:01:41.327+0600 [DEBUG] [org.gradle.internal.watch.vfs.impl.WatchingVirtualFileSystem] Handling VFS change CREATED /Users/alifmahmud/FM 01/Developed by Alif/My routine/app/build/intermediates/javac/debug/compileDebugJavaWithJavac/classes/com/alif/studentroutine/data/database/TaskItemDao_Impl$1.class
2026-05-16T17:01:41.327+0600 [DEBUG] [org.gradle.internal.watch.vfs.impl.WatchingVirtualFileSystem] Handling VFS change CREATED /Users/alifmahmud/FM 01/Developed by Alif/My routine/app/build/intermediates/javac/debug/compileDebugJavaWithJavac/classes/com/alif/studentroutine/data/database/ClassItemDao_Impl$9.class
2026-05-16T17:01:41.332+0600 [DEBUG] [org.gradle.internal.watch.vfs.impl.WatchingVirtualFileSystem] Handling VFS change CREATED /Users/alifmahmud/FM 01/Developed by Alif/My routine/app/build/intermediates/javac/debug/compileDebugJavaWithJavac/classes/com/alif/studentroutine/data/database/TaskItemDao_Impl$6.class
2026-05-16T17:01:41.332+0600 [DEBUG] [org.gradle.internal.watch.vfs.impl.WatchingVirtualFileSystem] Handling VFS change CREATED /Users/alifmahmud/FM 01/Developed by Alif/My routine/app/build/intermediates/javac/debug/compileDebugJavaWithJavac/classes/com/alif/studentroutine/data/database/TaskItemDao_Impl.class
2026-05-16T17:01:41.332+0600 [DEBUG] [org.gradle.internal.watch.vfs.impl.WatchingVirtualFileSystem] Handling VFS change CREATED /Users/alifmahmud/FM 01/Developed by Alif/My routine/app/build/intermediates/javac/debug/compileDebugJavaWithJavac/classes/com/alif/studentroutine/data/database/TaskItemDao_Impl$10.class
2026-05-16T17:01:41.332+0600 [DEBUG] [org.gradle.internal.watch.vfs.impl.WatchingVirtualFileSystem] Handling VFS change CREATED /Users/alifmahmud/FM 01/Developed by Alif/My routine/app/build/intermediates/javac/debug/compileDebugJavaWithJavac/classes/com/alif/studentroutine/data/database/ClassItemDao_Impl$4.class
2026-05-16T17:01:41.332+0600 [DEBUG] [org.gradle.internal.watch.vfs.impl.WatchingVirtualFileSystem] Handling VFS change CREATED /Users/alifmahmud/FM 01/Developed by Alif/My routine/app/build/intermediates/javac/debug/compileDebugJavaWithJavac/classes/com/alif/studentroutine/data/database/TaskItemDao_Impl$2.class
2026-05-16T17:01:41.332+0600 [DEBUG] [org.gradle.internal.watch.vfs.impl.WatchingVirtualFileSystem] Handling VFS change CREATED /Users/alifmahmud/FM 01/Developed by Alif/My routine/app/build/intermediates/javac/debug/compileDebugJavaWithJavac/classes/com/alif/studentroutine/data/database/ClassItemDao_Impl.class
2026-05-16T17:01:41.982+0600 [DEBUG] [org.gradle.internal.watch.vfs.impl.WatchingVirtualFileSystem] Handling VFS change MODIFIED /Users/alifmahmud/FM 01/Developed by Alif/My routine/app/build/tmp/compileDebugJavaWithJavac/previous-compilation-data.bin
2026-05-16T17:01:42.007+0600 [DEBUG] [org.gradle.internal.watch.vfs.impl.WatchingVirtualFileSystem] Handling VFS change REMOVED /Users/alifmahmud/FM 01/Developed by Alif/My routine/app/build/intermediates/project_dex_archive/debug/dexBuilderDebug/out/59a9ae91ae103ea93e86beb785bba027a3da6d4bdbaf796a1b251c6d44e9da26_1.jar
2026-05-16T17:01:42.007+0600 [DEBUG] [org.gradle.internal.watch.vfs.impl.WatchingVirtualFileSystem] Handling VFS change REMOVED /Users/alifmahmud/FM 01/Developed by Alif/My routine/app/build/intermediates/project_dex_archive/debug/dexBuilderDebug/out/59a9ae91ae103ea93e86beb785bba027a3da6d4bdbaf796a1b251c6d44e9da26_0.jar
2026-05-16T17:01:42.008+0600 [DEBUG] [org.gradle.internal.watch.vfs.impl.WatchingVirtualFileSystem] Handling VFS change REMOVED /Users/alifmahmud/FM 01/Developed by Alif/My routine/app/build/intermediates/project_dex_archive/debug/dexBuilderDebug/out/59a9ae91ae103ea93e86beb785bba027a3da6d4bdbaf796a1b251c6d44e9da26_2.jar
2026-05-16T17:01:42.008+0600 [DEBUG] [org.gradle.internal.watch.vfs.impl.WatchingVirtualFileSystem] Handling VFS change REMOVED /Users/alifmahmud/FM 01/Developed by Alif/My routine/app/build/intermediates/project_dex_archive/debug/dexBuilderDebug/out/59a9ae91ae103ea93e86beb785bba027a3da6d4bdbaf796a1b251c6d44e9da26_3.jar
2026-05-16T17:01:42.008+0600 [DEBUG] [org.gradle.internal.watch.vfs.impl.WatchingVirtualFileSystem] Handling VFS change REMOVED /Users/alifmahmud/FM 01/Developed by Alif/My routine/app/build/intermediates/project_dex_archive/debug/dexBuilderDebug/out/com/alif/studentroutine/MainActivity$onCreate$1.dex
2026-05-16T17:01:42.009+0600 [DEBUG] [org.gradle.internal.watch.vfs.impl.WatchingVirtualFileSystem] Handling VFS change REMOVED /Users/alifmahmud/FM 01/Developed by Alif/My routine/app/build/intermediates/project_dex_archive/debug/dexBuilderDebug/out/com/alif/studentroutine/viewmodel/AddEditViewModel$deleteClass$1.dex
2026-05-16T17:01:42.009+0600 [DEBUG] [org.gradle.internal.watch.vfs.impl.WatchingVirtualFileSystem] Handling VFS change REMOVED /Users/alifmahmud/FM 01/Developed by Alif/My routine/app/build/intermediates/project_dex_archive/debug/dexBuilderDebug/out/com/alif/studentroutine/viewmodel/TimetableViewModel.dex
2026-05-16T17:01:42.010+0600 [DEBUG] [org.gradle.internal.watch.vfs.impl.WatchingVirtualFileSystem] Handling VFS change REMOVED /Users/alifmahmud/FM 01/Developed by Alif/My routine/app/build/intermediates/project_dex_archive/debug/dexBuilderDebug/out/com/alif/studentroutine/viewmodel/AddEditViewModel$saveTask$1.dex
2026-05-16T17:01:42.010+0600 [DEBUG] [org.gradle.internal.watch.vfs.impl.WatchingVirtualFileSystem] Handling VFS change REMOVED /Users/alifmahmud/FM 01/Developed by Alif/My routine/app/build/intermediates/project_dex_archive/debug/dexBuilderDebug/out/com/alif/studentroutine/viewmodel/AddEditViewModel$updateClass$1.dex
2026-05-16T17:01:42.010+0600 [DEBUG] [org.gradle.internal.watch.vfs.impl.WatchingVirtualFileSystem] Handling VFS change REMOVED /Users/alifmahmud/FM 01/Developed by Alif/My routine/app/build/intermediates/project_dex_archive/debug/dexBuilderDebug/out/com/alif/studentroutine/viewmodel/AddEditViewModel$Factory.dex
2026-05-16T17:01:42.010+0600 [DEBUG] [org.gradle.internal.watch.vfs.impl.WatchingVirtualFileSystem] Handling VFS change REMOVED /Users/alifmahmud/FM 01/Developed by Alif/My routine/app/build/intermediates/project_dex_archive/debug/dexBuilderDebug/out/com/alif/studentroutine/viewmodel/DashboardViewModel.dex
2026-05-16T17:01:42.010+0600 [DEBUG] [org.gradle.internal.watch.vfs.impl.WatchingVirtualFileSystem] Handling VFS change REMOVED /Users/alifmahmud/FM 01/Developed by Alif/My routine/app/build/intermediates/project_dex_archive/debug/dexBuilderDebug/out/com/alif/studentroutine/viewmodel/AddEditViewModel$deleteTask$1.dex
2026-05-16T17:01:42.010+0600 [DEBUG] [org.gradle.internal.watch.vfs.impl.WatchingVirtualFileSystem] Handling VFS change REMOVED /Users/alifmahmud/FM 01/Developed by Alif/My routine/app/build/intermediates/project_dex_archive/debug/dexBuilderDebug/out/com/alif/studentroutine/viewmodel/AddEditViewModel$saveClass$1.dex
2026-05-16T17:01:42.010+0600 [DEBUG] [org.gradle.internal.watch.vfs.impl.WatchingVirtualFileSystem] Handling VFS change REMOVED /Users/alifmahmud/FM 01/Developed by Alif/My routine/app/build/intermediates/project_dex_archive/debug/dexBuilderDebug/out/com/alif/studentroutine/viewmodel/DashboardViewModel$markTaskComplete$1.dex
2026-05-16T17:01:42.010+0600 [DEBUG] [org.gradle.internal.watch.vfs.impl.WatchingVirtualFileSystem] Handling VFS change REMOVED /Users/alifmahmud/FM 01/Developed by Alif/My routine/app/build/intermediates/project_dex_archive/debug/dexBuilderDebug/out/com/alif/studentroutine/viewmodel/TasksViewModel$Factory.dex
2026-05-16T17:01:42.011+0600 [DEBUG] [org.gradle.internal.watch.vfs.impl.WatchingVirtualFileSystem] Handling VFS change REMOVED /Users/alifmahmud/FM 01/Developed by Alif/My routine/app/build/intermediates/project_dex_archive/debug/dexBuilderDebug/out/com/alif/studentroutine/viewmodel/TasksViewModel.dex
2026-05-16T17:01:42.011+0600 [DEBUG] [org.gradle.internal.watch.vfs.impl.WatchingVirtualFileSystem] Handling VFS change REMOVED /Users/alifmahmud/FM 01/Developed by Alif/My routine/app/build/intermediates/project_dex_archive/debug/dexBuilderDebug/out/com/alif/studentroutine/viewmodel/TasksViewModel$toggleTaskComplete$1.dex
2026-05-16T17:01:42.052+0600 [DEBUG] [org.gradle.internal.watch.vfs.impl.WatchingVirtualFileSystem] Handling VFS change REMOVED /Users/alifmahmud/FM 01/Developed by Alif/My routine/app/build/intermediates/project_dex_archive/debug/dexBuilderDebug/out/com/alif/studentroutine/viewmodel/TimetableViewModel$deleteClass$1.dex
2026-05-16T17:01:42.052+0600 [DEBUG] [org.gradle.internal.watch.vfs.impl.WatchingVirtualFileSystem] Handling VFS change REMOVED /Users/alifmahmud/FM 01/Developed by Alif/My routine/app/build/intermediates/project_dex_archive/debug/dexBuilderDebug/out/com/alif/studentroutine/viewmodel/AddEditViewModel.dex
2026-05-16T17:01:42.052+0600 [DEBUG] [org.gradle.internal.watch.vfs.impl.WatchingVirtualFileSystem] Handling VFS change REMOVED /Users/alifmahmud/FM 01/Developed by Alif/My routine/app/build/intermediates/project_dex_archive/debug/dexBuilderDebug/out/com/alif/studentroutine/viewmodel/TasksViewModel$deleteTask$1.dex
2026-05-16T17:01:42.053+0600 [DEBUG] [org.gradle.internal.watch.vfs.impl.WatchingVirtualFileSystem] Handling VFS change REMOVED /Users/alifmahmud/FM 01/Developed by Alif/My routine/app/build/intermediates/project_dex_archive/debug/dexBuilderDebug/out/com/alif/studentroutine/viewmodel/TimetableViewModel$Factory.dex
2026-05-16T17:01:42.053+0600 [DEBUG] [org.gradle.internal.watch.vfs.impl.WatchingVirtualFileSystem] Handling VFS change REMOVED /Users/alifmahmud/FM 01/Developed by Alif/My routine/app/build/intermediates/project_dex_archive/debug/dexBuilderDebug/out/com/alif/studentroutine/viewmodel/DashboardViewModel$Factory.dex
2026-05-16T17:01:42.053+0600 [DEBUG] [org.gradle.internal.watch.vfs.impl.WatchingVirtualFileSystem] Handling VFS change REMOVED /Users/alifmahmud/FM 01/Developed by Alif/My routine/app/build/intermediates/project_dex_archive/debug/dexBuilderDebug/out/com/alif/studentroutine/viewmodel/AddEditViewModel$updateTask$1.dex
2026-05-16T17:01:42.053+0600 [DEBUG] [org.gradle.internal.watch.vfs.impl.WatchingVirtualFileSystem] Handling VFS change REMOVED /Users/alifmahmud/FM 01/Developed by Alif/My routine/app/build/intermediates/project_dex_archive/debug/dexBuilderDebug/out/com/alif/studentroutine/viewmodel
2026-05-16T17:01:42.053+0600 [DEBUG] [org.gradle.internal.watch.vfs.impl.WatchingVirtualFileSystem] Handling VFS change REMOVED /Users/alifmahmud/FM 01/Developed by Alif/My routine/app/build/intermediates/project_dex_archive/debug/dexBuilderDebug/out/com/alif/studentroutine/ui/navigation/NavGraphKt$NavGraph$1$2$1.dex
2026-05-16T17:01:42.053+0600 [DEBUG] [org.gradle.internal.watch.vfs.impl.WatchingVirtualFileSystem] Handling VFS change REMOVED /Users/alifmahmud/FM 01/Developed by Alif/My routine/app/build/intermediates/project_dex_archive/debug/dexBuilderDebug/out/com/alif/studentroutine/ui/navigation/Screen$Tasks.dex
2026-05-16T17:01:42.054+0600 [DEBUG] [org.gradle.internal.watch.vfs.impl.WatchingVirtualFileSystem] Handling VFS change REMOVED /Users/alifmahmud/FM 01/Developed by Alif/My routine/app/build/intermediates/project_dex_archive/debug/dexBuilderDebug/out/com/alif/studentroutine/ui/navigation/NavGraphKt$NavGraph$1$2$2.dex
2026-05-16T17:01:42.054+0600 [DEBUG] [org.gradle.internal.watch.vfs.impl.WatchingVirtualFileSystem] Handling VFS change REMOVED /Users/alifmahmud/FM 01/Developed by Alif/My routine/app/build/intermediates/project_dex_archive/debug/dexBuilderDebug/out/com/alif/studentroutine/ui/navigation/NavGraphKt$NavGraph$1$2$3.dex
2026-05-16T17:01:42.054+0600 [DEBUG] [org.gradle.internal.watch.vfs.impl.WatchingVirtualFileSystem] Handling VFS change REMOVED /Users/alifmahmud/FM 01/Developed by Alif/My routine/app/build/intermediates/project_dex_archive/debug/dexBuilderDebug/out/com/alif/studentroutine/ui/navigation/Screen$AddClass.dex
2026-05-16T17:01:42.054+0600 [DEBUG] [org.gradle.internal.watch.vfs.impl.WatchingVirtualFileSystem] Handling VFS change REMOVED /Users/alifmahmud/FM 01/Developed by Alif/My routine/app/build/intermediates/project_dex_archive/debug/dexBuilderDebug/out/com/alif/studentroutine/ui/navigation/NavGraphKt$NavGraph$1.dex
2026-05-16T17:01:42.054+0600 [DEBUG] [org.gradle.internal.watch.vfs.impl.WatchingVirtualFileSystem] Handling VFS change REMOVED /Users/alifmahmud/FM 01/Developed by Alif/My routine/app/build/intermediates/project_dex_archive/debug/dexBuilderDebug/out/com/alif/studentroutine/ui/navigation/Screen$Settings.dex
2026-05-16T17:01:42.054+0600 [DEBUG] [org.gradle.internal.watch.vfs.impl.WatchingVirtualFileSystem] Handling VFS change REMOVED /Users/alifmahmud/FM 01/Developed by Alif/My routine/app/build/intermediates/project_dex_archive/debug/dexBuilderDebug/out/com/alif/studentroutine/ui/navigation/NavGraphKt$NavGraph$2.dex
2026-05-16T17:01:42.054+0600 [DEBUG] [org.gradle.internal.watch.vfs.impl.WatchingVirtualFileSystem] Handling VFS change REMOVED /Users/alifmahmud/FM 01/Developed by Alif/My routine/app/build/intermediates/project_dex_archive/debug/dexBuilderDebug/out/com/alif/studentroutine/ui/navigation/NavGraphKt$NavGraph$1$3$2.dex
2026-05-16T17:01:42.054+0600 [DEBUG] [org.gradle.internal.watch.vfs.impl.WatchingVirtualFileSystem] Handling VFS change REMOVED /Users/alifmahmud/FM 01/Developed by Alif/My routine/app/build/intermediates/project_dex_archive/debug/dexBuilderDebug/out/com/alif/studentroutine/ui/navigation/NavGraphKt$NavGraph$1$1$1.dex
2026-05-16T17:01:42.054+0600 [DEBUG] [org.gradle.internal.watch.vfs.impl.WatchingVirtualFileSystem] Handling VFS change REMOVED /Users/alifmahmud/FM 01/Developed by Alif/My routine/app/build/intermediates/project_dex_archive/debug/dexBuilderDebug/out/com/alif/studentroutine/ui/navigation/NavGraphKt$NavGraph$1$3$3.dex
2026-05-16T17:01:42.054+0600 [DEBUG] [org.gradle.internal.watch.vfs.impl.WatchingVirtualFileSystem] Handling VFS change REMOVED /Users/alifmahmud/FM 01/Developed by Alif/My routine/app/build/intermediates/project_dex_archive/debug/dexBuilderDebug/out/com/alif/studentroutine/ui/navigation/Screen.dex
2026-05-16T17:01:42.054+0600 [DEBUG] [org.gradle.internal.watch.vfs.impl.WatchingVirtualFileSystem] Handling VFS change REMOVED /Users/alifmahmud/FM 01/Developed by Alif/My routine/app/build/intermediates/project_dex_archive/debug/dexBuilderDebug/out/com/alif/studentroutine/ui/navigation/NavGraphKt$NavGraph$1$3$1.dex
2026-05-16T17:01:42.054+0600 [DEBUG] [org.gradle.internal.watch.vfs.impl.WatchingVirtualFileSystem] Handling VFS change REMOVED /Users/alifmahmud/FM 01/Developed by Alif/My routine/app/build/intermediates/project_dex_archive/debug/dexBuilderDebug/out/com/alif/studentroutine/ui/navigation/NavGraphKt$NavGraph$1$1$3.dex
2026-05-16T17:01:42.054+0600 [DEBUG] [org.gradle.internal.watch.vfs.impl.WatchingVirtualFileSystem] Handling VFS change REMOVED /Users/alifmahmud/FM 01/Developed by Alif/My routine/app/build/intermediates/project_dex_archive/debug/dexBuilderDebug/out/com/alif/studentroutine/ui/navigation/NavGraphKt$NavGraph$1$8.dex
2026-05-16T17:01:42.054+0600 [DEBUG] [org.gradle.internal.watch.vfs.impl.WatchingVirtualFileSystem] Handling VFS change REMOVED /Users/alifmahmud/FM 01/Developed by Alif/My routine/app/build/intermediates/project_dex_archive/debug/dexBuilderDebug/out/com/alif/studentroutine/ui/navigation/NavGraphKt$NavGraph$1$1$2.dex
2026-05-16T17:01:42.054+0600 [DEBUG] [org.gradle.internal.watch.vfs.impl.WatchingVirtualFileSystem] Handling VFS change REMOVED /Users/alifmahmud/FM 01/Developed by Alif/My routine/app/build/intermediates/project_dex_archive/debug/dexBuilderDebug/out/com/alif/studentroutine/ui/navigation/NavGraphKt$NavGraph$1$9.dex
2026-05-16T17:01:42.054+0600 [DEBUG] [org.gradle.internal.watch.vfs.impl.WatchingVirtualFileSystem] Handling VFS change REMOVED /Users/alifmahmud/FM 01/Developed by Alif/My routine/app/build/intermediates/project_dex_archive/debug/dexBuilderDebug/out/com/alif/studentroutine/ui/navigation/Screen$AddTask.dex
2026-05-16T17:01:42.054+0600 [DEBUG] [org.gradle.internal.watch.vfs.impl.WatchingVirtualFileSystem] Handling VFS change REMOVED /Users/alifmahmud/FM 01/Developed by Alif/My routine/app/build/intermediates/project_dex_archive/debug/dexBuilderDebug/out/com/alif/studentroutine/ui/navigation/NavGraphKt$NavGraph$1$1$6.dex
2026-05-16T17:01:42.054+0600 [DEBUG] [org.gradle.internal.watch.vfs.impl.WatchingVirtualFileSystem] Handling VFS change REMOVED /Users/alifmahmud/FM 01/Developed by Alif/My routine/app/build/intermediates/project_dex_archive/debug/dexBuilderDebug/out/com/alif/studentroutine/ui/navigation/NavGraphKt$NavGraph$1$7$1.dex
2026-05-16T17:01:42.054+0600 [DEBUG] [org.gradle.internal.watch.vfs.impl.WatchingVirtualFileSystem] Handling VFS change REMOVED /Users/alifmahmud/FM 01/Developed by Alif/My routine/app/build/intermediates/project_dex_archive/debug/dexBuilderDebug/out/com/alif/studentroutine/ui/navigation/NavGraphKt$NavGraph$1$5$1.dex
2026-05-16T17:01:42.054+0600 [DEBUG] [org.gradle.internal.watch.vfs.impl.WatchingVirtualFileSystem] Handling VFS change REMOVED /Users/alifmahmud/FM 01/Developed by Alif/My routine/app/build/intermediates/project_dex_archive/debug/dexBuilderDebug/out/com/alif/studentroutine/ui/navigation/NavGraphKt$NavGraph$1$1$5.dex
2026-05-16T17:01:42.054+0600 [DEBUG] [org.gradle.internal.watch.vfs.impl.WatchingVirtualFileSystem] Handling VFS change REMOVED /Users/alifmahmud/FM 01/Developed by Alif/My routine/app/build/intermediates/project_dex_archive/debug/dexBuilderDebug/out/com/alif/studentroutine/ui/navigation/NavGraphKt$NavGraph$1$1$4.dex
2026-05-16T17:01:42.054+0600 [DEBUG] [org.gradle.internal.watch.vfs.impl.WatchingVirtualFileSystem] Handling VFS change REMOVED /Users/alifmahmud/FM 01/Developed by Alif/My routine/app/build/intermediates/project_dex_archive/debug/dexBuilderDebug/out/com/alif/studentroutine/ui/navigation/NavGraphKt$NavGraph$1$2.dex
2026-05-16T17:01:42.054+0600 [DEBUG] [org.gradle.internal.watch.vfs.impl.WatchingVirtualFileSystem] Handling VFS change REMOVED /Users/alifmahmud/FM 01/Developed by Alif/My routine/app/build/intermediates/project_dex_archive/debug/dexBuilderDebug/out/com/alif/studentroutine/ui/navigation/NavGraphKt$NavGraph$1$3.dex
2026-05-16T17:01:42.054+0600 [DEBUG] [org.gradle.internal.watch.vfs.impl.WatchingVirtualFileSystem] Handling VFS change REMOVED /Users/alifmahmud/FM 01/Developed by Alif/My routine/app/build/intermediates/project_dex_archive/debug/dexBuilderDebug/out/com/alif/studentroutine/ui/navigation/NavGraphKt$NavGraph$1$9$1.dex
2026-05-16T17:01:42.054+0600 [DEBUG] [org.gradle.internal.watch.vfs.impl.WatchingVirtualFileSystem] Handling VFS change REMOVED /Users/alifmahmud/FM 01/Developed by Alif/My routine/app/build/intermediates/project_dex_archive/debug/dexBuilderDebug/out/com/alif/studentroutine/ui/navigation/NavGraphKt$NavGraph$1$1.dex
2026-05-16T17:01:42.054+0600 [DEBUG] [org.gradle.internal.watch.vfs.impl.WatchingVirtualFileSystem] Handling VFS change REMOVED /Users/alifmahmud/FM 01/Developed by Alif/My routine/app/build/intermediates/project_dex_archive/debug/dexBuilderDebug/out/com/alif/studentroutine/ui/navigation/NavGraphKt.dex
2026-05-16T17:01:42.054+0600 [DEBUG] [org.gradle.internal.watch.vfs.impl.WatchingVirtualFileSystem] Handling VFS change REMOVED /Users/alifmahmud/FM 01/Developed by Alif/My routine/app/build/intermediates/project_dex_archive/debug/dexBuilderDebug/out/com/alif/studentroutine/ui/navigation/Screen$Dashboard.dex
2026-05-16T17:01:42.054+0600 [DEBUG] [org.gradle.internal.watch.vfs.impl.WatchingVirtualFileSystem] Handling VFS change REMOVED /Users/alifmahmud/FM 01/Developed by Alif/My routine/app/build/intermediates/project_dex_archive/debug/dexBuilderDebug/out/com/alif/studentroutine/ui/navigation/NavGraphKt$NavGraph$1$4.dex
2026-05-16T17:01:42.054+0600 [DEBUG] [org.gradle.internal.watch.vfs.impl.WatchingVirtualFileSystem] Handling VFS change REMOVED /Users/alifmahmud/FM 01/Developed by Alif/My routine/app/build/intermediates/project_dex_archive/debug/dexBuilderDebug/out/com/alif/studentroutine/ui/navigation/NavGraphKt$NavGraph$1$5.dex
2026-05-16T17:01:42.054+0600 [DEBUG] [org.gradle.internal.watch.vfs.impl.WatchingVirtualFileSystem] Handling VFS change REMOVED /Users/alifmahmud/FM 01/Developed by Alif/My routine/app/build/intermediates/project_dex_archive/debug/dexBuilderDebug/out/com/alif/studentroutine/ui/navigation/Screen$NearbyLibraries.dex
2026-05-16T17:01:42.054+0600 [DEBUG] [org.gradle.internal.watch.vfs.impl.WatchingVirtualFileSystem] Handling VFS change REMOVED /Users/alifmahmud/FM 01/Developed by Alif/My routine/app/build/intermediates/project_dex_archive/debug/dexBuilderDebug/out/com/alif/studentroutine/ui/navigation/NavGraphKt$NavGraph$1$7.dex
2026-05-16T17:01:42.055+0600 [DEBUG] [org.gradle.internal.watch.vfs.impl.WatchingVirtualFileSystem] Handling VFS change REMOVED /Users/alifmahmud/FM 01/Developed by Alif/My routine/app/build/intermediates/project_dex_archive/debug/dexBuilderDebug/out/com/alif/studentroutine/ui/navigation/NavGraphKt$NavGraph$1$6.dex
2026-05-16T17:01:42.055+0600 [DEBUG] [org.gradle.internal.watch.vfs.impl.WatchingVirtualFileSystem] Handling VFS change REMOVED /Users/alifmahmud/FM 01/Developed by Alif/My routine/app/build/intermediates/project_dex_archive/debug/dexBuilderDebug/out/com/alif/studentroutine/ui/navigation/Screen$Timetable.dex
2026-05-16T17:01:42.055+0600 [DEBUG] [org.gradle.internal.watch.vfs.impl.WatchingVirtualFileSystem] Handling VFS change REMOVED /Users/alifmahmud/FM 01/Developed by Alif/My routine/app/build/intermediates/project_dex_archive/debug/dexBuilderDebug/out/com/alif/studentroutine/ui/navigation/NavGraphKt$NavGraph$1$8$2.dex
2026-05-16T17:01:42.055+0600 [DEBUG] [org.gradle.internal.watch.vfs.impl.WatchingVirtualFileSystem] Handling VFS change REMOVED /Users/alifmahmud/FM 01/Developed by Alif/My routine/app/build/intermediates/project_dex_archive/debug/dexBuilderDebug/out/com/alif/studentroutine/ui/navigation/NavGraphKt$NavGraph$1$8$1.dex
2026-05-16T17:01:42.055+0600 [DEBUG] [org.gradle.internal.watch.vfs.impl.WatchingVirtualFileSystem] Handling VFS change REMOVED /Users/alifmahmud/FM 01/Developed by Alif/My routine/app/build/intermediates/project_dex_archive/debug/dexBuilderDebug/out/com/alif/studentroutine/ui/navigation
2026-05-16T17:01:42.055+0600 [DEBUG] [org.gradle.internal.watch.vfs.impl.WatchingVirtualFileSystem] Handling VFS change REMOVED /Users/alifmahmud/FM 01/Developed by Alif/My routine/app/build/intermediates/project_dex_archive/debug/dexBuilderDebug/out/com/alif/studentroutine/ui/screens/TasksScreenKt$FullTaskCard$1$1$1$1.dex
2026-05-16T17:01:42.055+0600 [DEBUG] [org.gradle.internal.watch.vfs.impl.WatchingVirtualFileSystem] Handling VFS change REMOVED /Users/alifmahmud/FM 01/Developed by Alif/My routine/app/build/intermediates/project_dex_archive/debug/dexBuilderDebug/out/com/alif/studentroutine/ui/screens/DashboardScreenKt$DashboardScreen$3.dex
2026-05-16T17:01:42.055+0600 [DEBUG] [org.gradle.internal.watch.vfs.impl.WatchingVirtualFileSystem] Handling VFS change REMOVED /Users/alifmahmud/FM 01/Developed by Alif/My routine/app/build/intermediates/project_dex_archive/debug/dexBuilderDebug/out/com/alif/studentroutine/ui/screens/TimetableScreenKt$TimetableClassCard$1$1$3$1$1.dex
2026-05-16T17:01:42.056+0600 [DEBUG] [org.gradle.internal.watch.vfs.impl.WatchingVirtualFileSystem] Handling VFS change REMOVED /Users/alifmahmud/FM 01/Developed by Alif/My routine/app/build/intermediates/project_dex_archive/debug/dexBuilderDebug/out/com/alif/studentroutine/ui/screens/AddEditClassScreenKt$AddEditClassScreen$3$2$8$1$1$1.dex
2026-05-16T17:01:42.056+0600 [DEBUG] [org.gradle.internal.watch.vfs.impl.WatchingVirtualFileSystem] Handling VFS change REMOVED /Users/alifmahmud/FM 01/Developed by Alif/My routine/app/build/intermediates/project_dex_archive/debug/dexBuilderDebug/out/com/alif/studentroutine/ui/screens/AddEditTaskScreenKt$AddEditTaskScreen$3$2$3.dex
2026-05-16T17:01:42.056+0600 [DEBUG] [org.gradle.internal.watch.vfs.impl.WatchingVirtualFileSystem] Handling VFS change REMOVED /Users/alifmahmud/FM 01/Developed by Alif/My routine/app/build/intermediates/project_dex_archive/debug/dexBuilderDebug/out/com/alif/studentroutine/ui/screens/TimetableScreenKt$TimetableClassCard$3$1$1.dex
2026-05-16T17:01:42.056+0600 [DEBUG] [org.gradle.internal.watch.vfs.impl.WatchingVirtualFileSystem] Handling VFS change REMOVED /Users/alifmahmud/FM 01/Developed by Alif/My routine/app/build/intermediates/project_dex_archive/debug/dexBuilderDebug/out/com/alif/studentroutine/ui/screens/ComposableSingletons$AddEditClassScreenKt$lambda-6$1.dex
2026-05-16T17:01:42.090+0600 [DEBUG] [org.gradle.internal.watch.vfs.impl.WatchingVirtualFileSystem] Handling VFS change REMOVED /Users/alifmahmud/FM 01/Developed by Alif/My routine/app/build/intermediates/project_dex_archive/debug/dexBuilderDebug/out/com/alif/studentroutine/ui/screens/DashboardScreenKt$DashboardScreen$2.dex
2026-05-16T17:01:42.091+0600 [DEBUG] [org.gradle.internal.watch.vfs.impl.WatchingVirtualFileSystem] Handling VFS change REMOVED /Users/alifmahmud/FM 01/Developed by Alif/My routine/app/build/intermediates/project_dex_archive/debug/dexBuilderDebug/out/com/alif/studentroutine/ui/screens/AddEditClassScreenKt$AddEditClassScreen$3$2$5$1.dex
2026-05-16T17:01:42.091+0600 [DEBUG] [org.gradle.internal.watch.vfs.impl.WatchingVirtualFileSystem] Handling VFS change REMOVED /Users/alifmahmud/FM 01/Developed by Alif/My routine/app/build/intermediates/project_dex_archive/debug/dexBuilderDebug/out/com/alif/studentroutine/ui/screens/AddEditTaskScreenKt$AddEditTaskScreen$4.dex
2026-05-16T17:01:42.091+0600 [DEBUG] [org.gradle.internal.watch.vfs.impl.WatchingVirtualFileSystem] Handling VFS change REMOVED /Users/alifmahmud/FM 01/Developed by Alif/My routine/app/build/intermediates/project_dex_archive/debug/dexBuilderDebug/out/com/alif/studentroutine/ui/screens/AddEditClassScreenKt$AddEditClassScreen$3$2$7$1.dex
2026-05-16T17:01:42.091+0600 [DEBUG] [org.gradle.internal.watch.vfs.impl.WatchingVirtualFileSystem] Handling VFS change REMOVED /Users/alifmahmud/FM 01/Developed by Alif/My routine/app/build/intermediates/project_dex_archive/debug/dexBuilderDebug/out/com/alif/studentroutine/ui/screens/ComposableSingletons$AddEditClassScreenKt$lambda-4$1.dex
2026-05-16T17:01:42.091+0600 [DEBUG] [org.gradle.internal.watch.vfs.impl.WatchingVirtualFileSystem] Handling VFS change REMOVED /Users/alifmahmud/FM 01/Developed by Alif/My routine/app/build/intermediates/project_dex_archive/debug/dexBuilderDebug/out/com/alif/studentroutine/ui/screens/TasksScreenKt$FullTaskCard$3$1$1.dex
2026-05-16T17:01:42.092+0600 [DEBUG] [org.gradle.internal.watch.vfs.impl.WatchingVirtualFileSystem] Handling VFS change REMOVED /Users/alifmahmud/FM 01/Developed by Alif/My routine/app/build/intermediates/project_dex_archive/debug/dexBuilderDebug/out/com/alif/studentroutine/ui/screens/DashboardScreenKt$DashboardScreen$3$1$invoke$$inlined$items$default$8.dex
2026-05-16T17:01:42.092+0600 [DEBUG] [org.gradle.internal.watch.vfs.impl.WatchingVirtualFileSystem] Handling VFS change REMOVED /Users/alifmahmud/FM 01/Developed by Alif/My routine/app/build/intermediates/project_dex_archive/debug/dexBuilderDebug/out/com/alif/studentroutine/ui/screens/ComposableSingletons$SettingsScreenKt$lambda-2$1.dex
2026-05-16T17:01:42.092+0600 [DEBUG] [org.gradle.internal.watch.vfs.impl.WatchingVirtualFileSystem] Handling VFS change REMOVED /Users/alifmahmud/FM 01/Developed by Alif/My routine/app/build/intermediates/project_dex_archive/debug/dexBuilderDebug/out/com/alif/studentroutine/ui/screens/ComposableSingletons$NearbyLibrariesScreenKt$lambda-5$1.dex
2026-05-16T17:01:42.092+0600 [DEBUG] [org.gradle.internal.watch.vfs.impl.WatchingVirtualFileSystem] Handling VFS change REMOVED /Users/alifmahmud/FM 01/Developed by Alif/My routine/app/build/intermediates/project_dex_archive/debug/dexBuilderDebug/out/com/alif/studentroutine/ui/screens/AddEditTaskScreenKt$AddEditTaskScreen$3$2$6$1$1$1.dex
2026-05-16T17:01:42.092+0600 [DEBUG] [org.gradle.internal.watch.vfs.impl.WatchingVirtualFileSystem] Handling VFS change REMOVED /Users/alifmahmud/FM 01/Developed by Alif/My routine/app/build/intermediates/project_dex_archive/debug/dexBuilderDebug/out/com/alif/studentroutine/ui/screens/DashboardScreenKt$DashboardScreen$1.dex
2026-05-16T17:01:42.093+0600 [DEBUG] [org.gradle.internal.watch.vfs.impl.WatchingVirtualFileSystem] Handling VFS change REMOVED /Users/alifmahmud/FM 01/Developed by Alif/My routine/app/build/intermediates/project_dex_archive/debug/dexBuilderDebug/out/com/alif/studentroutine/ui/screens/ComposableSingletons$DashboardScreenKt$lambda-12$1.dex
2026-05-16T17:01:42.093+0600 [DEBUG] [org.gradle.internal.watch.vfs.impl.WatchingVirtualFileSystem] Handling VFS change REMOVED /Users/alifmahmud/FM 01/Developed by Alif/My routine/app/build/intermediates/project_dex_archive/debug/dexBuilderDebug/out/com/alif/studentroutine/ui/screens/AddEditTaskScreenKt$AddEditTaskScreen$3.dex
2026-05-16T17:01:42.093+0600 [DEBUG] [org.gradle.internal.watch.vfs.impl.WatchingVirtualFileSystem] Handling VFS change REMOVED /Users/alifmahmud/FM 01/Developed by Alif/My routine/app/build/intermediates/project_dex_archive/debug/dexBuilderDebug/out/com/alif/studentroutine/ui/screens/ComposableSingletons$AddEditTaskScreenKt.dex
2026-05-16T17:01:42.093+0600 [DEBUG] [org.gradle.internal.watch.vfs.impl.WatchingVirtualFileSystem] Handling VFS change REMOVED /Users/alifmahmud/FM 01/Developed by Alif/My routine/app/build/intermediates/project_dex_archive/debug/dexBuilderDebug/out/com/alif/studentroutine/ui/screens/ComposableSingletons$NearbyLibrariesScreenKt$lambda-1$1.dex
2026-05-16T17:01:42.093+0600 [DEBUG] [org.gradle.internal.watch.vfs.impl.WatchingVirtualFileSystem] Handling VFS change REMOVED /Users/alifmahmud/FM 01/Developed by Alif/My routine/app/build/intermediates/project_dex_archive/debug/dexBuilderDebug/out/com/alif/studentroutine/ui/screens/AddEditTaskScreenKt$AddEditTaskScreen$3$2$5.dex
2026-05-16T17:01:42.094+0600 [DEBUG] [org.gradle.internal.watch.vfs.impl.WatchingVirtualFileSystem] Handling VFS change REMOVED /Users/alifmahmud/FM 01/Developed by Alif/My routine/app/build/intermediates/project_dex_archive/debug/dexBuilderDebug/out/com/alif/studentroutine/ui/screens/AddEditClassScreenKt$AddEditClassScreen$3$2$10.dex
2026-05-16T17:01:42.094+0600 [DEBUG] [org.gradle.internal.watch.vfs.impl.WatchingVirtualFileSystem] Handling VFS change REMOVED /Users/alifmahmud/FM 01/Developed by Alif/My routine/app/build/intermediates/project_dex_archive/debug/dexBuilderDebug/out/com/alif/studentroutine/ui/screens/ComposableSingletons$TasksScreenKt$lambda-8$1.dex
2026-05-16T17:01:42.094+0600 [DEBUG] [org.gradle.internal.watch.vfs.impl.WatchingVirtualFileSystem] Handling VFS change REMOVED /Users/alifmahmud/FM 01/Developed by Alif/My routine/app/build/intermediates/project_dex_archive/debug/dexBuilderDebug/out/com/alif/studentroutine/ui/screens/AddEditTaskScreenKt$AddEditTaskScreen$3$2$4.dex
2026-05-16T17:01:42.094+0600 [DEBUG] [org.gradle.internal.watch.vfs.impl.WatchingVirtualFileSystem] Handling VFS change REMOVED /Users/alifmahmud/FM 01/Developed by Alif/My routine/app/build/intermediates/project_dex_archive/debug/dexBuilderDebug/out/com/alif/studentroutine/ui/screens/DashboardScreenKt$DashboardScreen$4.dex
2026-05-16T17:01:42.094+0600 [DEBUG] [org.gradle.internal.watch.vfs.impl.WatchingVirtualFileSystem] Handling VFS change REMOVED /Users/alifmahmud/FM 01/Developed by Alif/My routine/app/build/intermediates/project_dex_archive/debug/dexBuilderDebug/out/com/alif/studentroutine/ui/screens/AddEditTaskScreenKt$AddEditTaskScreen$2.dex
2026-05-16T17:01:42.094+0600 [DEBUG] [org.gradle.internal.watch.vfs.impl.WatchingVirtualFileSystem] Handling VFS change REMOVED /Users/alifmahmud/FM 01/Developed by Alif/My routine/app/build/intermediates/project_dex_archive/debug/dexBuilderDebug/out/com/alif/studentroutine/ui/screens/TasksScreenKt.dex
2026-05-16T17:01:42.094+0600 [DEBUG] [org.gradle.internal.watch.vfs.impl.WatchingVirtualFileSystem] Handling VFS change REMOVED /Users/alifmahmud/FM 01/Developed by Alif/My routine/app/build/intermediates/project_dex_archive/debug/dexBuilderDebug/out/com/alif/studentroutine/ui/screens/ComposableSingletons$AddEditClassScreenKt$lambda-2$1.dex
2026-05-16T17:01:42.094+0600 [DEBUG] [org.gradle.internal.watch.vfs.impl.WatchingVirtualFileSystem] Handling VFS change REMOVED /Users/alifmahmud/FM 01/Developed by Alif/My routine/app/build/intermediates/project_dex_archive/debug/dexBuilderDebug/out/com/alif/studentroutine/ui/screens/ComposableSingletons$TimetableScreenKt$lambda-9$1.dex
2026-05-16T17:01:42.095+0600 [DEBUG] [org.gradle.internal.watch.vfs.impl.WatchingVirtualFileSystem] Handling VFS change REMOVED /Users/alifmahmud/FM 01/Developed by Alif/My routine/app/build/intermediates/project_dex_archive/debug/dexBuilderDebug/out/com/alif/studentroutine/ui/screens/ComposableSingletons$DashboardScreenKt$lambda-9$1.dex
2026-05-16T17:01:42.095+0600 [DEBUG] [org.gradle.internal.watch.vfs.impl.WatchingVirtualFileSystem] Handling VFS change REMOVED /Users/alifmahmud/FM 01/Developed by Alif/My routine/app/build/intermediates/project_dex_archive/debug/dexBuilderDebug/out/com/alif/studentroutine/ui/screens/AddEditClassScreenKt$AddEditClassScreen$3$2$1$1.dex
2026-05-16T17:01:42.095+0600 [DEBUG] [org.gradle.internal.watch.vfs.impl.WatchingVirtualFileSystem] Handling VFS change REMOVED /Users/alifmahmud/FM 01/Developed by Alif/My routine/app/build/intermediates/project_dex_archive/debug/dexBuilderDebug/out/com/alif/studentroutine/ui/screens/ComposableSingletons$TimetableScreenKt$lambda-10$1.dex
2026-05-16T17:01:42.095+0600 [DEBUG] [org.gradle.internal.watch.vfs.impl.WatchingVirtualFileSystem] Handling VFS change REMOVED /Users/alifmahmud/FM 01/Developed by Alif/My routine/app/build/intermediates/project_dex_archive/debug/dexBuilderDebug/out/com/alif/studentroutine/ui/screens/ComposableSingletons$NearbyLibrariesScreenKt$lambda-3$1.dex
2026-05-16T17:01:42.095+0600 [DEBUG] [org.gradle.internal.watch.vfs.impl.WatchingVirtualFileSystem] Handling VFS change REMOVED /Users/alifmahmud/FM 01/Developed by Alif/My routine/app/build/intermediates/project_dex_archive/debug/dexBuilderDebug/out/com/alif/studentroutine/ui/screens/ComposableSingletons$DashboardScreenKt$lambda-10$1.dex
2026-05-16T17:01:42.095+0600 [DEBUG] [org.gradle.internal.watch.vfs.impl.WatchingVirtualFileSystem] Handling VFS change REMOVED /Users/alifmahmud/FM 01/Developed by Alif/My routine/app/build/intermediates/project_dex_archive/debug/dexBuilderDebug/out/com/alif/studentroutine/ui/screens/ComposableSingletons$SettingsScreenKt$lambda-4$1.dex
2026-05-16T17:01:42.095+0600 [DEBUG] [org.gradle.internal.watch.vfs.impl.WatchingVirtualFileSystem] Handling VFS change REMOVED /Users/alifmahmud/FM 01/Developed by Alif/My routine/app/build/intermediates/project_dex_archive/debug/dexBuilderDebug/out/com/alif/studentroutine/ui/screens/AddEditClassScreenKt$AddEditClassScreen$3$2$3$1$1$1.dex
2026-05-16T17:01:42.095+0600 [DEBUG] [org.gradle.internal.watch.vfs.impl.WatchingVirtualFileSystem] Handling VFS change REMOVED /Users/alifmahmud/FM 01/Developed by Alif/My routine/app/build/intermediates/project_dex_archive/debug/dexBuilderDebug/out/com/alif/studentroutine/ui/screens/AddEditTaskScreenKt$AddEditTaskScreen$1.dex
2026-05-16T17:01:42.095+0600 [DEBUG] [org.gradle.internal.watch.vfs.impl.WatchingVirtualFileSystem] Handling VFS change REMOVED /Users/alifmahmud/FM 01/Developed by Alif/My routine/app/build/intermediates/project_dex_archive/debug/dexBuilderDebug/out/com/alif/studentroutine/ui/screens/DashboardScreenKt$DashboardScreen$3$1$5$1.dex
2026-05-16T17:01:42.095+0600 [DEBUG] [org.gradle.internal.watch.vfs.impl.WatchingVirtualFileSystem] Handling VFS change REMOVED /Users/alifmahmud/FM 01/Developed by Alif/My routine/app/build/intermediates/project_dex_archive/debug/dexBuilderDebug/out/com/alif/studentroutine/ui/screens/ComposableSingletons$AddEditClassScreenKt$lambda-5$1.dex
2026-05-16T17:01:42.138+0600 [DEBUG] [org.gradle.internal.watch.vfs.impl.WatchingVirtualFileSystem] Handling VFS change REMOVED /Users/alifmahmud/FM 01/Developed by Alif/My routine/app/build/intermediates/project_dex_archive/debug/dexBuilderDebug/out/com/alif/studentroutine/ui/screens/TasksScreenKt$TasksScreen$2$1$2.dex
2026-05-16T17:01:42.138+0600 [DEBUG] [org.gradle.internal.watch.vfs.impl.WatchingVirtualFileSystem] Handling VFS change REMOVED /Users/alifmahmud/FM 01/Developed by Alif/My routine/app/build/intermediates/project_dex_archive/debug/dexBuilderDebug/out/com/alif/studentroutine/ui/screens/DashboardScreenKt$EmptyStateCard$2.dex
2026-05-16T17:01:42.138+0600 [DEBUG] [org.gradle.internal.watch.vfs.impl.WatchingVirtualFileSystem] Handling VFS change REMOVED /Users/alifmahmud/FM 01/Developed by Alif/My routine/app/build/intermediates/project_dex_archive/debug/dexBuilderDebug/out/com/alif/studentroutine/ui/screens/AddEditClassScreenKt$AddEditClassScreen$2$3$1$1.dex
2026-05-16T17:01:42.138+0600 [DEBUG] [org.gradle.internal.watch.vfs.impl.WatchingVirtualFileSystem] Handling VFS change REMOVED /Users/alifmahmud/FM 01/Developed by Alif/My routine/app/build/intermediates/project_dex_archive/debug/dexBuilderDebug/out/com/alif/studentroutine/ui/screens/AddEditClassScreenKt$AddEditClassScreen$3$2$6$1.dex
2026-05-16T17:01:42.138+0600 [DEBUG] [org.gradle.internal.watch.vfs.impl.WatchingVirtualFileSystem] Handling VFS change REMOVED /Users/alifmahmud/FM 01/Developed by Alif/My routine/app/build/intermediates/project_dex_archive/debug/dexBuilderDebug/out/com/alif/studentroutine/ui/screens/TimetableScreenKt.dex
2026-05-16T17:01:42.138+0600 [DEBUG] [org.gradle.internal.watch.vfs.impl.WatchingVirtualFileSystem] Handling VFS change REMOVED /Users/alifmahmud/FM 01/Developed by Alif/My routine/app/build/intermediates/project_dex_archive/debug/dexBuilderDebug/out/com/alif/studentroutine/ui/screens/TasksScreenKt$TasksScreen$2$1$2$invoke$$inlined$items$default$1.dex
2026-05-16T17:01:42.138+0600 [DEBUG] [org.gradle.internal.watch.vfs.impl.WatchingVirtualFileSystem] Handling VFS change REMOVED /Users/alifmahmud/FM 01/Developed by Alif/My routine/app/build/intermediates/project_dex_archive/debug/dexBuilderDebug/out/com/alif/studentroutine/ui/screens/AddEditClassScreenKt.dex
2026-05-16T17:01:42.138+0600 [DEBUG] [org.gradle.internal.watch.vfs.impl.WatchingVirtualFileSystem] Handling VFS change REMOVED /Users/alifmahmud/FM 01/Developed by Alif/My routine/app/build/intermediates/project_dex_archive/debug/dexBuilderDebug/out/com/alif/studentroutine/ui/screens/TimetableScreenKt$TimetableScreen$1.dex
2026-05-16T17:01:42.138+0600 [DEBUG] [org.gradle.internal.watch.vfs.impl.WatchingVirtualFileSystem] Handling VFS change REMOVED /Users/alifmahmud/FM 01/Developed by Alif/My routine/app/build/intermediates/project_dex_archive/debug/dexBuilderDebug/out/com/alif/studentroutine/ui/screens/ComposableSingletons$NearbyLibrariesScreenKt$lambda-4$1.dex
2026-05-16T17:01:42.138+0600 [DEBUG] [org.gradle.internal.watch.vfs.impl.WatchingVirtualFileSystem] Handling VFS change REMOVED /Users/alifmahmud/FM 01/Developed by Alif/My routine/app/build/intermediates/project_dex_archive/debug/dexBuilderDebug/out/com/alif/studentroutine/ui/screens/TimetableScreenKt$TimetableScreen$2$1$2$1$1$1.dex
2026-05-16T17:01:42.138+0600 [DEBUG] [org.gradle.internal.watch.vfs.impl.WatchingVirtualFileSystem] Handling VFS change REMOVED /Users/alifmahmud/FM 01/Developed by Alif/My routine/app/build/intermediates/project_dex_archive/debug/dexBuilderDebug/out/com/alif/studentroutine/ui/screens/ComposableSingletons$SettingsScreenKt$lambda-3$1.dex
2026-05-16T17:01:42.138+0600 [DEBUG] [org.gradle.internal.watch.vfs.impl.WatchingVirtualFileSystem] Handling VFS change REMOVED /Users/alifmahmud/FM 01/Developed by Alif/My routine/app/build/intermediates/project_dex_archive/debug/dexBuilderDebug/out/com/alif/studentroutine/ui/screens/DashboardScreenKt$DashboardScreen$1$1.dex
2026-05-16T17:01:42.138+0600 [DEBUG] [org.gradle.internal.watch.vfs.impl.WatchingVirtualFileSystem] Handling VFS change REMOVED /Users/alifmahmud/FM 01/Developed by Alif/My routine/app/build/intermediates/project_dex_archive/debug/dexBuilderDebug/out/com/alif/studentroutine/ui/screens/SettingsScreenKt$SettingsScreen$1.dex
2026-05-16T17:01:42.138+0600 [DEBUG] [org.gradle.internal.watch.vfs.impl.WatchingVirtualFileSystem] Handling VFS change REMOVED /Users/alifmahmud/FM 01/Developed by Alif/My routine/app/build/intermediates/project_dex_archive/debug/dexBuilderDebug/out/com/alif/studentroutine/ui/screens/SettingsScreenKt$SettingsScreen$3.dex
2026-05-16T17:01:42.138+0600 [DEBUG] [org.gradle.internal.watch.vfs.impl.WatchingVirtualFileSystem] Handling VFS change REMOVED /Users/alifmahmud/FM 01/Developed by Alif/My routine/app/build/intermediates/project_dex_archive/debug/dexBuilderDebug/out/com/alif/studentroutine/ui/screens/ComposableSingletons$SettingsScreenKt$lambda-1$1.dex
2026-05-16T17:01:42.138+0600 [DEBUG] [org.gradle.internal.watch.vfs.impl.WatchingVirtualFileSystem] Handling VFS change REMOVED /Users/alifmahmud/FM 01/Developed by Alif/My routine/app/build/intermediates/project_dex_archive/debug/dexBuilderDebug/out/com/alif/studentroutine/ui/screens/DashboardScreenKt$EmptyStateCard$1.dex
2026-05-16T17:01:42.138+0600 [DEBUG] [org.gradle.internal.watch.vfs.impl.WatchingVirtualFileSystem] Handling VFS change REMOVED /Users/alifmahmud/FM 01/Developed by Alif/My routine/app/build/intermediates/project_dex_archive/debug/dexBuilderDebug/out/com/alif/studentroutine/ui/screens/ComposableSingletons$TasksScreenKt.dex
2026-05-16T17:01:42.139+0600 [DEBUG] [org.gradle.internal.watch.vfs.impl.WatchingVirtualFileSystem] Handling VFS change REMOVED /Users/alifmahmud/FM 01/Developed by Alif/My routine/app/build/intermediates/project_dex_archive/debug/dexBuilderDebug/out/com/alif/studentroutine/ui/screens/DashboardScreenKt$DashboardScreen$3$1.dex
2026-05-16T17:01:42.139+0600 [DEBUG] [org.gradle.internal.watch.vfs.impl.WatchingVirtualFileSystem] Handling VFS change REMOVED /Users/alifmahmud/FM 01/Developed by Alif/My routine/app/build/intermediates/project_dex_archive/debug/dexBuilderDebug/out/com/alif/studentroutine/ui/screens/TimetableScreenKt$TimetableScreen$3.dex
2026-05-16T17:01:42.139+0600 [DEBUG] [org.gradle.internal.watch.vfs.impl.WatchingVirtualFileSystem] Handling VFS change REMOVED /Users/alifmahmud/FM 01/Developed by Alif/My routine/app/build/intermediates/project_dex_archive/debug/dexBuilderDebug/out/com/alif/studentroutine/ui/screens/TasksScreenKt$TasksScreen$2$1$2$invoke$$inlined$items$default$2.dex
2026-05-16T17:01:42.139+0600 [DEBUG] [org.gradle.internal.watch.vfs.impl.WatchingVirtualFileSystem] Handling VFS change REMOVED /Users/alifmahmud/FM 01/Developed by Alif/My routine/app/build/intermediates/project_dex_archive/debug/dexBuilderDebug/out/com/alif/studentroutine/ui/screens/AddEditClassScreenKt$AddEditClassScreen$3$2$4$1.dex
2026-05-16T17:01:42.139+0600 [DEBUG] [org.gradle.internal.watch.vfs.impl.WatchingVirtualFileSystem] Handling VFS change REMOVED /Users/alifmahmud/FM 01/Developed by Alif/My routine/app/build/intermediates/project_dex_archive/debug/dexBuilderDebug/out/com/alif/studentroutine/ui/screens/NearbyLibrariesScreenKt$NearbyLibrariesScreen$3$1$5$invoke$$inlined$items$default$4.dex
2026-05-16T17:01:42.139+0600 [DEBUG] [org.gradle.internal.watch.vfs.impl.WatchingVirtualFileSystem] Handling VFS change REMOVED /Users/alifmahmud/FM 01/Developed by Alif/My routine/app/build/intermediates/project_dex_archive/debug/dexBuilderDebug/out/com/alif/studentroutine/ui/screens/AddEditTaskScreenKt$AddEditTaskScreen$3$2$7$1$1$1.dex
2026-05-16T17:01:42.139+0600 [DEBUG] [org.gradle.internal.watch.vfs.impl.WatchingVirtualFileSystem] Handling VFS change REMOVED /Users/alifmahmud/FM 01/Developed by Alif/My routine/app/build/intermediates/project_dex_archive/debug/dexBuilderDebug/out/com/alif/studentroutine/ui/screens/TasksScreenKt$TasksScreen$2$1$2$invoke$$inlined$items$default$3.dex
2026-05-16T17:01:42.139+0600 [DEBUG] [org.gradle.internal.watch.vfs.impl.WatchingVirtualFileSystem] Handling VFS change REMOVED /Users/alifmahmud/FM 01/Developed by Alif/My routine/app/build/intermediates/project_dex_archive/debug/dexBuilderDebug/out/com/alif/studentroutine/ui/screens/TimetableScreenKt$TimetableScreen$2.dex
2026-05-16T17:01:42.139+0600 [DEBUG] [org.gradle.internal.watch.vfs.impl.WatchingVirtualFileSystem] Handling VFS change REMOVED /Users/alifmahmud/FM 01/Developed by Alif/My routine/app/build/intermediates/project_dex_archive/debug/dexBuilderDebug/out/com/alif/studentroutine/ui/screens/TasksScreenKt$FullTaskCard$1$1$2$1$1.dex
2026-05-16T17:01:42.139+0600 [DEBUG] [org.gradle.internal.watch.vfs.impl.WatchingVirtualFileSystem] Handling VFS change REMOVED /Users/alifmahmud/FM 01/Developed by Alif/My routine/app/build/intermediates/project_dex_archive/debug/dexBuilderDebug/out/com/alif/studentroutine/ui/screens/ComposableSingletons$AddEditClassScreenKt$lambda-7$1.dex
2026-05-16T17:01:42.139+0600 [DEBUG] [org.gradle.internal.watch.vfs.impl.WatchingVirtualFileSystem] Handling VFS change REMOVED /Users/alifmahmud/FM 01/Developed by Alif/My routine/app/build/intermediates/project_dex_archive/debug/dexBuilderDebug/out/com/alif/studentroutine/ui/screens/AddEditTaskScreenKt.dex
2026-05-16T17:01:42.139+0600 [DEBUG] [org.gradle.internal.watch.vfs.impl.WatchingVirtualFileSystem] Handling VFS change REMOVED /Users/alifmahmud/FM 01/Developed by Alif/My routine/app/build/intermediates/project_dex_archive/debug/dexBuilderDebug/out/com/alif/studentroutine/ui/screens/SettingsScreenKt$SettingsScreen$2.dex
2026-05-16T17:01:42.139+0600 [DEBUG] [org.gradle.internal.watch.vfs.impl.WatchingVirtualFileSystem] Handling VFS change REMOVED /Users/alifmahmud/FM 01/Developed by Alif/My routine/app/build/intermediates/project_dex_archive/debug/dexBuilderDebug/out/com/alif/studentroutine/ui/screens/AddEditClassScreenKt$AddEditClassScreen$2$3$1.dex
2026-05-16T17:01:42.139+0600 [DEBUG] [org.gradle.internal.watch.vfs.impl.WatchingVirtualFileSystem] Handling VFS change REMOVED /Users/alifmahmud/FM 01/Developed by Alif/My routine/app/build/intermediates/project_dex_archive/debug/dexBuilderDebug/out/com/alif/studentroutine/ui/screens/ComposableSingletons$DashboardScreenKt$lambda-8$1.dex
2026-05-16T17:01:42.139+0600 [DEBUG] [org.gradle.internal.watch.vfs.impl.WatchingVirtualFileSystem] Handling VFS change REMOVED /Users/alifmahmud/FM 01/Developed by Alif/My routine/app/build/intermediates/project_dex_archive/debug/dexBuilderDebug/out/com/alif/studentroutine/ui/screens/ComposableSingletons$TimetableScreenKt$lambda-8$1.dex
2026-05-16T17:01:42.139+0600 [DEBUG] [org.gradle.internal.watch.vfs.impl.WatchingVirtualFileSystem] Handling VFS change REMOVED /Users/alifmahmud/FM 01/Developed by Alif/My routine/app/build/intermediates/project_dex_archive/debug/dexBuilderDebug/out/com/alif/studentroutine/ui/screens/AddEditClassScreenKt$TimePickerRow$2.dex
2026-05-16T17:01:42.139+0600 [DEBUG] [org.gradle.internal.watch.vfs.impl.WatchingVirtualFileSystem] Handling VFS change REMOVED /Users/alifmahmud/FM 01/Developed by Alif/My routine/app/build/intermediates/project_dex_archive/debug/dexBuilderDebug/out/com/alif/studentroutine/ui/screens/ComposableSingletons$TasksScreenKt$lambda-10$1.dex
2026-05-16T17:01:42.139+0600 [DEBUG] [org.gradle.internal.watch.vfs.impl.WatchingVirtualFileSystem] Handling VFS change REMOVED /Users/alifmahmud/FM 01/Developed by Alif/My routine/app/build/intermediates/project_dex_archive/debug/dexBuilderDebug/out/com/alif/studentroutine/ui/screens/ComposableSingletons$AddEditClassScreenKt$lambda-3$1.dex
2026-05-16T17:01:42.139+0600 [DEBUG] [org.gradle.internal.watch.vfs.impl.WatchingVirtualFileSystem] Handling VFS change REMOVED /Users/alifmahmud/FM 01/Developed by Alif/My routine/app/build/intermediates/project_dex_archive/debug/dexBuilderDebug/out/com/alif/studentroutine/ui/screens/NearbyLibrariesScreenKt$NearbyLibrariesScreen$3$1$5$invoke$$inlined$items$default$1.dex
2026-05-16T17:01:42.139+0600 [DEBUG] [org.gradle.internal.watch.vfs.impl.WatchingVirtualFileSystem] Handling VFS change REMOVED /Users/alifmahmud/FM 01/Developed by Alif/My routine/app/build/intermediates/project_dex_archive/debug/dexBuilderDebug/out/com/alif/studentroutine/ui/screens/ComposableSingletons$DashboardScreenKt$lambda-11$1.dex
2026-05-16T17:01:42.139+0600 [DEBUG] [org.gradle.internal.watch.vfs.impl.WatchingVirtualFileSystem] Handling VFS change REMOVED /Users/alifmahmud/FM 01/Developed by Alif/My routine/app/build/intermediates/project_dex_archive/debug/dexBuilderDebug/out/com/alif/studentroutine/ui/screens/AddEditTaskScreenKt$AddEditTaskScreen$2$1.dex
2026-05-16T17:01:42.139+0600 [DEBUG] [org.gradle.internal.watch.vfs.impl.WatchingVirtualFileSystem] Handling VFS change REMOVED /Users/alifmahmud/FM 01/Developed by Alif/My routine/app/build/intermediates/project_dex_archive/debug/dexBuilderDebug/out/com/alif/studentroutine/ui/screens/ComposableSingletons$AddEditClassScreenKt.dex
2026-05-16T17:01:42.139+0600 [DEBUG] [org.gradle.internal.watch.vfs.impl.WatchingVirtualFileSystem] Handling VFS change REMOVED /Users/alifmahmud/FM 01/Developed by Alif/My routine/app/build/intermediates/project_dex_archive/debug/dexBuilderDebug/out/com/alif/studentroutine/ui/screens/NearbyLibrariesScreenKt$LibraryCard$1.dex
2026-05-16T17:01:42.140+0600 [DEBUG] [org.gradle.internal.watch.vfs.impl.WatchingVirtualFileSystem] Handling VFS change REMOVED /Users/alifmahmud/FM 01/Developed by Alif/My routine/app/build/intermediates/project_dex_archive/debug/dexBuilderDebug/out/com/alif/studentroutine/ui/screens/ComposableSingletons$NearbyLibrariesScreenKt$lambda-2$1.dex
2026-05-16T17:01:42.140+0600 [DEBUG] [org.gradle.internal.watch.vfs.impl.WatchingVirtualFileSystem] Handling VFS change REMOVED /Users/alifmahmud/FM 01/Developed by Alif/My routine/app/build/intermediates/project_dex_archive/debug/dexBuilderDebug/out/com/alif/studentroutine/ui/screens/TasksScreenKt$FullTaskCard$1$1$3$1$1.dex
2026-05-16T17:01:42.140+0600 [DEBUG] [org.gradle.internal.watch.vfs.impl.WatchingVirtualFileSystem] Handling VFS change REMOVED /Users/alifmahmud/FM 01/Developed by Alif/My routine/app/build/intermediates/project_dex_archive/debug/dexBuilderDebug/out/com/alif/studentroutine/ui/screens/ComposableSingletons$TasksScreenKt$lambda-9$1.dex
2026-05-16T17:01:42.140+0600 [DEBUG] [org.gradle.internal.watch.vfs.impl.WatchingVirtualFileSystem] Handling VFS change REMOVED /Users/alifmahmud/FM 01/Developed by Alif/My routine/app/build/intermediates/project_dex_archive/debug/dexBuilderDebug/out/com/alif/studentroutine/ui/screens/NearbyLibrariesScreenKt$LibraryCard$3.dex
2026-05-16T17:01:42.140+0600 [DEBUG] [org.gradle.internal.watch.vfs.impl.WatchingVirtualFileSystem] Handling VFS change REMOVED /Users/alifmahmud/FM 01/Developed by Alif/My routine/app/build/intermediates/project_dex_archive/debug/dexBuilderDebug/out/com/alif/studentroutine/ui/screens/AddEditTaskScreenKt$AddEditTaskScreen$2$3.dex
2026-05-16T17:01:42.140+0600 [DEBUG] [org.gradle.internal.watch.vfs.impl.WatchingVirtualFileSystem] Handling VFS change REMOVED /Users/alifmahmud/FM 01/Developed by Alif/My routine/app/build/intermediates/project_dex_archive/debug/dexBuilderDebug/out/com/alif/studentroutine/ui/screens/NearbyLibrariesScreenKt$NearbyLibrariesScreen$3$1$2$1.dex
2026-05-16T17:01:42.140+0600 [DEBUG] [org.gradle.internal.watch.vfs.impl.WatchingVirtualFileSystem] Handling VFS change REMOVED /Users/alifmahmud/FM 01/Developed by Alif/My routine/app/build/intermediates/project_dex_archive/debug/dexBuilderDebug/out/com/alif/studentroutine/ui/screens/ComposableSingletons$DashboardScreenKt.dex
2026-05-16T17:01:42.140+0600 [DEBUG] [org.gradle.internal.watch.vfs.impl.WatchingVirtualFileSystem] Handling VFS change REMOVED /Users/alifmahmud/FM 01/Developed by Alif/My routine/app/build/intermediates/project_dex_archive/debug/dexBuilderDebug/out/com/alif/studentroutine/ui/screens/TasksScreenKt$TasksScreen$2$1$2$invoke$$inlined$items$default$4.dex
2026-05-16T17:01:42.140+0600 [DEBUG] [org.gradle.internal.watch.vfs.impl.WatchingVirtualFileSystem] Handling VFS change REMOVED /Users/alifmahmud/FM 01/Developed by Alif/My routine/app/build/intermediates/project_dex_archive/debug/dexBuilderDebug/out/com/alif/studentroutine/ui/screens/NearbyLibrariesScreenKt$NearbyLibrariesScreen$3$1$5$invoke$$inlined$items$default$3.dex
2026-05-16T17:01:42.140+0600 [DEBUG] [org.gradle.internal.watch.vfs.impl.WatchingVirtualFileSystem] Handling VFS change REMOVED /Users/alifmahmud/FM 01/Developed by Alif/My routine/app/build/intermediates/project_dex_archive/debug/dexBuilderDebug/out/com/alif/studentroutine/ui/screens/NearbyLibrariesScreenKt$NearbyLibrariesScreen$3$1$5$invoke$$inlined$items$default$2.dex
2026-05-16T17:01:42.140+0600 [DEBUG] [org.gradle.internal.watch.vfs.impl.WatchingVirtualFileSystem] Handling VFS change REMOVED /Users/alifmahmud/FM 01/Developed by Alif/My routine/app/build/intermediates/project_dex_archive/debug/dexBuilderDebug/out/com/alif/studentroutine/ui/screens/ComposableSingletons$AddEditClassScreenKt$lambda-1$1.dex
2026-05-16T17:01:42.140+0600 [DEBUG] [org.gradle.internal.watch.vfs.impl.WatchingVirtualFileSystem] Handling VFS change REMOVED /Users/alifmahmud/FM 01/Developed by Alif/My routine/app/build/intermediates/project_dex_archive/debug/dexBuilderDebug/out/com/alif/studentroutine/ui/screens/AddEditTaskScreenKt$AddEditTaskScreen$2$2.dex
2026-05-16T17:01:42.140+0600 [DEBUG] [org.gradle.internal.watch.vfs.impl.WatchingVirtualFileSystem] Handling VFS change REMOVED /Users/alifmahmud/FM 01/Developed by Alif/My routine/app/build/intermediates/project_dex_archive/debug/dexBuilderDebug/out/com/alif/studentroutine/ui/screens/NearbyLibrariesScreenKt$LibraryCard$2.dex
2026-05-16T17:01:42.140+0600 [DEBUG] [org.gradle.internal.watch.vfs.impl.WatchingVirtualFileSystem] Handling VFS change REMOVED /Users/alifmahmud/FM 01/Developed by Alif/My routine/app/build/intermediates/project_dex_archive/debug/dexBuilderDebug/out/com/alif/studentroutine/ui/screens/AddEditTaskScreenKt$AddEditTaskScreen$2$3$1.dex
2026-05-16T17:01:42.140+0600 [DEBUG] [org.gradle.internal.watch.vfs.impl.WatchingVirtualFileSystem] Handling VFS change REMOVED /Users/alifmahmud/FM 01/Developed by Alif/My routine/app/build/intermediates/project_dex_archive/debug/dexBuilderDebug/out/com/alif/studentroutine/ui/screens/AddEditClassScreenKt$AddEditClassScreen$3$2$2$1.dex
2026-05-16T17:01:42.140+0600 [DEBUG] [org.gradle.internal.watch.vfs.impl.WatchingVirtualFileSystem] Handling VFS change REMOVED /Users/alifmahmud/FM 01/Developed by Alif/My routine/app/build/intermediates/project_dex_archive/debug/dexBuilderDebug/out/com/alif/studentroutine/ui/screens/TimetableScreenKt$TimetableScreen$2$1$1$1$1$1.dex
2026-05-16T17:01:42.140+0600 [DEBUG] [org.gradle.internal.watch.vfs.impl.WatchingVirtualFileSystem] Handling VFS change REMOVED /Users/alifmahmud/FM 01/Developed by Alif/My routine/app/build/intermediates/project_dex_archive/debug/dexBuilderDebug/out/com/alif/studentroutine/ui/screens/SettingsScreenKt$SettingsScreen$2$1$1$1$2$2.dex
2026-05-16T17:01:42.140+0600 [DEBUG] [org.gradle.internal.watch.vfs.impl.WatchingVirtualFileSystem] Handling VFS change REMOVED /Users/alifmahmud/FM 01/Developed by Alif/My routine/app/build/intermediates/project_dex_archive/debug/dexBuilderDebug/out/com/alif/studentroutine/ui/screens/AddEditClassScreenKt$AddEditClassScreen$1.dex
2026-05-16T17:01:42.141+0600 [DEBUG] [org.gradle.internal.watch.vfs.impl.WatchingVirtualFileSystem] Handling VFS change REMOVED /Users/alifmahmud/FM 01/Developed by Alif/My routine/app/build/intermediates/project_dex_archive/debug/dexBuilderDebug/out/com/alif/studentroutine/ui/screens/DashboardScreenKt.dex
2026-05-16T17:01:42.141+0600 [DEBUG] [org.gradle.internal.watch.vfs.impl.WatchingVirtualFileSystem] Handling VFS change REMOVED /Users/alifmahmud/FM 01/Developed by Alif/My routine/app/build/intermediates/project_dex_archive/debug/dexBuilderDebug/out/com/alif/studentroutine/ui/screens/ComposableSingletons$DashboardScreenKt$lambda-6$1.dex
2026-05-16T17:01:42.141+0600 [DEBUG] [org.gradle.internal.watch.vfs.impl.WatchingVirtualFileSystem] Handling VFS change REMOVED /Users/alifmahmud/FM 01/Developed by Alif/My routine/app/build/intermediates/project_dex_archive/debug/dexBuilderDebug/out/com/alif/studentroutine/ui/screens/AddEditTaskScreenKt$AddEditTaskScreen$3$2$6$1$2.dex
2026-05-16T17:01:42.141+0600 [DEBUG] [org.gradle.internal.watch.vfs.impl.WatchingVirtualFileSystem] Handling VFS change REMOVED /Users/alifmahmud/FM 01/Developed by Alif/My routine/app/build/intermediates/project_dex_archive/debug/dexBuilderDebug/out/com/alif/studentroutine/ui/screens/ComposableSingletons$TimetableScreenKt$lambda-6$1.dex
2026-05-16T17:01:42.141+0600 [DEBUG] [org.gradle.internal.watch.vfs.impl.WatchingVirtualFileSystem] Handling VFS change REMOVED /Users/alifmahmud/FM 01/Developed by Alif/My routine/app/build/intermediates/project_dex_archive/debug/dexBuilderDebug/out/com/alif/studentroutine/ui/screens/SettingsScreenKt$SettingsScreen$2$1$2.dex
2026-05-16T17:01:42.141+0600 [DEBUG] [org.gradle.internal.watch.vfs.impl.WatchingVirtualFileSystem] Handling VFS change REMOVED /Users/alifmahmud/FM 01/Developed by Alif/My routine/app/build/intermediates/project_dex_archive/debug/dexBuilderDebug/out/com/alif/studentroutine/ui/screens/TimetableScreenKt$TimetableScreen$2$1$2$1$2.dex
2026-05-16T17:01:42.141+0600 [DEBUG] [org.gradle.internal.watch.vfs.impl.WatchingVirtualFileSystem] Handling VFS change REMOVED /Users/alifmahmud/FM 01/Developed by Alif/My routine/app/build/intermediates/project_dex_archive/debug/dexBuilderDebug/out/com/alif/studentroutine/ui/screens/TimetableScreenKt$TimetableScreen$2$1$2$invoke$$inlined$items$default$1.dex
2026-05-16T17:01:42.141+0600 [DEBUG] [org.gradle.internal.watch.vfs.impl.WatchingVirtualFileSystem] Handling VFS change REMOVED /Users/alifmahmud/FM 01/Developed by Alif/My routine/app/build/intermediates/project_dex_archive/debug/dexBuilderDebug/out/com/alif/studentroutine/ui/screens/TasksScreenKt$FullTaskCard$5.dex
2026-05-16T17:01:42.142+0600 [DEBUG] [org.gradle.internal.watch.vfs.impl.WatchingVirtualFileSystem] Handling VFS change REMOVED /Users/alifmahmud/FM 01/Developed by Alif/My routine/app/build/intermediates/project_dex_archive/debug/dexBuilderDebug/out/com/alif/studentroutine/ui/screens/ComposableSingletons$AddEditTaskScreenKt$lambda-6$1.dex
2026-05-16T17:01:42.142+0600 [DEBUG] [org.gradle.internal.watch.vfs.impl.WatchingVirtualFileSystem] Handling VFS change REMOVED /Users/alifmahmud/FM 01/Developed by Alif/My routine/app/build/intermediates/project_dex_archive/debug/dexBuilderDebug/out/com/alif/studentroutine/ui/screens/TasksScreenKt$FullTaskCard$4.dex
2026-05-16T17:01:42.142+0600 [DEBUG] [org.gradle.internal.watch.vfs.impl.WatchingVirtualFileSystem] Handling VFS change REMOVED /Users/alifmahmud/FM 01/Developed by Alif/My routine/app/build/intermediates/project_dex_archive/debug/dexBuilderDebug/out/com/alif/studentroutine/ui/screens/TasksScreenKt$FullTaskCard$4$1$1.dex
2026-05-16T17:01:42.142+0600 [DEBUG] [org.gradle.internal.watch.vfs.impl.WatchingVirtualFileSystem] Handling VFS change REMOVED /Users/alifmahmud/FM 01/Developed by Alif/My routine/app/build/intermediates/project_dex_archive/debug/dexBuilderDebug/out/com/alif/studentroutine/ui/screens/NearbyLibrariesScreenKt$NearbyLibrariesScreen$3$1$3.dex
2026-05-16T17:01:42.142+0600 [DEBUG] [org.gradle.internal.watch.vfs.impl.WatchingVirtualFileSystem] Handling VFS change REMOVED /Users/alifmahmud/FM 01/Developed by Alif/My routine/app/build/intermediates/project_dex_archive/debug/dexBuilderDebug/out/com/alif/studentroutine/ui/screens/AddEditClassScreenKt$AddEditClassScreen$3$2$3$1$2.dex
2026-05-16T17:01:42.142+0600 [DEBUG] [org.gradle.internal.watch.vfs.impl.WatchingVirtualFileSystem] Handling VFS change REMOVED /Users/alifmahmud/FM 01/Developed by Alif/My routine/app/build/intermediates/project_dex_archive/debug/dexBuilderDebug/out/com/alif/studentroutine/ui/screens/ComposableSingletons$TasksScreenKt$lambda-5$1.dex
2026-05-16T17:01:42.142+0600 [DEBUG] [org.gradle.internal.watch.vfs.impl.WatchingVirtualFileSystem] Handling VFS change REMOVED /Users/alifmahmud/FM 01/Developed by Alif/My routine/app/build/intermediates/project_dex_archive/debug/dexBuilderDebug/out/com/alif/studentroutine/ui/screens/TasksScreenKt$TasksScreen$1$1.dex
2026-05-16T17:01:42.142+0600 [DEBUG] [org.gradle.internal.watch.vfs.impl.WatchingVirtualFileSystem] Handling VFS change REMOVED /Users/alifmahmud/FM 01/Developed by Alif/My routine/app/build/intermediates/project_dex_archive/debug/dexBuilderDebug/out/com/alif/studentroutine/ui/screens/AddEditClassScreenKt$AddEditClassScreen$2$1.dex
2026-05-16T17:01:42.142+0600 [DEBUG] [org.gradle.internal.watch.vfs.impl.WatchingVirtualFileSystem] Handling VFS change REMOVED /Users/alifmahmud/FM 01/Developed by Alif/My routine/app/build/intermediates/project_dex_archive/debug/dexBuilderDebug/out/com/alif/studentroutine/ui/screens/TasksScreenKt$TasksScreen$2$1$1$2.dex
2026-05-16T17:01:42.142+0600 [DEBUG] [org.gradle.internal.watch.vfs.impl.WatchingVirtualFileSystem] Handling VFS change REMOVED /Users/alifmahmud/FM 01/Developed by Alif/My routine/app/build/intermediates/project_dex_archive/debug/dexBuilderDebug/out/com/alif/studentroutine/ui/screens/ComposableSingletons$TasksScreenKt$lambda-7$1.dex
2026-05-16T17:01:42.142+0600 [DEBUG] [org.gradle.internal.watch.vfs.impl.WatchingVirtualFileSystem] Handling VFS change REMOVED /Users/alifmahmud/FM 01/Developed by Alif/My routine/app/build/intermediates/project_dex_archive/debug/dexBuilderDebug/out/com/alif/studentroutine/ui/screens/AddEditClassScreenKt$AddEditClassScreen$2$3.dex
2026-05-16T17:01:42.142+0600 [DEBUG] [org.gradle.internal.watch.vfs.impl.WatchingVirtualFileSystem] Handling VFS change REMOVED /Users/alifmahmud/FM 01/Developed by Alif/My routine/app/build/intermediates/project_dex_archive/debug/dexBuilderDebug/out/com/alif/studentroutine/ui/screens/AddEditClassScreenKt$AddEditClassScreen$2.dex
2026-05-16T17:01:42.142+0600 [DEBUG] [org.gradle.internal.watch.vfs.impl.WatchingVirtualFileSystem] Handling VFS change REMOVED /Users/alifmahmud/FM 01/Developed by Alif/My routine/app/build/intermediates/project_dex_archive/debug/dexBuilderDebug/out/com/alif/studentroutine/ui/screens/NearbyLibrariesScreenKt$NearbyLibrariesScreen$3$1$1.dex
2026-05-16T17:01:42.142+0600 [DEBUG] [org.gradle.internal.watch.vfs.impl.WatchingVirtualFileSystem] Handling VFS change REMOVED /Users/alifmahmud/FM 01/Developed by Alif/My routine/app/build/intermediates/project_dex_archive/debug/dexBuilderDebug/out/com/alif/studentroutine/ui/screens/TimetableScreenKt$TimetableClassCard$4$1$1.dex
2026-05-16T17:01:42.142+0600 [DEBUG] [org.gradle.internal.watch.vfs.impl.WatchingVirtualFileSystem] Handling VFS change REMOVED /Users/alifmahmud/FM 01/Developed by Alif/My routine/app/build/intermediates/project_dex_archive/debug/dexBuilderDebug/out/com/alif/studentroutine/ui/screens/SettingsScreenKt$SettingsScreen$2$1$1.dex
2026-05-16T17:01:42.142+0600 [DEBUG] [org.gradle.internal.watch.vfs.impl.WatchingVirtualFileSystem] Handling VFS change REMOVED /Users/alifmahmud/FM 01/Developed by Alif/My routine/app/build/intermediates/project_dex_archive/debug/dexBuilderDebug/out/com/alif/studentroutine/ui/screens/TimetableScreenKt$TimetableScreen$2$1$2$invoke$$inlined$items$default$2.dex
2026-05-16T17:01:42.142+0600 [DEBUG] [org.gradle.internal.watch.vfs.impl.WatchingVirtualFileSystem] Handling VFS change REMOVED /Users/alifmahmud/FM 01/Developed by Alif/My routine/app/build/intermediates/project_dex_archive/debug/dexBuilderDebug/out/com/alif/studentroutine/ui/screens/TasksScreenKt$FullTaskCard$6.dex
2026-05-16T17:01:42.142+0600 [DEBUG] [org.gradle.internal.watch.vfs.impl.WatchingVirtualFileSystem] Handling VFS change REMOVED /Users/alifmahmud/FM 01/Developed by Alif/My routine/app/build/intermediates/project_dex_archive/debug/dexBuilderDebug/out/com/alif/studentroutine/ui/screens/ComposableSingletons$TimetableScreenKt$lambda-4$1.dex
2026-05-16T17:01:42.142+0600 [DEBUG] [org.gradle.internal.watch.vfs.impl.WatchingVirtualFileSystem] Handling VFS change REMOVED /Users/alifmahmud/FM 01/Developed by Alif/My routine/app/build/intermediates/project_dex_archive/debug/dexBuilderDebug/out/com/alif/studentroutine/ui/screens/TimetableScreenKt$TimetableScreen$2$1$2$invoke$$inlined$items$default$3.dex
2026-05-16T17:01:42.143+0600 [DEBUG] [org.gradle.internal.watch.vfs.impl.WatchingVirtualFileSystem] Handling VFS change REMOVED /Users/alifmahmud/FM 01/Developed by Alif/My routine/app/build/intermediates/project_dex_archive/debug/dexBuilderDebug/out/com/alif/studentroutine/ui/screens/ComposableSingletons$AddEditTaskScreenKt$lambda-4$1.dex
2026-05-16T17:01:42.143+0600 [DEBUG] [org.gradle.internal.watch.vfs.impl.WatchingVirtualFileSystem] Handling VFS change REMOVED /Users/alifmahmud/FM 01/Developed by Alif/My routine/app/build/intermediates/project_dex_archive/debug/dexBuilderDebug/out/com/alif/studentroutine/ui/screens/Library.dex
2026-05-16T17:01:42.143+0600 [DEBUG] [org.gradle.internal.watch.vfs.impl.WatchingVirtualFileSystem] Handling VFS change REMOVED /Users/alifmahmud/FM 01/Developed by Alif/My routine/app/build/intermediates/project_dex_archive/debug/dexBuilderDebug/out/com/alif/studentroutine/ui/screens/TasksScreenKt$TasksScreen$1$2.dex
2026-05-16T17:01:42.143+0600 [DEBUG] [org.gradle.internal.watch.vfs.impl.WatchingVirtualFileSystem] Handling VFS change REMOVED /Users/alifmahmud/FM 01/Developed by Alif/My routine/app/build/intermediates/project_dex_archive/debug/dexBuilderDebug/out/com/alif/studentroutine/ui/screens/AddEditClassScreenKt$AddEditClassScreen$3.dex
2026-05-16T17:01:42.144+0600 [DEBUG] [org.gradle.internal.watch.vfs.impl.WatchingVirtualFileSystem] Handling VFS change REMOVED /Users/alifmahmud/FM 01/Developed by Alif/My routine/app/build/intermediates/project_dex_archive/debug/dexBuilderDebug/out/com/alif/studentroutine/ui/screens/AddEditClassScreenKt$TimePickerRow$1$1$1.dex
2026-05-16T17:01:42.144+0600 [DEBUG] [org.gradle.internal.watch.vfs.impl.WatchingVirtualFileSystem] Handling VFS change REMOVED /Users/alifmahmud/FM 01/Developed by Alif/My routine/app/build/intermediates/project_dex_archive/debug/dexBuilderDebug/out/com/alif/studentroutine/ui/screens/AddEditClassScreenKt$AddEditClassScreen$2$2.dex
2026-05-16T17:01:42.144+0600 [DEBUG] [org.gradle.internal.watch.vfs.impl.WatchingVirtualFileSystem] Handling VFS change REMOVED /Users/alifmahmud/FM 01/Developed by Alif/My routine/app/build/intermediates/project_dex_archive/debug/dexBuilderDebug/out/com/alif/studentroutine/ui/screens/ComposableSingletons$DashboardScreenKt$lambda-4$1.dex
2026-05-16T17:01:42.147+0600 [DEBUG] [org.gradle.internal.watch.vfs.impl.WatchingVirtualFileSystem] Handling VFS change REMOVED /Users/alifmahmud/FM 01/Developed by Alif/My routine/app/build/intermediates/project_dex_archive/debug/dexBuilderDebug/out/com/alif/studentroutine/ui/screens/TasksScreenKt$FullTaskCard$3.dex
2026-05-16T17:01:42.147+0600 [DEBUG] [org.gradle.internal.watch.vfs.impl.WatchingVirtualFileSystem] Handling VFS change REMOVED /Users/alifmahmud/FM 01/Developed by Alif/My routine/app/build/intermediates/project_dex_archive/debug/dexBuilderDebug/out/com/alif/studentroutine/ui/screens/TimetableScreenKt$TimetableScreen$1$2.dex
2026-05-16T17:01:42.147+0600 [DEBUG] [org.gradle.internal.watch.vfs.impl.WatchingVirtualFileSystem] Handling VFS change REMOVED /Users/alifmahmud/FM 01/Developed by Alif/My routine/app/build/intermediates/project_dex_archive/debug/dexBuilderDebug/out/com/alif/studentroutine/ui/screens/TasksScreenKt$TasksScreen$2$1$2$1$1.dex
2026-05-16T17:01:42.147+0600 [DEBUG] [org.gradle.internal.watch.vfs.impl.WatchingVirtualFileSystem] Handling VFS change REMOVED /Users/alifmahmud/FM 01/Developed by Alif/My routine/app/build/intermediates/project_dex_archive/debug/dexBuilderDebug/out/com/alif/studentroutine/ui/screens/NearbyLibrariesScreenKt.dex
2026-05-16T17:01:42.147+0600 [DEBUG] [org.gradle.internal.watch.vfs.impl.WatchingVirtualFileSystem] Handling VFS change REMOVED /Users/alifmahmud/FM 01/Developed by Alif/My routine/app/build/intermediates/project_dex_archive/debug/dexBuilderDebug/out/com/alif/studentroutine/ui/screens/TasksScreenKt$TasksScreen$1.dex
2026-05-16T17:01:42.147+0600 [DEBUG] [org.gradle.internal.watch.vfs.impl.WatchingVirtualFileSystem] Handling VFS change REMOVED /Users/alifmahmud/FM 01/Developed by Alif/My routine/app/build/intermediates/project_dex_archive/debug/dexBuilderDebug/out/com/alif/studentroutine/ui/screens/ComposableSingletons$TasksScreenKt$lambda-3$1.dex
2026-05-16T17:01:42.147+0600 [DEBUG] [org.gradle.internal.watch.vfs.impl.WatchingVirtualFileSystem] Handling VFS change REMOVED /Users/alifmahmud/FM 01/Developed by Alif/My routine/app/build/intermediates/project_dex_archive/debug/dexBuilderDebug/out/com/alif/studentroutine/ui/screens/NearbyLibrariesScreenKt$NearbyLibrariesScreen$3$1$5.dex
2026-05-16T17:01:42.147+0600 [DEBUG] [org.gradle.internal.watch.vfs.impl.WatchingVirtualFileSystem] Handling VFS change REMOVED /Users/alifmahmud/FM 01/Developed by Alif/My routine/app/build/intermediates/project_dex_archive/debug/dexBuilderDebug/out/com/alif/studentroutine/ui/screens/DashboardScreenKt$TaskCard$2.dex
2026-05-16T17:01:42.147+0600 [DEBUG] [org.gradle.internal.watch.vfs.impl.WatchingVirtualFileSystem] Handling VFS change REMOVED /Users/alifmahmud/FM 01/Developed by Alif/My routine/app/build/intermediates/project_dex_archive/debug/dexBuilderDebug/out/com/alif/studentroutine/ui/screens/ComposableSingletons$TimetableScreenKt.dex
2026-05-16T17:01:42.147+0600 [DEBUG] [org.gradle.internal.watch.vfs.impl.WatchingVirtualFileSystem] Handling VFS change REMOVED /Users/alifmahmud/FM 01/Developed by Alif/My routine/app/build/intermediates/project_dex_archive/debug/dexBuilderDebug/out/com/alif/studentroutine/ui/screens/AddEditTaskScreenKt$AddEditTaskScreen$3$2$7$1$2.dex
2026-05-16T17:01:42.147+0600 [DEBUG] [org.gradle.internal.watch.vfs.impl.WatchingVirtualFileSystem] Handling VFS change REMOVED /Users/alifmahmud/FM 01/Developed by Alif/My routine/app/build/intermediates/project_dex_archive/debug/dexBuilderDebug/out/com/alif/studentroutine/ui/screens/AddEditClassScreenKt$AddEditClassScreen$4.dex
2026-05-16T17:01:42.147+0600 [DEBUG] [org.gradle.internal.watch.vfs.impl.WatchingVirtualFileSystem] Handling VFS change REMOVED /Users/alifmahmud/FM 01/Developed by Alif/My routine/app/build/intermediates/project_dex_archive/debug/dexBuilderDebug/out/com/alif/studentroutine/ui/screens/AddEditTaskScreenKt$AddEditTaskScreen$3$2$1$1.dex
2026-05-16T17:01:42.147+0600 [DEBUG] [org.gradle.internal.watch.vfs.impl.WatchingVirtualFileSystem] Handling VFS change REMOVED /Users/alifmahmud/FM 01/Developed by Alif/My routine/app/build/intermediates/project_dex_archive/debug/dexBuilderDebug/out/com/alif/studentroutine/ui/screens/SettingsScreenKt$SettingsScreen$2$1$1$1$1$2$1.dex
2026-05-16T17:01:42.147+0600 [DEBUG] [org.gradle.internal.watch.vfs.impl.WatchingVirtualFileSystem] Handling VFS change REMOVED /Users/alifmahmud/FM 01/Developed by Alif/My routine/app/build/intermediates/project_dex_archive/debug/dexBuilderDebug/out/com/alif/studentroutine/ui/screens/TimetableScreenKt$TimetableScreen$2$1$2$invoke$$inlined$items$default$4.dex
2026-05-16T17:01:42.147+0600 [DEBUG] [org.gradle.internal.watch.vfs.impl.WatchingVirtualFileSystem] Handling VFS change REMOVED /Users/alifmahmud/FM 01/Developed by Alif/My routine/app/build/intermediates/project_dex_archive/debug/dexBuilderDebug/out/com/alif/studentroutine/ui/screens/TasksScreenKt$TasksScreen$3.dex
2026-05-16T17:01:42.147+0600 [DEBUG] [org.gradle.internal.watch.vfs.impl.WatchingVirtualFileSystem] Handling VFS change REMOVED /Users/alifmahmud/FM 01/Developed by Alif/My routine/app/build/intermediates/project_dex_archive/debug/dexBuilderDebug/out/com/alif/studentroutine/ui/screens/ComposableSingletons$TasksScreenKt$lambda-1$1.dex
2026-05-16T17:01:42.147+0600 [DEBUG] [org.gradle.internal.watch.vfs.impl.WatchingVirtualFileSystem] Handling VFS change REMOVED /Users/alifmahmud/FM 01/Developed by Alif/My routine/app/build/intermediates/project_dex_archive/debug/dexBuilderDebug/out/com/alif/studentroutine/ui/screens/TasksScreenKt$TasksScreen$2$1$2$1$3.dex
2026-05-16T17:01:42.148+0600 [DEBUG] [org.gradle.internal.watch.vfs.impl.WatchingVirtualFileSystem] Handling VFS change REMOVED /Users/alifmahmud/FM 01/Developed by Alif/My routine/app/build/intermediates/project_dex_archive/debug/dexBuilderDebug/out/com/alif/studentroutine/ui/screens/TimetableScreenKt$TimetableScreen$1$1.dex
2026-05-16T17:01:42.148+0600 [DEBUG] [org.gradle.internal.watch.vfs.impl.WatchingVirtualFileSystem] Handling VFS change REMOVED /Users/alifmahmud/FM 01/Developed by Alif/My routine/app/build/intermediates/project_dex_archive/debug/dexBuilderDebug/out/com/alif/studentroutine/ui/screens/NearbyLibrariesScreenKt$NearbyLibrariesScreen$2$1.dex
2026-05-16T17:01:42.148+0600 [DEBUG] [org.gradle.internal.watch.vfs.impl.WatchingVirtualFileSystem] Handling VFS change REMOVED /Users/alifmahmud/FM 01/Developed by Alif/My routine/app/build/intermediates/project_dex_archive/debug/dexBuilderDebug/out/com/alif/studentroutine/ui/screens/TasksScreenKt$FullTaskCard$1.dex
2026-05-16T17:01:42.148+0600 [DEBUG] [org.gradle.internal.watch.vfs.impl.WatchingVirtualFileSystem] Handling VFS change REMOVED /Users/alifmahmud/FM 01/Developed by Alif/My routine/app/build/intermediates/project_dex_archive/debug/dexBuilderDebug/out/com/alif/studentroutine/ui/screens/ComposableSingletons$DashboardScreenKt$lambda-2$1.dex
2026-05-16T17:01:42.148+0600 [DEBUG] [org.gradle.internal.watch.vfs.impl.WatchingVirtualFileSystem] Handling VFS change REMOVED /Users/alifmahmud/FM 01/Developed by Alif/My routine/app/build/intermediates/project_dex_archive/debug/dexBuilderDebug/out/com/alif/studentroutine/ui/screens/TasksScreenKt$TasksScreen$2.dex
2026-05-16T17:01:42.148+0600 [DEBUG] [org.gradle.internal.watch.vfs.impl.WatchingVirtualFileSystem] Handling VFS change REMOVED /Users/alifmahmud/FM 01/Developed by Alif/My routine/app/build/intermediates/project_dex_archive/debug/dexBuilderDebug/out/com/alif/studentroutine/ui/screens/ComposableSingletons$AddEditTaskScreenKt$lambda-2$1.dex
2026-05-16T17:01:42.148+0600 [DEBUG] [org.gradle.internal.watch.vfs.impl.WatchingVirtualFileSystem] Handling VFS change REMOVED /Users/alifmahmud/FM 01/Developed by Alif/My routine/app/build/intermediates/project_dex_archive/debug/dexBuilderDebug/out/com/alif/studentroutine/ui/screens/ComposableSingletons$TimetableScreenKt$lambda-2$1.dex
2026-05-16T17:01:42.148+0600 [DEBUG] [org.gradle.internal.watch.vfs.impl.WatchingVirtualFileSystem] Handling VFS change REMOVED /Users/alifmahmud/FM 01/Developed by Alif/My routine/app/build/intermediates/project_dex_archive/debug/dexBuilderDebug/out/com/alif/studentroutine/ui/screens/DashboardScreenKt$TaskCard$1.dex
2026-05-16T17:01:42.148+0600 [DEBUG] [org.gradle.internal.watch.vfs.impl.WatchingVirtualFileSystem] Handling VFS change REMOVED /Users/alifmahmud/FM 01/Developed by Alif/My routine/app/build/intermediates/project_dex_archive/debug/dexBuilderDebug/out/com/alif/studentroutine/ui/screens/TimetableScreenKt$TimetableClassCard$2$1.dex
2026-05-16T17:01:42.148+0600 [DEBUG] [org.gradle.internal.watch.vfs.impl.WatchingVirtualFileSystem] Handling VFS change REMOVED /Users/alifmahmud/FM 01/Developed by Alif/My routine/app/build/intermediates/project_dex_archive/debug/dexBuilderDebug/out/com/alif/studentroutine/ui/screens/AddEditTaskScreenKt$AddEditTaskScreen$2$3$1$1.dex
2026-05-16T17:01:42.149+0600 [DEBUG] [org.gradle.internal.watch.vfs.impl.WatchingVirtualFileSystem] Handling VFS change REMOVED /Users/alifmahmud/FM 01/Developed by Alif/My routine/app/build/intermediates/project_dex_archive/debug/dexBuilderDebug/out/com/alif/studentroutine/ui/screens/ComposableSingletons$TasksScreenKt$lambda-6$1.dex
2026-05-16T17:01:42.149+0600 [DEBUG] [org.gradle.internal.watch.vfs.impl.WatchingVirtualFileSystem] Handling VFS change REMOVED /Users/alifmahmud/FM 01/Developed by Alif/My routine/app/build/intermediates/project_dex_archive/debug/dexBuilderDebug/out/com/alif/studentroutine/ui/screens/DashboardScreenKt$DashboardScreen$3$1$invoke$$inlined$items$default$3.dex
2026-05-16T17:01:42.149+0600 [DEBUG] [org.gradle.internal.watch.vfs.impl.WatchingVirtualFileSystem] Handling VFS change REMOVED /Users/alifmahmud/FM 01/Developed by Alif/My routine/app/build/intermediates/project_dex_archive/debug/dexBuilderDebug/out/com/alif/studentroutine/ui/screens/DashboardScreenKt$DashboardScreen$3$1$invoke$$inlined$items$default$2.dex
2026-05-16T17:01:42.149+0600 [DEBUG] [org.gradle.internal.watch.vfs.impl.WatchingVirtualFileSystem] Handling VFS change REMOVED /Users/alifmahmud/FM 01/Developed by Alif/My routine/app/build/intermediates/project_dex_archive/debug/dexBuilderDebug/out/com/alif/studentroutine/ui/screens/DashboardScreenKt$DashboardScreen$3$1$4.dex
2026-05-16T17:01:42.149+0600 [DEBUG] [org.gradle.internal.watch.vfs.impl.WatchingVirtualFileSystem] Handling VFS change REMOVED /Users/alifmahmud/FM 01/Developed by Alif/My routine/app/build/intermediates/project_dex_archive/debug/dexBuilderDebug/out/com/alif/studentroutine/ui/screens/AddEditClassScreenKt$AddEditClassScreen$3$2$9.dex
2026-05-16T17:01:42.149+0600 [DEBUG] [org.gradle.internal.watch.vfs.impl.WatchingVirtualFileSystem] Handling VFS change REMOVED /Users/alifmahmud/FM 01/Developed by Alif/My routine/app/build/intermediates/project_dex_archive/debug/dexBuilderDebug/out/com/alif/studentroutine/ui/screens/ComposableSingletons$DashboardScreenKt$lambda-5$1.dex
2026-05-16T17:01:42.149+0600 [DEBUG] [org.gradle.internal.watch.vfs.impl.WatchingVirtualFileSystem] Handling VFS change REMOVED /Users/alifmahmud/FM 01/Developed by Alif/My routine/app/build/intermediates/project_dex_archive/debug/dexBuilderDebug/out/com/alif/studentroutine/ui/screens/SettingsScreenKt$SettingsScreen$2$1$1$1$1$2.dex
2026-05-16T17:01:42.149+0600 [DEBUG] [org.gradle.internal.watch.vfs.impl.WatchingVirtualFileSystem] Handling VFS change REMOVED /Users/alifmahmud/FM 01/Developed by Alif/My routine/app/build/intermediates/project_dex_archive/debug/dexBuilderDebug/out/com/alif/studentroutine/ui/screens/TasksScreenKt$TasksScreen$2$1$2$1$2$1.dex
2026-05-16T17:01:42.149+0600 [DEBUG] [org.gradle.internal.watch.vfs.impl.WatchingVirtualFileSystem] Handling VFS change REMOVED /Users/alifmahmud/FM 01/Developed by Alif/My routine/app/build/intermediates/project_dex_archive/debug/dexBuilderDebug/out/com/alif/studentroutine/ui/screens/ComposableSingletons$AddEditTaskScreenKt$lambda-5$1.dex
2026-05-16T17:01:42.149+0600 [DEBUG] [org.gradle.internal.watch.vfs.impl.WatchingVirtualFileSystem] Handling VFS change REMOVED /Users/alifmahmud/FM 01/Developed by Alif/My routine/app/build/intermediates/project_dex_archive/debug/dexBuilderDebug/out/com/alif/studentroutine/ui/screens/NearbyLibrariesScreenKt$NearbyLibrariesScreen$4.dex
2026-05-16T17:01:42.149+0600 [DEBUG] [org.gradle.internal.watch.vfs.impl.WatchingVirtualFileSystem] Handling VFS change REMOVED /Users/alifmahmud/FM 01/Developed by Alif/My routine/app/build/intermediates/project_dex_archive/debug/dexBuilderDebug/out/com/alif/studentroutine/ui/screens/TimetableScreenKt$TimetableClassCard$3.dex
2026-05-16T17:01:42.149+0600 [DEBUG] [org.gradle.internal.watch.vfs.impl.WatchingVirtualFileSystem] Handling VFS change REMOVED /Users/alifmahmud/FM 01/Developed by Alif/My routine/app/build/intermediates/project_dex_archive/debug/dexBuilderDebug/out/com/alif/studentroutine/ui/screens/ComposableSingletons$TimetableScreenKt$lambda-5$1.dex
2026-05-16T17:01:42.149+0600 [DEBUG] [org.gradle.internal.watch.vfs.impl.WatchingVirtualFileSystem] Handling VFS change REMOVED /Users/alifmahmud/FM 01/Developed by Alif/My routine/app/build/intermediates/project_dex_archive/debug/dexBuilderDebug/out/com/alif/studentroutine/ui/screens/TasksScreenKt$FullTaskCard$2$1.dex
2026-05-16T17:01:42.149+0600 [DEBUG] [org.gradle.internal.watch.vfs.impl.WatchingVirtualFileSystem] Handling VFS change REMOVED /Users/alifmahmud/FM 01/Developed by Alif/My routine/app/build/intermediates/project_dex_archive/debug/dexBuilderDebug/out/com/alif/studentroutine/ui/screens/ComposableSingletons$AddEditTaskScreenKt$lambda-7$1.dex
2026-05-16T17:01:42.149+0600 [DEBUG] [org.gradle.internal.watch.vfs.impl.WatchingVirtualFileSystem] Handling VFS change REMOVED /Users/alifmahmud/FM 01/Developed by Alif/My routine/app/build/intermediates/project_dex_archive/debug/dexBuilderDebug/out/com/alif/studentroutine/ui/screens/TimetableScreenKt$TimetableClassCard$1.dex
2026-05-16T17:01:42.149+0600 [DEBUG] [org.gradle.internal.watch.vfs.impl.WatchingVirtualFileSystem] Handling VFS change REMOVED /Users/alifmahmud/FM 01/Developed by Alif/My routine/app/build/intermediates/project_dex_archive/debug/dexBuilderDebug/out/com/alif/studentroutine/ui/screens/ComposableSingletons$TimetableScreenKt$lambda-7$1.dex
2026-05-16T17:01:42.149+0600 [DEBUG] [org.gradle.internal.watch.vfs.impl.WatchingVirtualFileSystem] Handling VFS change REMOVED /Users/alifmahmud/FM 01/Developed by Alif/My routine/app/build/intermediates/project_dex_archive/debug/dexBuilderDebug/out/com/alif/studentroutine/ui/screens/TimetableScreenKt$TimetableScreen$2$1$1$1$2.dex
2026-05-16T17:01:42.150+0600 [DEBUG] [org.gradle.internal.watch.vfs.impl.WatchingVirtualFileSystem] Handling VFS change REMOVED /Users/alifmahmud/FM 01/Developed by Alif/My routine/app/build/intermediates/project_dex_archive/debug/dexBuilderDebug/out/com/alif/studentroutine/ui/screens/ComposableSingletons$DashboardScreenKt$lambda-7$1.dex
2026-05-16T17:01:42.150+0600 [DEBUG] [org.gradle.internal.watch.vfs.impl.WatchingVirtualFileSystem] Handling VFS change REMOVED /Users/alifmahmud/FM 01/Developed by Alif/My routine/app/build/intermediates/project_dex_archive/debug/dexBuilderDebug/out/com/alif/studentroutine/ui/screens/AddEditClassScreenKt$TimePickerRow$1$2$1.dex
2026-05-16T17:01:42.150+0600 [DEBUG] [org.gradle.internal.watch.vfs.impl.WatchingVirtualFileSystem] Handling VFS change REMOVED /Users/alifmahmud/FM 01/Developed by Alif/My routine/app/build/intermediates/project_dex_archive/debug/dexBuilderDebug/out/com/alif/studentroutine/ui/screens/AddEditTaskScreenKt$AddEditTaskScreen$3$2$9.dex
2026-05-16T17:01:42.150+0600 [DEBUG] [org.gradle.internal.watch.vfs.impl.WatchingVirtualFileSystem] Handling VFS change REMOVED /Users/alifmahmud/FM 01/Developed by Alif/My routine/app/build/intermediates/project_dex_archive/debug/dexBuilderDebug/out/com/alif/studentroutine/ui/screens/DashboardScreenKt$DashboardScreen$3$1$invoke$$inlined$items$default$1.dex
2026-05-16T17:01:42.150+0600 [DEBUG] [org.gradle.internal.watch.vfs.impl.WatchingVirtualFileSystem] Handling VFS change REMOVED /Users/alifmahmud/FM 01/Developed by Alif/My routine/app/build/intermediates/project_dex_archive/debug/dexBuilderDebug/out/com/alif/studentroutine/ui/screens/AddEditTaskScreenKt$AddEditTaskScreen$3$2$8.dex
2026-05-16T17:01:42.150+0600 [DEBUG] [org.gradle.internal.watch.vfs.impl.WatchingVirtualFileSystem] Handling VFS change REMOVED /Users/alifmahmud/FM 01/Developed by Alif/My routine/app/build/intermediates/project_dex_archive/debug/dexBuilderDebug/out/com/alif/studentroutine/ui/screens/ComposableSingletons$TasksScreenKt$lambda-4$1.dex
2026-05-16T17:01:42.150+0600 [DEBUG] [org.gradle.internal.watch.vfs.impl.WatchingVirtualFileSystem] Handling VFS change REMOVED /Users/alifmahmud/FM 01/Developed by Alif/My routine/app/build/intermediates/project_dex_archive/debug/dexBuilderDebug/out/com/alif/studentroutine/ui/screens/SettingsScreenKt.dex
2026-05-16T17:01:42.150+0600 [DEBUG] [org.gradle.internal.watch.vfs.impl.WatchingVirtualFileSystem] Handling VFS change REMOVED /Users/alifmahmud/FM 01/Developed by Alif/My routine/app/build/intermediates/project_dex_archive/debug/dexBuilderDebug/out/com/alif/studentroutine/ui/screens/TimetableScreenKt$TimetableClassCard$4.dex
2026-05-16T17:01:42.150+0600 [DEBUG] [org.gradle.internal.watch.vfs.impl.WatchingVirtualFileSystem] Handling VFS change REMOVED /Users/alifmahmud/FM 01/Developed by Alif/My routine/app/build/intermediates/project_dex_archive/debug/dexBuilderDebug/out/com/alif/studentroutine/ui/screens/NearbyLibrariesScreenKt$NearbyLibrariesScreen$3.dex
2026-05-16T17:01:42.150+0600 [DEBUG] [org.gradle.internal.watch.vfs.impl.WatchingVirtualFileSystem] Handling VFS change REMOVED /Users/alifmahmud/FM 01/Developed by Alif/My routine/app/build/intermediates/project_dex_archive/debug/dexBuilderDebug/out/com/alif/studentroutine/ui/screens/SettingsScreenKt$SettingsScreen$2$1$1$1$2$2$1.dex
2026-05-16T17:01:42.150+0600 [DEBUG] [org.gradle.internal.watch.vfs.impl.WatchingVirtualFileSystem] Handling VFS change REMOVED /Users/alifmahmud/FM 01/Developed by Alif/My routine/app/build/intermediates/project_dex_archive/debug/dexBuilderDebug/out/com/alif/studentroutine/ui/screens/DashboardScreenKt$ClassCard$2.dex
2026-05-16T17:01:42.150+0600 [DEBUG] [org.gradle.internal.watch.vfs.impl.WatchingVirtualFileSystem] Handling VFS change REMOVED /Users/alifmahmud/FM 01/Developed by Alif/My routine/app/build/intermediates/project_dex_archive/debug/dexBuilderDebug/out/com/alif/studentroutine/ui/screens/TimetableScreenKt$TimetableScreen$2$1$1.dex
2026-05-16T17:01:42.151+0600 [DEBUG] [org.gradle.internal.watch.vfs.impl.WatchingVirtualFileSystem] Handling VFS change REMOVED /Users/alifmahmud/FM 01/Developed by Alif/My routine/app/build/intermediates/project_dex_archive/debug/dexBuilderDebug/out/com/alif/studentroutine/ui/screens/SettingsScreenKt$SettingsScreen$1$1.dex
2026-05-16T17:01:42.151+0600 [DEBUG] [org.gradle.internal.watch.vfs.impl.WatchingVirtualFileSystem] Handling VFS change REMOVED /Users/alifmahmud/FM 01/Developed by Alif/My routine/app/build/intermediates/project_dex_archive/debug/dexBuilderDebug/out/com/alif/studentroutine/ui/screens/DashboardScreenKt$DashboardScreen$3$1$invoke$$inlined$items$default$5.dex
2026-05-16T17:01:42.151+0600 [DEBUG] [org.gradle.internal.watch.vfs.impl.WatchingVirtualFileSystem] Handling VFS change REMOVED /Users/alifmahmud/FM 01/Developed by Alif/My routine/app/build/intermediates/project_dex_archive/debug/dexBuilderDebug/out/com/alif/studentroutine/ui/screens/ComposableSingletons$SettingsScreenKt.dex
2026-05-16T17:01:42.151+0600 [DEBUG] [org.gradle.internal.watch.vfs.impl.WatchingVirtualFileSystem] Handling VFS change REMOVED /Users/alifmahmud/FM 01/Developed by Alif/My routine/app/build/intermediates/project_dex_archive/debug/dexBuilderDebug/out/com/alif/studentroutine/ui/screens/DashboardScreenKt$DashboardScreen$3$1$invoke$$inlined$items$default$4.dex
2026-05-16T17:01:42.151+0600 [DEBUG] [org.gradle.internal.watch.vfs.impl.WatchingVirtualFileSystem] Handling VFS change REMOVED /Users/alifmahmud/FM 01/Developed by Alif/My routine/app/build/intermediates/project_dex_archive/debug/dexBuilderDebug/out/com/alif/studentroutine/ui/screens/DashboardScreenKt$DashboardScreen$3$1$2.dex
2026-05-16T17:01:42.151+0600 [DEBUG] [org.gradle.internal.watch.vfs.impl.WatchingVirtualFileSystem] Handling VFS change REMOVED /Users/alifmahmud/FM 01/Developed by Alif/My routine/app/build/intermediates/project_dex_archive/debug/dexBuilderDebug/out/com/alif/studentroutine/ui/screens/ComposableSingletons$TimetableScreenKt$lambda-3$1.dex
2026-05-16T17:01:42.151+0600 [DEBUG] [org.gradle.internal.watch.vfs.impl.WatchingVirtualFileSystem] Handling VFS change REMOVED /Users/alifmahmud/FM 01/Developed by Alif/My routine/app/build/intermediates/project_dex_archive/debug/dexBuilderDebug/out/com/alif/studentroutine/ui/screens/ComposableSingletons$AddEditClassScreenKt$lambda-8$1.dex
2026-05-16T17:01:42.151+0600 [DEBUG] [org.gradle.internal.watch.vfs.impl.WatchingVirtualFileSystem] Handling VFS change REMOVED /Users/alifmahmud/FM 01/Developed by Alif/My routine/app/build/intermediates/project_dex_archive/debug/dexBuilderDebug/out/com/alif/studentroutine/ui/screens/ComposableSingletons$AddEditTaskScreenKt$lambda-3$1.dex
2026-05-16T17:01:42.151+0600 [DEBUG] [org.gradle.internal.watch.vfs.impl.WatchingVirtualFileSystem] Handling VFS change REMOVED /Users/alifmahmud/FM 01/Developed by Alif/My routine/app/build/intermediates/project_dex_archive/debug/dexBuilderDebug/out/com/alif/studentroutine/ui/screens/NearbyLibrariesScreenKt$NearbyLibrariesScreen$2.dex
2026-05-16T17:01:42.152+0600 [DEBUG] [org.gradle.internal.watch.vfs.impl.WatchingVirtualFileSystem] Handling VFS change REMOVED /Users/alifmahmud/FM 01/Developed by Alif/My routine/app/build/intermediates/project_dex_archive/debug/dexBuilderDebug/out/com/alif/studentroutine/ui/screens/ComposableSingletons$DashboardScreenKt$lambda-3$1.dex
2026-05-16T17:01:42.152+0600 [DEBUG] [org.gradle.internal.watch.vfs.impl.WatchingVirtualFileSystem] Handling VFS change REMOVED /Users/alifmahmud/FM 01/Developed by Alif/My routine/app/build/intermediates/project_dex_archive/debug/dexBuilderDebug/out/com/alif/studentroutine/ui/screens/TimetableScreenKt$TimetableClassCard$5.dex
2026-05-16T17:01:42.152+0600 [DEBUG] [org.gradle.internal.watch.vfs.impl.WatchingVirtualFileSystem] Handling VFS change REMOVED /Users/alifmahmud/FM 01/Developed by Alif/My routine/app/build/intermediates/project_dex_archive/debug/dexBuilderDebug/out/com/alif/studentroutine/ui/screens/ComposableSingletons$DashboardScreenKt$lambda-1$1.dex
2026-05-16T17:01:42.153+0600 [DEBUG] [org.gradle.internal.watch.vfs.impl.WatchingVirtualFileSystem] Handling VFS change REMOVED /Users/alifmahmud/FM 01/Developed by Alif/My routine/app/build/intermediates/project_dex_archive/debug/dexBuilderDebug/out/com/alif/studentroutine/ui/screens/ComposableSingletons$NearbyLibrariesScreenKt.dex
2026-05-16T17:01:42.153+0600 [DEBUG] [org.gradle.internal.watch.vfs.impl.WatchingVirtualFileSystem] Handling VFS change REMOVED /Users/alifmahmud/FM 01/Developed by Alif/My routine/app/build/intermediates/project_dex_archive/debug/dexBuilderDebug/out/com/alif/studentroutine/ui/screens/NearbyLibrariesScreenKt$NearbyLibrariesScreen$1$1.dex
2026-05-16T17:01:42.153+0600 [DEBUG] [org.gradle.internal.watch.vfs.impl.WatchingVirtualFileSystem] Handling VFS change REMOVED /Users/alifmahmud/FM 01/Developed by Alif/My routine/app/build/intermediates/project_dex_archive/debug/dexBuilderDebug/out/com/alif/studentroutine/ui/screens/ComposableSingletons$TimetableScreenKt$lambda-1$1.dex
2026-05-16T17:01:42.153+0600 [DEBUG] [org.gradle.internal.watch.vfs.impl.WatchingVirtualFileSystem] Handling VFS change REMOVED /Users/alifmahmud/FM 01/Developed by Alif/My routine/app/build/intermediates/project_dex_archive/debug/dexBuilderDebug/out/com/alif/studentroutine/ui/screens/DashboardScreenKt$ClassCard$1.dex
2026-05-16T17:01:42.153+0600 [DEBUG] [org.gradle.internal.watch.vfs.impl.WatchingVirtualFileSystem] Handling VFS change REMOVED /Users/alifmahmud/FM 01/Developed by Alif/My routine/app/build/intermediates/project_dex_archive/debug/dexBuilderDebug/out/com/alif/studentroutine/ui/screens/TimetableScreenKt$TimetableScreen$2$1$2.dex
2026-05-16T17:01:42.153+0600 [DEBUG] [org.gradle.internal.watch.vfs.impl.WatchingVirtualFileSystem] Handling VFS change REMOVED /Users/alifmahmud/FM 01/Developed by Alif/My routine/app/build/intermediates/project_dex_archive/debug/dexBuilderDebug/out/com/alif/studentroutine/ui/screens/ComposableSingletons$AddEditTaskScreenKt$lambda-1$1.dex
2026-05-16T17:01:42.154+0600 [DEBUG] [org.gradle.internal.watch.vfs.impl.WatchingVirtualFileSystem] Handling VFS change REMOVED /Users/alifmahmud/FM 01/Developed by Alif/My routine/app/build/intermediates/project_dex_archive/debug/dexBuilderDebug/out/com/alif/studentroutine/ui/screens/NearbyLibrariesScreenKt$NearbyLibrariesScreen$1$1$1.dex
2026-05-16T17:01:42.155+0600 [DEBUG] [org.gradle.internal.watch.vfs.impl.WatchingVirtualFileSystem] Handling VFS change REMOVED /Users/alifmahmud/FM 01/Developed by Alif/My routine/app/build/intermediates/project_dex_archive/debug/dexBuilderDebug/out/com/alif/studentroutine/ui/screens/DashboardScreenKt$DashboardScreen$3$1$invoke$$inlined$items$default$6.dex
2026-05-16T17:01:42.155+0600 [DEBUG] [org.gradle.internal.watch.vfs.impl.WatchingVirtualFileSystem] Handling VFS change REMOVED /Users/alifmahmud/FM 01/Developed by Alif/My routine/app/build/intermediates/project_dex_archive/debug/dexBuilderDebug/out/com/alif/studentroutine/ui/screens/AddEditTaskScreenKt$AddEditTaskScreen$3$2$2$1.dex
2026-05-16T17:01:42.155+0600 [DEBUG] [org.gradle.internal.watch.vfs.impl.WatchingVirtualFileSystem] Handling VFS change REMOVED /Users/alifmahmud/FM 01/Developed by Alif/My routine/app/build/intermediates/project_dex_archive/debug/dexBuilderDebug/out/com/alif/studentroutine/ui/screens/DashboardScreenKt$DashboardScreen$3$1$1.dex
2026-05-16T17:01:42.157+0600 [DEBUG] [org.gradle.internal.watch.vfs.impl.WatchingVirtualFileSystem] Handling VFS change REMOVED /Users/alifmahmud/FM 01/Developed by Alif/My routine/app/build/intermediates/project_dex_archive/debug/dexBuilderDebug/out/com/alif/studentroutine/ui/screens/DashboardScreenKt$DashboardScreen$3$1$invoke$$inlined$items$default$7.dex
2026-05-16T17:01:42.157+0600 [DEBUG] [org.gradle.internal.watch.vfs.impl.WatchingVirtualFileSystem] Handling VFS change REMOVED /Users/alifmahmud/FM 01/Developed by Alif/My routine/app/build/intermediates/project_dex_archive/debug/dexBuilderDebug/out/com/alif/studentroutine/ui/screens/AddEditClassScreenKt$AddEditClassScreen$3$2$8$1$2.dex
2026-05-16T17:01:42.157+0600 [DEBUG] [org.gradle.internal.watch.vfs.impl.WatchingVirtualFileSystem] Handling VFS change REMOVED /Users/alifmahmud/FM 01/Developed by Alif/My routine/app/build/intermediates/project_dex_archive/debug/dexBuilderDebug/out/com/alif/studentroutine/ui/screens/ComposableSingletons$TasksScreenKt$lambda-2$1.dex
2026-05-16T17:01:42.158+0600 [DEBUG] [org.gradle.internal.watch.vfs.impl.WatchingVirtualFileSystem] Handling VFS change REMOVED /Users/alifmahmud/FM 01/Developed by Alif/My routine/app/build/intermediates/project_dex_archive/debug/dexBuilderDebug/out/com/alif/studentroutine/ui/screens/TasksScreenKt$TasksScreen$2$1$1$1$1.dex
2026-05-16T17:01:42.158+0600 [DEBUG] [org.gradle.internal.watch.vfs.impl.WatchingVirtualFileSystem] Handling VFS change REMOVED /Users/alifmahmud/FM 01/Developed by Alif/My routine/app/build/intermediates/project_dex_archive/debug/dexBuilderDebug/out/com/alif/studentroutine/ui/screens/NearbyLibrariesScreenKt$NearbyLibrariesScreen$1.dex
2026-05-16T17:01:42.158+0600 [DEBUG] [org.gradle.internal.watch.vfs.impl.WatchingVirtualFileSystem] Handling VFS change REMOVED /Users/alifmahmud/FM 01/Developed by Alif/My routine/app/build/intermediates/project_dex_archive/debug/dexBuilderDebug/out/com/alif/studentroutine/ui/screens/TimetableScreenKt$TimetableClassCard$6.dex
2026-05-16T17:01:42.158+0600 [DEBUG] [org.gradle.internal.watch.vfs.impl.WatchingVirtualFileSystem] Handling VFS change REMOVED /Users/alifmahmud/FM 01/Developed by Alif/My routine/app/build/intermediates/project_dex_archive/debug/dexBuilderDebug/out/com/alif/studentroutine/ui/screens
2026-05-16T17:01:42.159+0600 [DEBUG] [org.gradle.internal.watch.vfs.impl.WatchingVirtualFileSystem] Handling VFS change REMOVED /Users/alifmahmud/FM 01/Developed by Alif/My routine/app/build/intermediates/project_dex_archive/debug/dexBuilderDebug/out/com/alif/studentroutine/ui/theme/ThemeKt.dex
2026-05-16T17:01:42.159+0600 [DEBUG] [org.gradle.internal.watch.vfs.impl.WatchingVirtualFileSystem] Handling VFS change REMOVED /Users/alifmahmud/FM 01/Developed by Alif/My routine/app/build/intermediates/project_dex_archive/debug/dexBuilderDebug/out/com/alif/studentroutine/ui/theme/ColorKt.dex
2026-05-16T17:01:42.159+0600 [DEBUG] [org.gradle.internal.watch.vfs.impl.WatchingVirtualFileSystem] Handling VFS change REMOVED /Users/alifmahmud/FM 01/Developed by Alif/My routine/app/build/intermediates/project_dex_archive/debug/dexBuilderDebug/out/com/alif/studentroutine/ui/theme/ThemeKt$StudentRoutineTheme$1.dex
2026-05-16T17:01:42.159+0600 [DEBUG] [org.gradle.internal.watch.vfs.impl.WatchingVirtualFileSystem] Handling VFS change REMOVED /Users/alifmahmud/FM 01/Developed by Alif/My routine/app/build/intermediates/project_dex_archive/debug/dexBuilderDebug/out/com/alif/studentroutine/ui/theme/ThemeKt$StudentRoutineTheme$2.dex
2026-05-16T17:01:42.159+0600 [DEBUG] [org.gradle.internal.watch.vfs.impl.WatchingVirtualFileSystem] Handling VFS change REMOVED /Users/alifmahmud/FM 01/Developed by Alif/My routine/app/build/intermediates/project_dex_archive/debug/dexBuilderDebug/out/com/alif/studentroutine/ui/theme/TypeKt.dex
2026-05-16T17:01:42.159+0600 [DEBUG] [org.gradle.internal.watch.vfs.impl.WatchingVirtualFileSystem] Handling VFS change REMOVED /Users/alifmahmud/FM 01/Developed by Alif/My routine/app/build/intermediates/project_dex_archive/debug/dexBuilderDebug/out/com/alif/studentroutine/ui/theme
2026-05-16T17:01:42.159+0600 [DEBUG] [org.gradle.internal.watch.vfs.impl.WatchingVirtualFileSystem] Handling VFS change REMOVED /Users/alifmahmud/FM 01/Developed by Alif/My routine/app/build/intermediates/project_dex_archive/debug/dexBuilderDebug/out/com/alif/studentroutine/ui
2026-05-16T17:01:42.159+0600 [DEBUG] [org.gradle.internal.watch.vfs.impl.WatchingVirtualFileSystem] Handling VFS change REMOVED /Users/alifmahmud/FM 01/Developed by Alif/My routine/app/build/intermediates/project_dex_archive/debug/dexBuilderDebug/out/com/alif/studentroutine/StudentRoutineApp$database$2.dex
2026-05-16T17:01:42.159+0600 [DEBUG] [org.gradle.internal.watch.vfs.impl.WatchingVirtualFileSystem] Handling VFS change REMOVED /Users/alifmahmud/FM 01/Developed by Alif/My routine/app/build/intermediates/project_dex_archive/debug/dexBuilderDebug/out/com/alif/studentroutine/MainActivity.dex
2026-05-16T17:01:42.159+0600 [DEBUG] [org.gradle.internal.watch.vfs.impl.WatchingVirtualFileSystem] Handling VFS change REMOVED /Users/alifmahmud/FM 01/Developed by Alif/My routine/app/build/intermediates/project_dex_archive/debug/dexBuilderDebug/out/com/alif/studentroutine/notification/AlarmReceiver.dex
2026-05-16T17:01:42.159+0600 [DEBUG] [org.gradle.internal.watch.vfs.impl.WatchingVirtualFileSystem] Handling VFS change REMOVED /Users/alifmahmud/FM 01/Developed by Alif/My routine/app/build/intermediates/project_dex_archive/debug/dexBuilderDebug/out/com/alif/studentroutine/notification/AlarmScheduler$cancelAll$1.dex
2026-05-16T17:01:42.159+0600 [DEBUG] [org.gradle.internal.watch.vfs.impl.WatchingVirtualFileSystem] Handling VFS change REMOVED /Users/alifmahmud/FM 01/Developed by Alif/My routine/app/build/intermediates/project_dex_archive/debug/dexBuilderDebug/out/com/alif/studentroutine/notification/AlarmScheduler.dex
2026-05-16T17:01:42.159+0600 [DEBUG] [org.gradle.internal.watch.vfs.impl.WatchingVirtualFileSystem] Handling VFS change REMOVED /Users/alifmahmud/FM 01/Developed by Alif/My routine/app/build/intermediates/project_dex_archive/debug/dexBuilderDebug/out/com/alif/studentroutine/notification/AlarmScheduler$rescheduleAll$1.dex
2026-05-16T17:01:42.159+0600 [DEBUG] [org.gradle.internal.watch.vfs.impl.WatchingVirtualFileSystem] Handling VFS change REMOVED /Users/alifmahmud/FM 01/Developed by Alif/My routine/app/build/intermediates/project_dex_archive/debug/dexBuilderDebug/out/com/alif/studentroutine/notification/BootReceiver.dex
2026-05-16T17:01:42.159+0600 [DEBUG] [org.gradle.internal.watch.vfs.impl.WatchingVirtualFileSystem] Handling VFS change REMOVED /Users/alifmahmud/FM 01/Developed by Alif/My routine/app/build/intermediates/project_dex_archive/debug/dexBuilderDebug/out/com/alif/studentroutine/notification/NotificationHelper.dex
2026-05-16T17:01:42.159+0600 [DEBUG] [org.gradle.internal.watch.vfs.impl.WatchingVirtualFileSystem] Handling VFS change REMOVED /Users/alifmahmud/FM 01/Developed by Alif/My routine/app/build/intermediates/project_dex_archive/debug/dexBuilderDebug/out/com/alif/studentroutine/notification/BootReceiver$onReceive$1.dex
2026-05-16T17:01:42.159+0600 [DEBUG] [org.gradle.internal.watch.vfs.impl.WatchingVirtualFileSystem] Handling VFS change REMOVED /Users/alifmahmud/FM 01/Developed by Alif/My routine/app/build/intermediates/project_dex_archive/debug/dexBuilderDebug/out/com/alif/studentroutine/notification
2026-05-16T17:01:42.159+0600 [DEBUG] [org.gradle.internal.watch.vfs.impl.WatchingVirtualFileSystem] Handling VFS change REMOVED /Users/alifmahmud/FM 01/Developed by Alif/My routine/app/build/intermediates/project_dex_archive/debug/dexBuilderDebug/out/com/alif/studentroutine/location/LocationResult$PermissionDenied.dex
2026-05-16T17:01:42.159+0600 [DEBUG] [org.gradle.internal.watch.vfs.impl.WatchingVirtualFileSystem] Handling VFS change REMOVED /Users/alifmahmud/FM 01/Developed by Alif/My routine/app/build/intermediates/project_dex_archive/debug/dexBuilderDebug/out/com/alif/studentroutine/location/LocationResult$NoLocation.dex
2026-05-16T17:01:42.160+0600 [DEBUG] [org.gradle.internal.watch.vfs.impl.WatchingVirtualFileSystem] Handling VFS change REMOVED /Users/alifmahmud/FM 01/Developed by Alif/My routine/app/build/intermediates/project_dex_archive/debug/dexBuilderDebug/out/com/alif/studentroutine/location/LocationResult$Error.dex
2026-05-16T17:01:42.160+0600 [DEBUG] [org.gradle.internal.watch.vfs.impl.WatchingVirtualFileSystem] Handling VFS change REMOVED /Users/alifmahmud/FM 01/Developed by Alif/My routine/app/build/intermediates/project_dex_archive/debug/dexBuilderDebug/out/com/alif/studentroutine/location/LocationResult.dex
2026-05-16T17:01:42.160+0600 [DEBUG] [org.gradle.internal.watch.vfs.impl.WatchingVirtualFileSystem] Handling VFS change REMOVED /Users/alifmahmud/FM 01/Developed by Alif/My routine/app/build/intermediates/project_dex_archive/debug/dexBuilderDebug/out/com/alif/studentroutine/location/LocationHelper$getCurrentLocation$1.dex
2026-05-16T17:01:42.160+0600 [DEBUG] [org.gradle.internal.watch.vfs.impl.WatchingVirtualFileSystem] Handling VFS change REMOVED /Users/alifmahmud/FM 01/Developed by Alif/My routine/app/build/intermediates/project_dex_archive/debug/dexBuilderDebug/out/com/alif/studentroutine/location/LocationHelper$getCurrentLocation$1$1.dex
2026-05-16T17:01:42.160+0600 [DEBUG] [org.gradle.internal.watch.vfs.impl.WatchingVirtualFileSystem] Handling VFS change REMOVED /Users/alifmahmud/FM 01/Developed by Alif/My routine/app/build/intermediates/project_dex_archive/debug/dexBuilderDebug/out/com/alif/studentroutine/location/LocationHelper$getLastKnownLocation$1.dex
2026-05-16T17:01:42.160+0600 [DEBUG] [org.gradle.internal.watch.vfs.impl.WatchingVirtualFileSystem] Handling VFS change REMOVED /Users/alifmahmud/FM 01/Developed by Alif/My routine/app/build/intermediates/project_dex_archive/debug/dexBuilderDebug/out/com/alif/studentroutine/location/LocationHelper$getCurrentLocation$1$listener$1.dex
2026-05-16T17:01:42.160+0600 [DEBUG] [org.gradle.internal.watch.vfs.impl.WatchingVirtualFileSystem] Handling VFS change REMOVED /Users/alifmahmud/FM 01/Developed by Alif/My routine/app/build/intermediates/project_dex_archive/debug/dexBuilderDebug/out/com/alif/studentroutine/location/LocationHelper.dex
2026-05-16T17:01:42.160+0600 [DEBUG] [org.gradle.internal.watch.vfs.impl.WatchingVirtualFileSystem] Handling VFS change REMOVED /Users/alifmahmud/FM 01/Developed by Alif/My routine/app/build/intermediates/project_dex_archive/debug/dexBuilderDebug/out/com/alif/studentroutine/location/LocationResult$Success.dex
2026-05-16T17:01:42.160+0600 [DEBUG] [org.gradle.internal.watch.vfs.impl.WatchingVirtualFileSystem] Handling VFS change REMOVED /Users/alifmahmud/FM 01/Developed by Alif/My routine/app/build/intermediates/project_dex_archive/debug/dexBuilderDebug/out/com/alif/studentroutine/location
2026-05-16T17:01:42.160+0600 [DEBUG] [org.gradle.internal.watch.vfs.impl.WatchingVirtualFileSystem] Handling VFS change REMOVED /Users/alifmahmud/FM 01/Developed by Alif/My routine/app/build/intermediates/project_dex_archive/debug/dexBuilderDebug/out/com/alif/studentroutine/MainActivity$onCreate$1$1$1.dex
2026-05-16T17:01:42.160+0600 [DEBUG] [org.gradle.internal.watch.vfs.impl.WatchingVirtualFileSystem] Handling VFS change REMOVED /Users/alifmahmud/FM 01/Developed by Alif/My routine/app/build/intermediates/project_dex_archive/debug/dexBuilderDebug/out/com/alif/studentroutine/StudentRoutineApp$dataStoreManager$2.dex
2026-05-16T17:01:42.160+0600 [DEBUG] [org.gradle.internal.watch.vfs.impl.WatchingVirtualFileSystem] Handling VFS change REMOVED /Users/alifmahmud/FM 01/Developed by Alif/My routine/app/build/intermediates/project_dex_archive/debug/dexBuilderDebug/out/com/alif/studentroutine/StudentRoutineApp.dex
2026-05-16T17:01:42.160+0600 [DEBUG] [org.gradle.internal.watch.vfs.impl.WatchingVirtualFileSystem] Handling VFS change REMOVED /Users/alifmahmud/FM 01/Developed by Alif/My routine/app/build/intermediates/project_dex_archive/debug/dexBuilderDebug/out/com/alif/studentroutine/MainActivity$onCreate$1$1.dex
2026-05-16T17:01:42.160+0600 [DEBUG] [org.gradle.internal.watch.vfs.impl.WatchingVirtualFileSystem] Handling VFS change REMOVED /Users/alifmahmud/FM 01/Developed by Alif/My routine/app/build/intermediates/project_dex_archive/debug/dexBuilderDebug/out/com/alif/studentroutine/data/database/TaskItemDao_Impl$3.dex
2026-05-16T17:01:42.160+0600 [DEBUG] [org.gradle.internal.watch.vfs.impl.WatchingVirtualFileSystem] Handling VFS change REMOVED /Users/alifmahmud/FM 01/Developed by Alif/My routine/app/build/intermediates/project_dex_archive/debug/dexBuilderDebug/out/com/alif/studentroutine/data/database/TaskItemDao_Impl$2.dex
2026-05-16T17:01:42.160+0600 [DEBUG] [org.gradle.internal.watch.vfs.impl.WatchingVirtualFileSystem] Handling VFS change REMOVED /Users/alifmahmud/FM 01/Developed by Alif/My routine/app/build/intermediates/project_dex_archive/debug/dexBuilderDebug/out/com/alif/studentroutine/data/database/ClassItemDao_Impl$10.dex
2026-05-16T17:01:42.160+0600 [DEBUG] [org.gradle.internal.watch.vfs.impl.WatchingVirtualFileSystem] Handling VFS change REMOVED /Users/alifmahmud/FM 01/Developed by Alif/My routine/app/build/intermediates/project_dex_archive/debug/dexBuilderDebug/out/com/alif/studentroutine/data/database/TaskItemDao_Impl$1.dex
2026-05-16T17:01:42.160+0600 [DEBUG] [org.gradle.internal.watch.vfs.impl.WatchingVirtualFileSystem] Handling VFS change REMOVED /Users/alifmahmud/FM 01/Developed by Alif/My routine/app/build/intermediates/project_dex_archive/debug/dexBuilderDebug/out/com/alif/studentroutine/data/database/TaskItemDao_Impl.dex
2026-05-16T17:01:42.161+0600 [DEBUG] [org.gradle.internal.watch.vfs.impl.WatchingVirtualFileSystem] Handling VFS change REMOVED /Users/alifmahmud/FM 01/Developed by Alif/My routine/app/build/intermediates/project_dex_archive/debug/dexBuilderDebug/out/com/alif/studentroutine/data/database/AppDatabase.dex
2026-05-16T17:01:42.161+0600 [DEBUG] [org.gradle.internal.watch.vfs.impl.WatchingVirtualFileSystem] Handling VFS change REMOVED /Users/alifmahmud/FM 01/Developed by Alif/My routine/app/build/intermediates/project_dex_archive/debug/dexBuilderDebug/out/com/alif/studentroutine/data/database/TaskItemDao_Impl$5.dex
2026-05-16T17:01:42.161+0600 [DEBUG] [org.gradle.internal.watch.vfs.impl.WatchingVirtualFileSystem] Handling VFS change REMOVED /Users/alifmahmud/FM 01/Developed by Alif/My routine/app/build/intermediates/project_dex_archive/debug/dexBuilderDebug/out/com/alif/studentroutine/data/database/TaskItemDao_Impl$4.dex
2026-05-16T17:01:42.161+0600 [DEBUG] [org.gradle.internal.watch.vfs.impl.WatchingVirtualFileSystem] Handling VFS change REMOVED /Users/alifmahmud/FM 01/Developed by Alif/My routine/app/build/intermediates/project_dex_archive/debug/dexBuilderDebug/out/com/alif/studentroutine/data/database/TaskItemDao_Impl$6.dex
2026-05-16T17:01:42.161+0600 [DEBUG] [org.gradle.internal.watch.vfs.impl.WatchingVirtualFileSystem] Handling VFS change REMOVED /Users/alifmahmud/FM 01/Developed by Alif/My routine/app/build/intermediates/project_dex_archive/debug/dexBuilderDebug/out/com/alif/studentroutine/data/database/TaskItemDao_Impl$7.dex
2026-05-16T17:01:42.161+0600 [DEBUG] [org.gradle.internal.watch.vfs.impl.WatchingVirtualFileSystem] Handling VFS change REMOVED /Users/alifmahmud/FM 01/Developed by Alif/My routine/app/build/intermediates/project_dex_archive/debug/dexBuilderDebug/out/com/alif/studentroutine/data/database/ClassItemDao_Impl$1.dex
2026-05-16T17:01:42.161+0600 [DEBUG] [org.gradle.internal.watch.vfs.impl.WatchingVirtualFileSystem] Handling VFS change REMOVED /Users/alifmahmud/FM 01/Developed by Alif/My routine/app/build/intermediates/project_dex_archive/debug/dexBuilderDebug/out/com/alif/studentroutine/data/database/ClassItemDao.dex
2026-05-16T17:01:42.161+0600 [DEBUG] [org.gradle.internal.watch.vfs.impl.WatchingVirtualFileSystem] Handling VFS change REMOVED /Users/alifmahmud/FM 01/Developed by Alif/My routine/app/build/intermediates/project_dex_archive/debug/dexBuilderDebug/out/com/alif/studentroutine/data/database/AppDatabase_Impl.dex
2026-05-16T17:01:42.161+0600 [DEBUG] [org.gradle.internal.watch.vfs.impl.WatchingVirtualFileSystem] Handling VFS change REMOVED /Users/alifmahmud/FM 01/Developed by Alif/My routine/app/build/intermediates/project_dex_archive/debug/dexBuilderDebug/out/com/alif/studentroutine/data/database/ClassItemDao_Impl$3.dex
2026-05-16T17:01:42.161+0600 [DEBUG] [org.gradle.internal.watch.vfs.impl.WatchingVirtualFileSystem] Handling VFS change REMOVED /Users/alifmahmud/FM 01/Developed by Alif/My routine/app/build/intermediates/project_dex_archive/debug/dexBuilderDebug/out/com/alif/studentroutine/data/database/ClassItemDao_Impl$2.dex
2026-05-16T17:01:42.161+0600 [DEBUG] [org.gradle.internal.watch.vfs.impl.WatchingVirtualFileSystem] Handling VFS change REMOVED /Users/alifmahmud/FM 01/Developed by Alif/My routine/app/build/intermediates/project_dex_archive/debug/dexBuilderDebug/out/com/alif/studentroutine/data/database/ClassItemDao_Impl$6.dex
2026-05-16T17:01:42.161+0600 [DEBUG] [org.gradle.internal.watch.vfs.impl.WatchingVirtualFileSystem] Handling VFS change REMOVED /Users/alifmahmud/FM 01/Developed by Alif/My routine/app/build/intermediates/project_dex_archive/debug/dexBuilderDebug/out/com/alif/studentroutine/data/database/ClassItemDao_Impl$7.dex
2026-05-16T17:01:42.161+0600 [DEBUG] [org.gradle.internal.watch.vfs.impl.WatchingVirtualFileSystem] Handling VFS change REMOVED /Users/alifmahmud/FM 01/Developed by Alif/My routine/app/build/intermediates/project_dex_archive/debug/dexBuilderDebug/out/com/alif/studentroutine/data/database/ClassItemDao_Impl$5.dex
2026-05-16T17:01:42.161+0600 [DEBUG] [org.gradle.internal.watch.vfs.impl.WatchingVirtualFileSystem] Handling VFS change REMOVED /Users/alifmahmud/FM 01/Developed by Alif/My routine/app/build/intermediates/project_dex_archive/debug/dexBuilderDebug/out/com/alif/studentroutine/data/database/ClassItemDao_Impl$4.dex
2026-05-16T17:01:42.161+0600 [DEBUG] [org.gradle.internal.watch.vfs.impl.WatchingVirtualFileSystem] Handling VFS change REMOVED /Users/alifmahmud/FM 01/Developed by Alif/My routine/app/build/intermediates/project_dex_archive/debug/dexBuilderDebug/out/com/alif/studentroutine/data/database/ClassItemDao_Impl$9.dex
2026-05-16T17:01:42.161+0600 [DEBUG] [org.gradle.internal.watch.vfs.impl.WatchingVirtualFileSystem] Handling VFS change REMOVED /Users/alifmahmud/FM 01/Developed by Alif/My routine/app/build/intermediates/project_dex_archive/debug/dexBuilderDebug/out/com/alif/studentroutine/data/database/ClassItemDao_Impl$8.dex
2026-05-16T17:01:42.162+0600 [DEBUG] [org.gradle.internal.watch.vfs.impl.WatchingVirtualFileSystem] Handling VFS change REMOVED /Users/alifmahmud/FM 01/Developed by Alif/My routine/app/build/intermediates/project_dex_archive/debug/dexBuilderDebug/out/com/alif/studentroutine/data/database/AppDatabase$Companion.dex
2026-05-16T17:01:42.162+0600 [DEBUG] [org.gradle.internal.watch.vfs.impl.WatchingVirtualFileSystem] Handling VFS change REMOVED /Users/alifmahmud/FM 01/Developed by Alif/My routine/app/build/intermediates/project_dex_archive/debug/dexBuilderDebug/out/com/alif/studentroutine/data/database/TaskItemDao.dex
2026-05-16T17:01:42.162+0600 [DEBUG] [org.gradle.internal.watch.vfs.impl.WatchingVirtualFileSystem] Handling VFS change REMOVED /Users/alifmahmud/FM 01/Developed by Alif/My routine/app/build/intermediates/project_dex_archive/debug/dexBuilderDebug/out/com/alif/studentroutine/data/database/AppDatabase_Impl$1.dex
2026-05-16T17:01:42.162+0600 [DEBUG] [org.gradle.internal.watch.vfs.impl.WatchingVirtualFileSystem] Handling VFS change REMOVED /Users/alifmahmud/FM 01/Developed by Alif/My routine/app/build/intermediates/project_dex_archive/debug/dexBuilderDebug/out/com/alif/studentroutine/data/database/TaskItemDao_Impl$9.dex
2026-05-16T17:01:42.162+0600 [DEBUG] [org.gradle.internal.watch.vfs.impl.WatchingVirtualFileSystem] Handling VFS change REMOVED /Users/alifmahmud/FM 01/Developed by Alif/My routine/app/build/intermediates/project_dex_archive/debug/dexBuilderDebug/out/com/alif/studentroutine/data/database/TaskItemDao_Impl$8.dex
2026-05-16T17:01:42.162+0600 [DEBUG] [org.gradle.internal.watch.vfs.impl.WatchingVirtualFileSystem] Handling VFS change REMOVED /Users/alifmahmud/FM 01/Developed by Alif/My routine/app/build/intermediates/project_dex_archive/debug/dexBuilderDebug/out/com/alif/studentroutine/data/database/ClassItemDao_Impl.dex
2026-05-16T17:01:42.162+0600 [DEBUG] [org.gradle.internal.watch.vfs.impl.WatchingVirtualFileSystem] Handling VFS change REMOVED /Users/alifmahmud/FM 01/Developed by Alif/My routine/app/build/intermediates/project_dex_archive/debug/dexBuilderDebug/out/com/alif/studentroutine/data/database/TaskItemDao_Impl$10.dex
2026-05-16T17:01:42.162+0600 [DEBUG] [org.gradle.internal.watch.vfs.impl.WatchingVirtualFileSystem] Handling VFS change REMOVED /Users/alifmahmud/FM 01/Developed by Alif/My routine/app/build/intermediates/project_dex_archive/debug/dexBuilderDebug/out/com/alif/studentroutine/data/database
2026-05-16T17:01:42.162+0600 [DEBUG] [org.gradle.internal.watch.vfs.impl.WatchingVirtualFileSystem] Handling VFS change REMOVED /Users/alifmahmud/FM 01/Developed by Alif/My routine/app/build/intermediates/project_dex_archive/debug/dexBuilderDebug/out/com/alif/studentroutine/data/repository/RoutineRepository.dex
2026-05-16T17:01:42.162+0600 [DEBUG] [org.gradle.internal.watch.vfs.impl.WatchingVirtualFileSystem] Handling VFS change REMOVED /Users/alifmahmud/FM 01/Developed by Alif/My routine/app/build/intermediates/project_dex_archive/debug/dexBuilderDebug/out/com/alif/studentroutine/data/repository
2026-05-16T17:01:42.162+0600 [DEBUG] [org.gradle.internal.watch.vfs.impl.WatchingVirtualFileSystem] Handling VFS change REMOVED /Users/alifmahmud/FM 01/Developed by Alif/My routine/app/build/intermediates/project_dex_archive/debug/dexBuilderDebug/out/com/alif/studentroutine/data/entity/TaskItem.dex
2026-05-16T17:01:42.162+0600 [DEBUG] [org.gradle.internal.watch.vfs.impl.WatchingVirtualFileSystem] Handling VFS change REMOVED /Users/alifmahmud/FM 01/Developed by Alif/My routine/app/build/intermediates/project_dex_archive/debug/dexBuilderDebug/out/com/alif/studentroutine/data/entity/ClassItem.dex
2026-05-16T17:01:42.162+0600 [DEBUG] [org.gradle.internal.watch.vfs.impl.WatchingVirtualFileSystem] Handling VFS change REMOVED /Users/alifmahmud/FM 01/Developed by Alif/My routine/app/build/intermediates/project_dex_archive/debug/dexBuilderDebug/out/com/alif/studentroutine/data/entity
2026-05-16T17:01:42.162+0600 [DEBUG] [org.gradle.internal.watch.vfs.impl.WatchingVirtualFileSystem] Handling VFS change REMOVED /Users/alifmahmud/FM 01/Developed by Alif/My routine/app/build/intermediates/project_dex_archive/debug/dexBuilderDebug/out/com/alif/studentroutine/data/DataStoreManager.dex
2026-05-16T17:01:42.162+0600 [DEBUG] [org.gradle.internal.watch.vfs.impl.WatchingVirtualFileSystem] Handling VFS change REMOVED /Users/alifmahmud/FM 01/Developed by Alif/My routine/app/build/intermediates/project_dex_archive/debug/dexBuilderDebug/out/com/alif/studentroutine/data/DataStoreManager$Companion.dex
2026-05-16T17:01:42.162+0600 [DEBUG] [org.gradle.internal.watch.vfs.impl.WatchingVirtualFileSystem] Handling VFS change REMOVED /Users/alifmahmud/FM 01/Developed by Alif/My routine/app/build/intermediates/project_dex_archive/debug/dexBuilderDebug/out/com/alif/studentroutine/data/DataStoreManager$special$$inlined$map$1$2$1.dex
2026-05-16T17:01:42.162+0600 [DEBUG] [org.gradle.internal.watch.vfs.impl.WatchingVirtualFileSystem] Handling VFS change REMOVED /Users/alifmahmud/FM 01/Developed by Alif/My routine/app/build/intermediates/project_dex_archive/debug/dexBuilderDebug/out/com/alif/studentroutine/data/DataStoreManagerKt.dex
2026-05-16T17:01:42.162+0600 [DEBUG] [org.gradle.internal.watch.vfs.impl.WatchingVirtualFileSystem] Handling VFS change REMOVED /Users/alifmahmud/FM 01/Developed by Alif/My routine/app/build/intermediates/project_dex_archive/debug/dexBuilderDebug/out/com/alif/studentroutine/data/DataStoreManager$setNotificationsEnabled$2.dex
2026-05-16T17:01:42.162+0600 [DEBUG] [org.gradle.internal.watch.vfs.impl.WatchingVirtualFileSystem] Handling VFS change REMOVED /Users/alifmahmud/FM 01/Developed by Alif/My routine/app/build/intermediates/project_dex_archive/debug/dexBuilderDebug/out/com/alif/studentroutine/data/DataStoreManager$special$$inlined$map$1$2.dex
2026-05-16T17:01:42.162+0600 [DEBUG] [org.gradle.internal.watch.vfs.impl.WatchingVirtualFileSystem] Handling VFS change REMOVED /Users/alifmahmud/FM 01/Developed by Alif/My routine/app/build/intermediates/project_dex_archive/debug/dexBuilderDebug/out/com/alif/studentroutine/data/DataStoreManager$special$$inlined$map$2$2$1.dex
2026-05-16T17:01:42.162+0600 [DEBUG] [org.gradle.internal.watch.vfs.impl.WatchingVirtualFileSystem] Handling VFS change REMOVED /Users/alifmahmud/FM 01/Developed by Alif/My routine/app/build/intermediates/project_dex_archive/debug/dexBuilderDebug/out/com/alif/studentroutine/data/DataStoreManager$special$$inlined$map$2$2.dex
2026-05-16T17:01:42.162+0600 [DEBUG] [org.gradle.internal.watch.vfs.impl.WatchingVirtualFileSystem] Handling VFS change REMOVED /Users/alifmahmud/FM 01/Developed by Alif/My routine/app/build/intermediates/project_dex_archive/debug/dexBuilderDebug/out/com/alif/studentroutine/data/DataStoreManager$special$$inlined$map$2.dex
2026-05-16T17:01:42.162+0600 [DEBUG] [org.gradle.internal.watch.vfs.impl.WatchingVirtualFileSystem] Handling VFS change REMOVED /Users/alifmahmud/FM 01/Developed by Alif/My routine/app/build/intermediates/project_dex_archive/debug/dexBuilderDebug/out/com/alif/studentroutine/data/DataStoreManager$special$$inlined$map$1.dex
2026-05-16T17:01:42.162+0600 [DEBUG] [org.gradle.internal.watch.vfs.impl.WatchingVirtualFileSystem] Handling VFS change REMOVED /Users/alifmahmud/FM 01/Developed by Alif/My routine/app/build/intermediates/project_dex_archive/debug/dexBuilderDebug/out/com/alif/studentroutine/data/DataStoreManager$setDarkMode$2.dex
2026-05-16T17:01:42.163+0600 [DEBUG] [org.gradle.internal.watch.vfs.impl.WatchingVirtualFileSystem] Handling VFS change REMOVED /Users/alifmahmud/FM 01/Developed by Alif/My routine/app/build/intermediates/project_dex_archive/debug/dexBuilderDebug/out/com/alif/studentroutine/data
2026-05-16T17:01:42.163+0600 [DEBUG] [org.gradle.internal.watch.vfs.impl.WatchingVirtualFileSystem] Handling VFS change REMOVED /Users/alifmahmud/FM 01/Developed by Alif/My routine/app/build/intermediates/project_dex_archive/debug/dexBuilderDebug/out/com/alif/studentroutine/StudentRoutineApp$repository$2.dex
2026-05-16T17:01:42.163+0600 [DEBUG] [org.gradle.internal.watch.vfs.impl.WatchingVirtualFileSystem] Handling VFS change REMOVED /Users/alifmahmud/FM 01/Developed by Alif/My routine/app/build/intermediates/project_dex_archive/debug/dexBuilderDebug/out/com/alif/studentroutine
2026-05-16T17:01:42.163+0600 [DEBUG] [org.gradle.internal.watch.vfs.impl.WatchingVirtualFileSystem] Handling VFS change REMOVED /Users/alifmahmud/FM 01/Developed by Alif/My routine/app/build/intermediates/project_dex_archive/debug/dexBuilderDebug/out/com/alif
2026-05-16T17:01:42.163+0600 [DEBUG] [org.gradle.internal.watch.vfs.impl.WatchingVirtualFileSystem] Handling VFS change REMOVED /Users/alifmahmud/FM 01/Developed by Alif/My routine/app/build/intermediates/project_dex_archive/debug/dexBuilderDebug/out/com
2026-05-16T17:01:44.657+0600 [DEBUG] [org.gradle.internal.watch.vfs.impl.WatchingVirtualFileSystem] Handling VFS change REMOVED /Users/alifmahmud/FM 01/Developed by Alif/My routine/app/build/intermediates/dex/debug/mergeProjectDexDebug/15/classes.dex
2026-05-16T17:01:44.660+0600 [DEBUG] [org.gradle.internal.watch.vfs.impl.WatchingVirtualFileSystem] Handling VFS change REMOVED /Users/alifmahmud/FM 01/Developed by Alif/My routine/app/build/intermediates/dex/debug/mergeProjectDexDebug/3/classes.dex
2026-05-16T17:01:44.661+0600 [DEBUG] [org.gradle.internal.watch.vfs.impl.WatchingVirtualFileSystem] Handling VFS change REMOVED /Users/alifmahmud/FM 01/Developed by Alif/My routine/app/build/intermediates/dex/debug/mergeProjectDexDebug/2/classes.dex
2026-05-16T17:01:44.666+0600 [DEBUG] [org.gradle.internal.watch.vfs.impl.WatchingVirtualFileSystem] Handling VFS change REMOVED /Users/alifmahmud/FM 01/Developed by Alif/My routine/app/build/intermediates/dex/debug/mergeProjectDexDebug/7/classes.dex
2026-05-16T17:01:45.351+0600 [DEBUG] [org.gradle.internal.watch.vfs.impl.WatchingVirtualFileSystem] Handling VFS change REMOVED /Users/alifmahmud/FM 01/Developed by Alif/My routine/app/build/outputs/apk/debug/output-metadata.json
2026-05-16T17:01:45.353+0600 [DEBUG] [org.gradle.internal.watch.vfs.impl.WatchingVirtualFileSystem] Handling VFS change REMOVED /Users/alifmahmud/FM 01/Developed by Alif/My routine/app/build/intermediates/incremental/packageDebug/tmp/debug/dex-renamer-state.txt
2026-05-16T17:01:45.354+0600 [DEBUG] [org.gradle.internal.watch.vfs.impl.WatchingVirtualFileSystem] Handling VFS change REMOVED /Users/alifmahmud/FM 01/Developed by Alif/My routine/app/build/intermediates/incremental/packageDebug/tmp/debug/zip-cache/androidResources
2026-05-16T17:01:45.354+0600 [DEBUG] [org.gradle.internal.watch.vfs.impl.WatchingVirtualFileSystem] Handling VFS change REMOVED /Users/alifmahmud/FM 01/Developed by Alif/My routine/app/build/intermediates/incremental/packageDebug/tmp/debug/zip-cache/javaResources0
2026-05-16T17:01:45.355+0600 [DEBUG] [org.gradle.internal.watch.vfs.impl.WatchingVirtualFileSystem] Handling VFS change REMOVED /Users/alifmahmud/FM 01/Developed by Alif/My routine/app/build/intermediates/incremental/packageDebug/tmp/debug/zip-cache
2026-05-16T17:01:45.355+0600 [DEBUG] [org.gradle.internal.watch.vfs.impl.WatchingVirtualFileSystem] Handling VFS change REMOVED /Users/alifmahmud/FM 01/Developed by Alif/My routine/app/build/intermediates/incremental/packageDebug/tmp/debug
2026-05-16T17:01:45.355+0600 [DEBUG] [org.gradle.internal.watch.vfs.impl.WatchingVirtualFileSystem] Handling VFS change REMOVED /Users/alifmahmud/FM 01/Developed by Alif/My routine/app/build/outputs/apk/debug/app-debug.apk
2026-05-16T17:01:47.496+0600 [DEBUG] [org.gradle.cache.internal.DefaultFileLockManager] Waiting to acquire shared lock on daemon addresses registry.
2026-05-16T17:01:47.497+0600 [DEBUG] [org.gradle.cache.internal.DefaultFileLockManager] Lock acquired on daemon addresses registry.
2026-05-16T17:01:47.497+0600 [DEBUG] [org.gradle.cache.internal.DefaultFileLockManager] Releasing lock on daemon addresses registry.
2026-05-16T17:01:47.498+0600 [DEBUG] [org.gradle.cache.internal.DefaultFileLockManager] Waiting to acquire shared lock on daemon addresses registry.
2026-05-16T17:01:47.498+0600 [DEBUG] [org.gradle.cache.internal.DefaultFileLockManager] Lock acquired on daemon addresses registry.
2026-05-16T17:01:47.498+0600 [DEBUG] [org.gradle.cache.internal.DefaultFileLockManager] Releasing lock on daemon addresses registry.
2026-05-16T17:01:47.498+0600 [DEBUG] [org.gradle.cache.internal.DefaultFileLockManager] Waiting to acquire shared lock on daemon addresses registry.
2026-05-16T17:01:47.498+0600 [DEBUG] [org.gradle.cache.internal.DefaultFileLockManager] Lock acquired on daemon addresses registry.
2026-05-16T17:01:47.498+0600 [DEBUG] [org.gradle.cache.internal.DefaultFileLockManager] Releasing lock on daemon addresses registry.
2026-05-16T17:01:57.499+0600 [DEBUG] [org.gradle.cache.internal.DefaultFileLockManager] Waiting to acquire shared lock on daemon addresses registry.
2026-05-16T17:01:57.501+0600 [DEBUG] [org.gradle.cache.internal.DefaultFileLockManager] Lock acquired on daemon addresses registry.
2026-05-16T17:01:57.501+0600 [DEBUG] [org.gradle.cache.internal.DefaultFileLockManager] Releasing lock on daemon addresses registry.
2026-05-16T17:01:57.502+0600 [DEBUG] [org.gradle.cache.internal.DefaultFileLockManager] Waiting to acquire shared lock on daemon addresses registry.
2026-05-16T17:01:57.502+0600 [DEBUG] [org.gradle.cache.internal.DefaultFileLockManager] Lock acquired on daemon addresses registry.
2026-05-16T17:01:57.502+0600 [DEBUG] [org.gradle.cache.internal.DefaultFileLockManager] Releasing lock on daemon addresses registry.
2026-05-16T17:01:57.502+0600 [DEBUG] [org.gradle.cache.internal.DefaultFileLockManager] Waiting to acquire shared lock on daemon addresses registry.
2026-05-16T17:01:57.502+0600 [DEBUG] [org.gradle.cache.internal.DefaultFileLockManager] Lock acquired on daemon addresses registry.
2026-05-16T17:01:57.502+0600 [DEBUG] [org.gradle.cache.internal.DefaultFileLockManager] Releasing lock on daemon addresses registry.
2026-05-16T17:02:06.635+0600 [DEBUG] [org.gradle.internal.watch.registry.impl.DefaultFileWatcherProbeRegistry] Triggering watch probe for /Users/alifmahmud/FM 01/Developed by Alif/My routine
2026-05-16T17:02:07.498+0600 [DEBUG] [org.gradle.cache.internal.DefaultFileLockManager] Waiting to acquire shared lock on daemon addresses registry.
2026-05-16T17:02:07.499+0600 [DEBUG] [org.gradle.cache.internal.DefaultFileLockManager] Lock acquired on daemon addresses registry.
2026-05-16T17:02:07.501+0600 [DEBUG] [org.gradle.cache.internal.DefaultFileLockManager] Releasing lock on daemon addresses registry.
2026-05-16T17:02:07.506+0600 [DEBUG] [org.gradle.cache.internal.DefaultFileLockManager] Waiting to acquire shared lock on daemon addresses registry.
2026-05-16T17:02:07.507+0600 [DEBUG] [org.gradle.cache.internal.DefaultFileLockManager] Lock acquired on daemon addresses registry.
2026-05-16T17:02:07.507+0600 [DEBUG] [org.gradle.cache.internal.DefaultFileLockManager] Releasing lock on daemon addresses registry.
2026-05-16T17:02:07.507+0600 [DEBUG] [org.gradle.cache.internal.DefaultFileLockManager] Waiting to acquire shared lock on daemon addresses registry.
2026-05-16T17:02:07.508+0600 [DEBUG] [org.gradle.cache.internal.DefaultFileLockManager] Lock acquired on daemon addresses registry.
2026-05-16T17:02:07.508+0600 [DEBUG] [org.gradle.cache.internal.DefaultFileLockManager] Releasing lock on daemon addresses registry.
2026-05-16T17:02:14.261+0600 [DEBUG] [org.gradle.internal.watch.vfs.impl.WatchingVirtualFileSystem] Handling VFS change MODIFIED /Users/alifmahmud/FM 01/Developed by Alif/My routine/app/src/main/java/com/alif/studentroutine/data/DataStoreManager.kt
2026-05-16T17:02:17.496+0600 [DEBUG] [org.gradle.cache.internal.DefaultFileLockManager] Waiting to acquire shared lock on daemon addresses registry.
2026-05-16T17:02:17.496+0600 [DEBUG] [org.gradle.cache.internal.DefaultFileLockManager] Lock acquired on daemon addresses registry.
2026-05-16T17:02:17.497+0600 [DEBUG] [org.gradle.cache.internal.DefaultFileLockManager] Releasing lock on daemon addresses registry.
2026-05-16T17:02:17.497+0600 [DEBUG] [org.gradle.cache.internal.DefaultFileLockManager] Waiting to acquire shared lock on daemon addresses registry.
2026-05-16T17:02:17.497+0600 [DEBUG] [org.gradle.cache.internal.DefaultFileLockManager] Lock acquired on daemon addresses registry.
2026-05-16T17:02:17.497+0600 [DEBUG] [org.gradle.cache.internal.DefaultFileLockManager] Releasing lock on daemon addresses registry.
2026-05-16T17:02:17.497+0600 [DEBUG] [org.gradle.cache.internal.DefaultFileLockManager] Waiting to acquire shared lock on daemon addresses registry.
2026-05-16T17:02:17.497+0600 [DEBUG] [org.gradle.cache.internal.DefaultFileLockManager] Lock acquired on daemon addresses registry.
2026-05-16T17:02:17.497+0600 [DEBUG] [org.gradle.cache.internal.DefaultFileLockManager] Releasing lock on daemon addresses registry.
2026-05-16T17:02:19.992+0600 [DEBUG] [sun.rmi.transport.tcp] RMI TCP Connection(6)-127.0.0.1: accepted socket from [127.0.0.1:63423]
2026-05-16T17:02:19.993+0600 [DEBUG] [sun.rmi.transport.tcp] RMI TCP Connection(6)-127.0.0.1: (port 61979) op = 80
2026-05-16T17:02:19.998+0600 [DEBUG] [sun.rmi.loader] RMI TCP Connection(6)-127.0.0.1: name = "[Ljava.rmi.server.ObjID;", codebase = "", defaultLoader = jdk.internal.loader.ClassLoaders$PlatformClassLoader@6cecc8a4
2026-05-16T17:02:19.999+0600 [DEBUG] [sun.rmi.loader] RMI TCP Connection(6)-127.0.0.1: name = "java.rmi.dgc.Lease", codebase = "", defaultLoader = jdk.internal.loader.ClassLoaders$PlatformClassLoader@6cecc8a4
2026-05-16T17:02:19.999+0600 [DEBUG] [sun.rmi.loader] RMI TCP Connection(6)-127.0.0.1: name = "java.rmi.dgc.VMID", codebase = "", defaultLoader = jdk.internal.loader.ClassLoaders$PlatformClassLoader@6cecc8a4
2026-05-16T17:02:19.999+0600 [DEBUG] [sun.rmi.loader] RMI TCP Connection(6)-127.0.0.1: name = "[B", codebase = "", defaultLoader = jdk.internal.loader.ClassLoaders$PlatformClassLoader@6cecc8a4
2026-05-16T17:02:19.999+0600 [DEBUG] [sun.rmi.loader] RMI TCP Connection(6)-127.0.0.1: name = "java.rmi.server.UID", codebase = "", defaultLoader = jdk.internal.loader.ClassLoaders$PlatformClassLoader@6cecc8a4
2026-05-16T17:02:27.495+0600 [DEBUG] [org.gradle.cache.internal.DefaultFileLockManager] Waiting to acquire shared lock on daemon addresses registry.
2026-05-16T17:02:27.497+0600 [DEBUG] [org.gradle.cache.internal.DefaultFileLockManager] Lock acquired on daemon addresses registry.
2026-05-16T17:02:27.497+0600 [DEBUG] [org.gradle.cache.internal.DefaultFileLockManager] Releasing lock on daemon addresses registry.
2026-05-16T17:02:27.498+0600 [DEBUG] [org.gradle.cache.internal.DefaultFileLockManager] Waiting to acquire shared lock on daemon addresses registry.
2026-05-16T17:02:27.499+0600 [DEBUG] [org.gradle.cache.internal.DefaultFileLockManager] Lock acquired on daemon addresses registry.
2026-05-16T17:02:27.499+0600 [DEBUG] [org.gradle.cache.internal.DefaultFileLockManager] Releasing lock on daemon addresses registry.
2026-05-16T17:02:27.499+0600 [DEBUG] [org.gradle.cache.internal.DefaultFileLockManager] Waiting to acquire shared lock on daemon addresses registry.
2026-05-16T17:02:27.499+0600 [DEBUG] [org.gradle.cache.internal.DefaultFileLockManager] Lock acquired on daemon addresses registry.
2026-05-16T17:02:27.499+0600 [DEBUG] [org.gradle.cache.internal.DefaultFileLockManager] Releasing lock on daemon addresses registry.
2026-05-16T17:02:35.013+0600 [DEBUG] [sun.rmi.transport.tcp] RMI TCP Connection(6)-127.0.0.1: (port 61979) connection closed
2026-05-16T17:02:35.015+0600 [DEBUG] [sun.rmi.transport.tcp] RMI TCP Connection(6)-127.0.0.1: close connection, socket: Socket[addr=/127.0.0.1,port=63423,localport=61979]
2026-05-16T17:02:35.016+0600 [DEBUG] [sun.rmi.transport.tcp] RMI TCP Connection(6)-127.0.0.1: socket close: Socket[addr=/127.0.0.1,port=63423,localport=61979]
2026-05-16T17:02:37.500+0600 [DEBUG] [org.gradle.cache.internal.DefaultFileLockManager] Waiting to acquire shared lock on daemon addresses registry.
2026-05-16T17:02:37.501+0600 [DEBUG] [org.gradle.cache.internal.DefaultFileLockManager] Lock acquired on daemon addresses registry.
2026-05-16T17:02:37.503+0600 [DEBUG] [org.gradle.cache.internal.DefaultFileLockManager] Releasing lock on daemon addresses registry.
2026-05-16T17:02:37.504+0600 [DEBUG] [org.gradle.cache.internal.DefaultFileLockManager] Waiting to acquire shared lock on daemon addresses registry.
2026-05-16T17:02:37.505+0600 [DEBUG] [org.gradle.cache.internal.DefaultFileLockManager] Lock acquired on daemon addresses registry.
2026-05-16T17:02:37.505+0600 [DEBUG] [org.gradle.cache.internal.DefaultFileLockManager] Releasing lock on daemon addresses registry.
2026-05-16T17:02:37.505+0600 [DEBUG] [org.gradle.cache.internal.DefaultFileLockManager] Waiting to acquire shared lock on daemon addresses registry.
2026-05-16T17:02:37.506+0600 [DEBUG] [org.gradle.cache.internal.DefaultFileLockManager] Lock acquired on daemon addresses registry.
2026-05-16T17:02:37.506+0600 [DEBUG] [org.gradle.cache.internal.DefaultFileLockManager] Releasing lock on daemon addresses registry.
2026-05-16T17:02:47.495+0600 [DEBUG] [org.gradle.cache.internal.DefaultFileLockManager] Waiting to acquire shared lock on daemon addresses registry.
2026-05-16T17:02:47.496+0600 [DEBUG] [org.gradle.cache.internal.DefaultFileLockManager] Lock acquired on daemon addresses registry.
2026-05-16T17:02:47.497+0600 [DEBUG] [org.gradle.cache.internal.DefaultFileLockManager] Releasing lock on daemon addresses registry.
2026-05-16T17:02:47.497+0600 [DEBUG] [org.gradle.cache.internal.DefaultFileLockManager] Waiting to acquire shared lock on daemon addresses registry.
2026-05-16T17:02:47.498+0600 [DEBUG] [org.gradle.cache.internal.DefaultFileLockManager] Lock acquired on daemon addresses registry.
2026-05-16T17:02:47.498+0600 [DEBUG] [org.gradle.cache.internal.DefaultFileLockManager] Releasing lock on daemon addresses registry.
2026-05-16T17:02:47.499+0600 [DEBUG] [org.gradle.cache.internal.DefaultFileLockManager] Waiting to acquire shared lock on daemon addresses registry.
2026-05-16T17:02:47.499+0600 [DEBUG] [org.gradle.cache.internal.DefaultFileLockManager] Lock acquired on daemon addresses registry.
2026-05-16T17:02:47.499+0600 [DEBUG] [org.gradle.cache.internal.DefaultFileLockManager] Releasing lock on daemon addresses registry.
2026-05-16T17:02:57.496+0600 [DEBUG] [org.gradle.cache.internal.DefaultFileLockManager] Waiting to acquire shared lock on daemon addresses registry.
2026-05-16T17:02:57.496+0600 [DEBUG] [org.gradle.cache.internal.DefaultFileLockManager] Lock acquired on daemon addresses registry.
2026-05-16T17:02:57.496+0600 [DEBUG] [org.gradle.cache.internal.DefaultFileLockManager] Releasing lock on daemon addresses registry.
2026-05-16T17:02:57.497+0600 [DEBUG] [org.gradle.cache.internal.DefaultFileLockManager] Waiting to acquire shared lock on daemon addresses registry.
2026-05-16T17:02:57.497+0600 [DEBUG] [org.gradle.cache.internal.DefaultFileLockManager] Lock acquired on daemon addresses registry.
2026-05-16T17:02:57.497+0600 [DEBUG] [org.gradle.cache.internal.DefaultFileLockManager] Releasing lock on daemon addresses registry.
2026-05-16T17:02:57.497+0600 [DEBUG] [org.gradle.cache.internal.DefaultFileLockManager] Waiting to acquire shared lock on daemon addresses registry.
2026-05-16T17:02:57.497+0600 [DEBUG] [org.gradle.cache.internal.DefaultFileLockManager] Lock acquired on daemon addresses registry.
2026-05-16T17:02:57.497+0600 [DEBUG] [org.gradle.cache.internal.DefaultFileLockManager] Releasing lock on daemon addresses registry.
2026-05-16T17:03:07.495+0600 [DEBUG] [org.gradle.cache.internal.DefaultFileLockManager] Waiting to acquire shared lock on daemon addresses registry.
2026-05-16T17:03:07.495+0600 [DEBUG] [org.gradle.cache.internal.DefaultFileLockManager] Lock acquired on daemon addresses registry.
2026-05-16T17:03:07.496+0600 [DEBUG] [org.gradle.cache.internal.DefaultFileLockManager] Releasing lock on daemon addresses registry.
2026-05-16T17:03:07.496+0600 [DEBUG] [org.gradle.cache.internal.DefaultFileLockManager] Waiting to acquire shared lock on daemon addresses registry.
2026-05-16T17:03:07.496+0600 [DEBUG] [org.gradle.cache.internal.DefaultFileLockManager] Lock acquired on daemon addresses registry.
2026-05-16T17:03:07.497+0600 [DEBUG] [org.gradle.cache.internal.DefaultFileLockManager] Releasing lock on daemon addresses registry.
2026-05-16T17:03:07.498+0600 [DEBUG] [org.gradle.cache.internal.DefaultFileLockManager] Waiting to acquire shared lock on daemon addresses registry.
2026-05-16T17:03:07.499+0600 [DEBUG] [org.gradle.cache.internal.DefaultFileLockManager] Lock acquired on daemon addresses registry.
2026-05-16T17:03:07.499+0600 [DEBUG] [org.gradle.cache.internal.DefaultFileLockManager] Releasing lock on daemon addresses registry.
2026-05-16T17:03:17.497+0600 [DEBUG] [org.gradle.cache.internal.DefaultFileLockManager] Waiting to acquire shared lock on daemon addresses registry.
2026-05-16T17:03:17.498+0600 [DEBUG] [org.gradle.cache.internal.DefaultFileLockManager] Lock acquired on daemon addresses registry.
2026-05-16T17:03:17.498+0600 [DEBUG] [org.gradle.cache.internal.DefaultFileLockManager] Releasing lock on daemon addresses registry.
2026-05-16T17:03:17.499+0600 [DEBUG] [org.gradle.cache.internal.DefaultFileLockManager] Waiting to acquire shared lock on daemon addresses registry.
2026-05-16T17:03:17.499+0600 [DEBUG] [org.gradle.cache.internal.DefaultFileLockManager] Lock acquired on daemon addresses registry.
2026-05-16T17:03:17.499+0600 [DEBUG] [org.gradle.cache.internal.DefaultFileLockManager] Releasing lock on daemon addresses registry.
2026-05-16T17:03:17.500+0600 [DEBUG] [org.gradle.cache.internal.DefaultFileLockManager] Waiting to acquire shared lock on daemon addresses registry.
2026-05-16T17:03:17.500+0600 [DEBUG] [org.gradle.cache.internal.DefaultFileLockManager] Lock acquired on daemon addresses registry.
2026-05-16T17:03:17.500+0600 [DEBUG] [org.gradle.cache.internal.DefaultFileLockManager] Releasing lock on daemon addresses registry.
2026-05-16T17:03:27.495+0600 [DEBUG] [org.gradle.cache.internal.DefaultFileLockManager] Waiting to acquire shared lock on daemon addresses registry.
2026-05-16T17:03:27.496+0600 [DEBUG] [org.gradle.cache.internal.DefaultFileLockManager] Lock acquired on daemon addresses registry.
2026-05-16T17:03:27.496+0600 [DEBUG] [org.gradle.cache.internal.DefaultFileLockManager] Releasing lock on daemon addresses registry.
2026-05-16T17:03:27.496+0600 [DEBUG] [org.gradle.cache.internal.DefaultFileLockManager] Waiting to acquire shared lock on daemon addresses registry.
2026-05-16T17:03:27.497+0600 [DEBUG] [org.gradle.cache.internal.DefaultFileLockManager] Lock acquired on daemon addresses registry.
2026-05-16T17:03:27.497+0600 [DEBUG] [org.gradle.cache.internal.DefaultFileLockManager] Releasing lock on daemon addresses registry.
2026-05-16T17:03:27.497+0600 [DEBUG] [org.gradle.cache.internal.DefaultFileLockManager] Waiting to acquire shared lock on daemon addresses registry.
2026-05-16T17:03:27.497+0600 [DEBUG] [org.gradle.cache.internal.DefaultFileLockManager] Lock acquired on daemon addresses registry.
2026-05-16T17:03:27.497+0600 [DEBUG] [org.gradle.cache.internal.DefaultFileLockManager] Releasing lock on daemon addresses registry.
2026-05-16T17:03:37.499+0600 [DEBUG] [org.gradle.cache.internal.DefaultFileLockManager] Waiting to acquire shared lock on daemon addresses registry.
2026-05-16T17:03:37.500+0600 [DEBUG] [org.gradle.cache.internal.DefaultFileLockManager] Lock acquired on daemon addresses registry.
2026-05-16T17:03:37.500+0600 [DEBUG] [org.gradle.cache.internal.DefaultFileLockManager] Releasing lock on daemon addresses registry.
2026-05-16T17:03:37.501+0600 [DEBUG] [org.gradle.cache.internal.DefaultFileLockManager] Waiting to acquire shared lock on daemon addresses registry.
2026-05-16T17:03:37.501+0600 [DEBUG] [org.gradle.cache.internal.DefaultFileLockManager] Lock acquired on daemon addresses registry.
2026-05-16T17:03:37.501+0600 [DEBUG] [org.gradle.cache.internal.DefaultFileLockManager] Releasing lock on daemon addresses registry.
2026-05-16T17:03:37.502+0600 [DEBUG] [org.gradle.cache.internal.DefaultFileLockManager] Waiting to acquire shared lock on daemon addresses registry.
2026-05-16T17:03:37.502+0600 [DEBUG] [org.gradle.cache.internal.DefaultFileLockManager] Lock acquired on daemon addresses registry.
2026-05-16T17:03:37.502+0600 [DEBUG] [org.gradle.cache.internal.DefaultFileLockManager] Releasing lock on daemon addresses registry.
2026-05-16T17:03:47.495+0600 [DEBUG] [org.gradle.cache.internal.DefaultFileLockManager] Waiting to acquire shared lock on daemon addresses registry.
2026-05-16T17:03:47.495+0600 [DEBUG] [org.gradle.cache.internal.DefaultFileLockManager] Lock acquired on daemon addresses registry.
2026-05-16T17:03:47.496+0600 [DEBUG] [org.gradle.cache.internal.DefaultFileLockManager] Releasing lock on daemon addresses registry.
2026-05-16T17:03:47.496+0600 [DEBUG] [org.gradle.cache.internal.DefaultFileLockManager] Waiting to acquire shared lock on daemon addresses registry.
2026-05-16T17:03:47.496+0600 [DEBUG] [org.gradle.cache.internal.DefaultFileLockManager] Lock acquired on daemon addresses registry.
2026-05-16T17:03:47.497+0600 [DEBUG] [org.gradle.cache.internal.DefaultFileLockManager] Releasing lock on daemon addresses registry.
2026-05-16T17:03:47.497+0600 [DEBUG] [org.gradle.cache.internal.DefaultFileLockManager] Waiting to acquire shared lock on daemon addresses registry.
2026-05-16T17:03:47.497+0600 [DEBUG] [org.gradle.cache.internal.DefaultFileLockManager] Lock acquired on daemon addresses registry.
2026-05-16T17:03:47.497+0600 [DEBUG] [org.gradle.cache.internal.DefaultFileLockManager] Releasing lock on daemon addresses registry.
2026-05-16T17:03:57.496+0600 [DEBUG] [org.gradle.cache.internal.DefaultFileLockManager] Waiting to acquire shared lock on daemon addresses registry.
2026-05-16T17:03:57.498+0600 [DEBUG] [org.gradle.cache.internal.DefaultFileLockManager] Lock acquired on daemon addresses registry.
2026-05-16T17:03:57.498+0600 [DEBUG] [org.gradle.cache.internal.DefaultFileLockManager] Releasing lock on daemon addresses registry.
2026-05-16T17:03:57.499+0600 [DEBUG] [org.gradle.cache.internal.DefaultFileLockManager] Waiting to acquire shared lock on daemon addresses registry.
2026-05-16T17:03:57.499+0600 [DEBUG] [org.gradle.cache.internal.DefaultFileLockManager] Lock acquired on daemon addresses registry.
2026-05-16T17:03:57.499+0600 [DEBUG] [org.gradle.cache.internal.DefaultFileLockManager] Releasing lock on daemon addresses registry.
2026-05-16T17:03:57.500+0600 [DEBUG] [org.gradle.cache.internal.DefaultFileLockManager] Waiting to acquire shared lock on daemon addresses registry.
2026-05-16T17:03:57.500+0600 [DEBUG] [org.gradle.cache.internal.DefaultFileLockManager] Lock acquired on daemon addresses registry.
2026-05-16T17:03:57.500+0600 [DEBUG] [org.gradle.cache.internal.DefaultFileLockManager] Releasing lock on daemon addresses registry.
2026-05-16T17:04:07.498+0600 [DEBUG] [org.gradle.cache.internal.DefaultFileLockManager] Waiting to acquire shared lock on daemon addresses registry.
2026-05-16T17:04:07.500+0600 [DEBUG] [org.gradle.cache.internal.DefaultFileLockManager] Lock acquired on daemon addresses registry.
2026-05-16T17:04:07.500+0600 [DEBUG] [org.gradle.cache.internal.DefaultFileLockManager] Releasing lock on daemon addresses registry.
2026-05-16T17:04:07.501+0600 [DEBUG] [org.gradle.cache.internal.DefaultFileLockManager] Waiting to acquire shared lock on daemon addresses registry.
2026-05-16T17:04:07.502+0600 [DEBUG] [org.gradle.cache.internal.DefaultFileLockManager] Lock acquired on daemon addresses registry.
2026-05-16T17:04:07.502+0600 [DEBUG] [org.gradle.cache.internal.DefaultFileLockManager] Releasing lock on daemon addresses registry.
2026-05-16T17:04:07.502+0600 [DEBUG] [org.gradle.cache.internal.DefaultFileLockManager] Waiting to acquire shared lock on daemon addresses registry.
2026-05-16T17:04:07.502+0600 [DEBUG] [org.gradle.cache.internal.DefaultFileLockManager] Lock acquired on daemon addresses registry.
2026-05-16T17:04:07.502+0600 [DEBUG] [org.gradle.cache.internal.DefaultFileLockManager] Releasing lock on daemon addresses registry.
2026-05-16T17:04:17.497+0600 [DEBUG] [org.gradle.cache.internal.DefaultFileLockManager] Waiting to acquire shared lock on daemon addresses registry.
2026-05-16T17:04:17.498+0600 [DEBUG] [org.gradle.cache.internal.DefaultFileLockManager] Lock acquired on daemon addresses registry.
2026-05-16T17:04:17.499+0600 [DEBUG] [org.gradle.cache.internal.DefaultFileLockManager] Releasing lock on daemon addresses registry.
2026-05-16T17:04:17.499+0600 [DEBUG] [org.gradle.cache.internal.DefaultFileLockManager] Waiting to acquire shared lock on daemon addresses registry.
2026-05-16T17:04:17.500+0600 [DEBUG] [org.gradle.cache.internal.DefaultFileLockManager] Lock acquired on daemon addresses registry.
2026-05-16T17:04:17.500+0600 [DEBUG] [org.gradle.cache.internal.DefaultFileLockManager] Releasing lock on daemon addresses registry.
2026-05-16T17:04:17.501+0600 [DEBUG] [org.gradle.cache.internal.DefaultFileLockManager] Waiting to acquire shared lock on daemon addresses registry.
2026-05-16T17:04:17.501+0600 [DEBUG] [org.gradle.cache.internal.DefaultFileLockManager] Lock acquired on daemon addresses registry.
2026-05-16T17:04:17.501+0600 [DEBUG] [org.gradle.cache.internal.DefaultFileLockManager] Releasing lock on daemon addresses registry.
2026-05-16T17:04:27.497+0600 [DEBUG] [org.gradle.cache.internal.DefaultFileLockManager] Waiting to acquire shared lock on daemon addresses registry.
2026-05-16T17:04:27.499+0600 [DEBUG] [org.gradle.cache.internal.DefaultFileLockManager] Lock acquired on daemon addresses registry.
2026-05-16T17:04:27.500+0600 [DEBUG] [org.gradle.cache.internal.DefaultFileLockManager] Releasing lock on daemon addresses registry.
2026-05-16T17:04:27.501+0600 [DEBUG] [org.gradle.cache.internal.DefaultFileLockManager] Waiting to acquire shared lock on daemon addresses registry.
2026-05-16T17:04:27.501+0600 [DEBUG] [org.gradle.cache.internal.DefaultFileLockManager] Lock acquired on daemon addresses registry.
2026-05-16T17:04:27.501+0600 [DEBUG] [org.gradle.cache.internal.DefaultFileLockManager] Releasing lock on daemon addresses registry.
2026-05-16T17:04:27.502+0600 [DEBUG] [org.gradle.cache.internal.DefaultFileLockManager] Waiting to acquire shared lock on daemon addresses registry.
2026-05-16T17:04:27.502+0600 [DEBUG] [org.gradle.cache.internal.DefaultFileLockManager] Lock acquired on daemon addresses registry.
2026-05-16T17:04:27.502+0600 [DEBUG] [org.gradle.cache.internal.DefaultFileLockManager] Releasing lock on daemon addresses registry.
2026-05-16T17:04:37.498+0600 [DEBUG] [org.gradle.cache.internal.DefaultFileLockManager] Waiting to acquire shared lock on daemon addresses registry.
2026-05-16T17:04:37.499+0600 [DEBUG] [org.gradle.cache.internal.DefaultFileLockManager] Lock acquired on daemon addresses registry.
2026-05-16T17:04:37.499+0600 [DEBUG] [org.gradle.cache.internal.DefaultFileLockManager] Releasing lock on daemon addresses registry.
2026-05-16T17:04:37.500+0600 [DEBUG] [org.gradle.cache.internal.DefaultFileLockManager] Waiting to acquire shared lock on daemon addresses registry.
2026-05-16T17:04:37.500+0600 [DEBUG] [org.gradle.cache.internal.DefaultFileLockManager] Lock acquired on daemon addresses registry.
2026-05-16T17:04:37.500+0600 [DEBUG] [org.gradle.cache.internal.DefaultFileLockManager] Releasing lock on daemon addresses registry.
2026-05-16T17:04:37.501+0600 [DEBUG] [org.gradle.cache.internal.DefaultFileLockManager] Waiting to acquire shared lock on daemon addresses registry.
2026-05-16T17:04:37.501+0600 [DEBUG] [org.gradle.cache.internal.DefaultFileLockManager] Lock acquired on daemon addresses registry.
2026-05-16T17:04:37.501+0600 [DEBUG] [org.gradle.cache.internal.DefaultFileLockManager] Releasing lock on daemon addresses registry.
2026-05-16T17:04:47.498+0600 [DEBUG] [org.gradle.cache.internal.DefaultFileLockManager] Waiting to acquire shared lock on daemon addresses registry.
2026-05-16T17:04:47.499+0600 [DEBUG] [org.gradle.cache.internal.DefaultFileLockManager] Lock acquired on daemon addresses registry.
2026-05-16T17:04:47.500+0600 [DEBUG] [org.gradle.cache.internal.DefaultFileLockManager] Releasing lock on daemon addresses registry.
2026-05-16T17:04:47.501+0600 [DEBUG] [org.gradle.cache.internal.DefaultFileLockManager] Waiting to acquire shared lock on daemon addresses registry.
2026-05-16T17:04:47.501+0600 [DEBUG] [org.gradle.cache.internal.DefaultFileLockManager] Lock acquired on daemon addresses registry.
2026-05-16T17:04:47.501+0600 [DEBUG] [org.gradle.cache.internal.DefaultFileLockManager] Releasing lock on daemon addresses registry.
2026-05-16T17:04:47.502+0600 [DEBUG] [org.gradle.cache.internal.DefaultFileLockManager] Waiting to acquire shared lock on daemon addresses registry.
2026-05-16T17:04:47.502+0600 [DEBUG] [org.gradle.cache.internal.DefaultFileLockManager] Lock acquired on daemon addresses registry.
2026-05-16T17:04:47.502+0600 [DEBUG] [org.gradle.cache.internal.DefaultFileLockManager] Releasing lock on daemon addresses registry.
2026-05-16T17:04:57.498+0600 [DEBUG] [org.gradle.cache.internal.DefaultFileLockManager] Waiting to acquire shared lock on daemon addresses registry.
2026-05-16T17:04:57.499+0600 [DEBUG] [org.gradle.cache.internal.DefaultFileLockManager] Lock acquired on daemon addresses registry.
2026-05-16T17:04:57.500+0600 [DEBUG] [org.gradle.cache.internal.DefaultFileLockManager] Releasing lock on daemon addresses registry.
2026-05-16T17:04:57.500+0600 [DEBUG] [org.gradle.cache.internal.DefaultFileLockManager] Waiting to acquire shared lock on daemon addresses registry.
2026-05-16T17:04:57.501+0600 [DEBUG] [org.gradle.cache.internal.DefaultFileLockManager] Lock acquired on daemon addresses registry.
2026-05-16T17:04:57.501+0600 [DEBUG] [org.gradle.cache.internal.DefaultFileLockManager] Releasing lock on daemon addresses registry.
2026-05-16T17:04:57.501+0600 [DEBUG] [org.gradle.cache.internal.DefaultFileLockManager] Waiting to acquire shared lock on daemon addresses registry.
2026-05-16T17:04:57.502+0600 [DEBUG] [org.gradle.cache.internal.DefaultFileLockManager] Lock acquired on daemon addresses registry.
2026-05-16T17:04:57.502+0600 [DEBUG] [org.gradle.cache.internal.DefaultFileLockManager] Releasing lock on daemon addresses registry.
2026-05-16T17:05:07.499+0600 [DEBUG] [org.gradle.cache.internal.DefaultFileLockManager] Waiting to acquire shared lock on daemon addresses registry.
2026-05-16T17:05:07.499+0600 [DEBUG] [org.gradle.cache.internal.DefaultFileLockManager] Lock acquired on daemon addresses registry.
2026-05-16T17:05:07.499+0600 [DEBUG] [org.gradle.cache.internal.DefaultFileLockManager] Releasing lock on daemon addresses registry.
2026-05-16T17:05:07.500+0600 [DEBUG] [org.gradle.cache.internal.DefaultFileLockManager] Waiting to acquire shared lock on daemon addresses registry.
2026-05-16T17:05:07.500+0600 [DEBUG] [org.gradle.cache.internal.DefaultFileLockManager] Lock acquired on daemon addresses registry.
2026-05-16T17:05:07.500+0600 [DEBUG] [org.gradle.cache.internal.DefaultFileLockManager] Releasing lock on daemon addresses registry.
2026-05-16T17:05:07.501+0600 [DEBUG] [org.gradle.cache.internal.DefaultFileLockManager] Waiting to acquire shared lock on daemon addresses registry.
2026-05-16T17:05:07.501+0600 [DEBUG] [org.gradle.cache.internal.DefaultFileLockManager] Lock acquired on daemon addresses registry.
2026-05-16T17:05:07.501+0600 [DEBUG] [org.gradle.cache.internal.DefaultFileLockManager] Releasing lock on daemon addresses registry.
2026-05-16T17:05:17.496+0600 [DEBUG] [org.gradle.cache.internal.DefaultFileLockManager] Waiting to acquire shared lock on daemon addresses registry.
2026-05-16T17:05:17.498+0600 [DEBUG] [org.gradle.cache.internal.DefaultFileLockManager] Lock acquired on daemon addresses registry.
2026-05-16T17:05:17.499+0600 [DEBUG] [org.gradle.cache.internal.DefaultFileLockManager] Releasing lock on daemon addresses registry.
2026-05-16T17:05:17.500+0600 [DEBUG] [org.gradle.cache.internal.DefaultFileLockManager] Waiting to acquire shared lock on daemon addresses registry.
2026-05-16T17:05:17.500+0600 [DEBUG] [org.gradle.cache.internal.DefaultFileLockManager] Lock acquired on daemon addresses registry.
2026-05-16T17:05:17.500+0600 [DEBUG] [org.gradle.cache.internal.DefaultFileLockManager] Releasing lock on daemon addresses registry.
2026-05-16T17:05:17.501+0600 [DEBUG] [org.gradle.cache.internal.DefaultFileLockManager] Waiting to acquire shared lock on daemon addresses registry.
2026-05-16T17:05:17.501+0600 [DEBUG] [org.gradle.cache.internal.DefaultFileLockManager] Lock acquired on daemon addresses registry.
2026-05-16T17:05:17.501+0600 [DEBUG] [org.gradle.cache.internal.DefaultFileLockManager] Releasing lock on daemon addresses registry.
2026-05-16T17:05:27.499+0600 [DEBUG] [org.gradle.cache.internal.DefaultFileLockManager] Waiting to acquire shared lock on daemon addresses registry.
2026-05-16T17:05:27.500+0600 [DEBUG] [org.gradle.cache.internal.DefaultFileLockManager] Lock acquired on daemon addresses registry.
2026-05-16T17:05:27.501+0600 [DEBUG] [org.gradle.cache.internal.DefaultFileLockManager] Releasing lock on daemon addresses registry.
2026-05-16T17:05:27.502+0600 [DEBUG] [org.gradle.cache.internal.DefaultFileLockManager] Waiting to acquire shared lock on daemon addresses registry.
2026-05-16T17:05:27.502+0600 [DEBUG] [org.gradle.cache.internal.DefaultFileLockManager] Lock acquired on daemon addresses registry.
2026-05-16T17:05:27.502+0600 [DEBUG] [org.gradle.cache.internal.DefaultFileLockManager] Releasing lock on daemon addresses registry.
2026-05-16T17:05:27.503+0600 [DEBUG] [org.gradle.cache.internal.DefaultFileLockManager] Waiting to acquire shared lock on daemon addresses registry.
2026-05-16T17:05:27.503+0600 [DEBUG] [org.gradle.cache.internal.DefaultFileLockManager] Lock acquired on daemon addresses registry.
2026-05-16T17:05:27.504+0600 [DEBUG] [org.gradle.cache.internal.DefaultFileLockManager] Releasing lock on daemon addresses registry.
2026-05-16T17:05:37.497+0600 [DEBUG] [org.gradle.cache.internal.DefaultFileLockManager] Waiting to acquire shared lock on daemon addresses registry.
2026-05-16T17:05:37.498+0600 [DEBUG] [org.gradle.cache.internal.DefaultFileLockManager] Lock acquired on daemon addresses registry.
2026-05-16T17:05:37.498+0600 [DEBUG] [org.gradle.cache.internal.DefaultFileLockManager] Releasing lock on daemon addresses registry.
2026-05-16T17:05:37.499+0600 [DEBUG] [org.gradle.cache.internal.DefaultFileLockManager] Waiting to acquire shared lock on daemon addresses registry.
2026-05-16T17:05:37.499+0600 [DEBUG] [org.gradle.cache.internal.DefaultFileLockManager] Lock acquired on daemon addresses registry.
2026-05-16T17:05:37.499+0600 [DEBUG] [org.gradle.cache.internal.DefaultFileLockManager] Releasing lock on daemon addresses registry.
2026-05-16T17:05:37.499+0600 [DEBUG] [org.gradle.cache.internal.DefaultFileLockManager] Waiting to acquire shared lock on daemon addresses registry.
2026-05-16T17:05:37.499+0600 [DEBUG] [org.gradle.cache.internal.DefaultFileLockManager] Lock acquired on daemon addresses registry.
2026-05-16T17:05:37.500+0600 [DEBUG] [org.gradle.cache.internal.DefaultFileLockManager] Releasing lock on daemon addresses registry.
2026-05-16T17:05:47.498+0600 [DEBUG] [org.gradle.cache.internal.DefaultFileLockManager] Waiting to acquire shared lock on daemon addresses registry.
2026-05-16T17:05:47.499+0600 [DEBUG] [org.gradle.cache.internal.DefaultFileLockManager] Lock acquired on daemon addresses registry.
2026-05-16T17:05:47.499+0600 [DEBUG] [org.gradle.cache.internal.DefaultFileLockManager] Releasing lock on daemon addresses registry.
2026-05-16T17:05:47.499+0600 [DEBUG] [org.gradle.cache.internal.DefaultFileLockManager] Waiting to acquire shared lock on daemon addresses registry.
2026-05-16T17:05:47.499+0600 [DEBUG] [org.gradle.cache.internal.DefaultFileLockManager] Lock acquired on daemon addresses registry.
2026-05-16T17:05:47.499+0600 [DEBUG] [org.gradle.cache.internal.DefaultFileLockManager] Releasing lock on daemon addresses registry.
2026-05-16T17:05:47.500+0600 [DEBUG] [org.gradle.cache.internal.DefaultFileLockManager] Waiting to acquire shared lock on daemon addresses registry.
2026-05-16T17:05:47.500+0600 [DEBUG] [org.gradle.cache.internal.DefaultFileLockManager] Lock acquired on daemon addresses registry.
2026-05-16T17:05:47.500+0600 [DEBUG] [org.gradle.cache.internal.DefaultFileLockManager] Releasing lock on daemon addresses registry.
2026-05-16T17:05:57.497+0600 [DEBUG] [org.gradle.cache.internal.DefaultFileLockManager] Waiting to acquire shared lock on daemon addresses registry.
2026-05-16T17:05:57.500+0600 [DEBUG] [org.gradle.cache.internal.DefaultFileLockManager] Lock acquired on daemon addresses registry.
2026-05-16T17:05:57.500+0600 [DEBUG] [org.gradle.cache.internal.DefaultFileLockManager] Releasing lock on daemon addresses registry.
2026-05-16T17:05:57.501+0600 [DEBUG] [org.gradle.cache.internal.DefaultFileLockManager] Waiting to acquire shared lock on daemon addresses registry.
2026-05-16T17:05:57.501+0600 [DEBUG] [org.gradle.cache.internal.DefaultFileLockManager] Lock acquired on daemon addresses registry.
2026-05-16T17:05:57.502+0600 [DEBUG] [org.gradle.cache.internal.DefaultFileLockManager] Releasing lock on daemon addresses registry.
2026-05-16T17:05:57.502+0600 [DEBUG] [org.gradle.cache.internal.DefaultFileLockManager] Waiting to acquire shared lock on daemon addresses registry.
2026-05-16T17:05:57.502+0600 [DEBUG] [org.gradle.cache.internal.DefaultFileLockManager] Lock acquired on daemon addresses registry.
2026-05-16T17:05:57.502+0600 [DEBUG] [org.gradle.cache.internal.DefaultFileLockManager] Releasing lock on daemon addresses registry.
2026-05-16T17:06:07.500+0600 [DEBUG] [org.gradle.cache.internal.DefaultFileLockManager] Waiting to acquire shared lock on daemon addresses registry.
2026-05-16T17:06:07.502+0600 [DEBUG] [org.gradle.cache.internal.DefaultFileLockManager] Lock acquired on daemon addresses registry.
2026-05-16T17:06:07.503+0600 [DEBUG] [org.gradle.cache.internal.DefaultFileLockManager] Releasing lock on daemon addresses registry.
2026-05-16T17:06:07.504+0600 [DEBUG] [org.gradle.cache.internal.DefaultFileLockManager] Waiting to acquire shared lock on daemon addresses registry.
2026-05-16T17:06:07.504+0600 [DEBUG] [org.gradle.cache.internal.DefaultFileLockManager] Lock acquired on daemon addresses registry.
2026-05-16T17:06:07.504+0600 [DEBUG] [org.gradle.cache.internal.DefaultFileLockManager] Releasing lock on daemon addresses registry.
2026-05-16T17:06:07.504+0600 [DEBUG] [org.gradle.cache.internal.DefaultFileLockManager] Waiting to acquire shared lock on daemon addresses registry.
2026-05-16T17:06:07.504+0600 [DEBUG] [org.gradle.cache.internal.DefaultFileLockManager] Lock acquired on daemon addresses registry.
2026-05-16T17:06:07.505+0600 [DEBUG] [org.gradle.cache.internal.DefaultFileLockManager] Releasing lock on daemon addresses registry.
2026-05-16T17:06:17.498+0600 [DEBUG] [org.gradle.cache.internal.DefaultFileLockManager] Waiting to acquire shared lock on daemon addresses registry.
2026-05-16T17:06:17.499+0600 [DEBUG] [org.gradle.cache.internal.DefaultFileLockManager] Lock acquired on daemon addresses registry.
2026-05-16T17:06:17.500+0600 [DEBUG] [org.gradle.cache.internal.DefaultFileLockManager] Releasing lock on daemon addresses registry.
2026-05-16T17:06:17.500+0600 [DEBUG] [org.gradle.cache.internal.DefaultFileLockManager] Waiting to acquire shared lock on daemon addresses registry.
2026-05-16T17:06:17.500+0600 [DEBUG] [org.gradle.cache.internal.DefaultFileLockManager] Lock acquired on daemon addresses registry.
2026-05-16T17:06:17.500+0600 [DEBUG] [org.gradle.cache.internal.DefaultFileLockManager] Releasing lock on daemon addresses registry.
2026-05-16T17:06:17.501+0600 [DEBUG] [org.gradle.cache.internal.DefaultFileLockManager] Waiting to acquire shared lock on daemon addresses registry.
2026-05-16T17:06:17.501+0600 [DEBUG] [org.gradle.cache.internal.DefaultFileLockManager] Lock acquired on daemon addresses registry.
2026-05-16T17:06:17.501+0600 [DEBUG] [org.gradle.cache.internal.DefaultFileLockManager] Releasing lock on daemon addresses registry.
2026-05-16T17:06:27.498+0600 [DEBUG] [org.gradle.cache.internal.DefaultFileLockManager] Waiting to acquire shared lock on daemon addresses registry.
2026-05-16T17:06:27.499+0600 [DEBUG] [org.gradle.cache.internal.DefaultFileLockManager] Lock acquired on daemon addresses registry.
2026-05-16T17:06:27.499+0600 [DEBUG] [org.gradle.cache.internal.DefaultFileLockManager] Releasing lock on daemon addresses registry.
2026-05-16T17:06:27.500+0600 [DEBUG] [org.gradle.cache.internal.DefaultFileLockManager] Waiting to acquire shared lock on daemon addresses registry.
2026-05-16T17:06:27.500+0600 [DEBUG] [org.gradle.cache.internal.DefaultFileLockManager] Lock acquired on daemon addresses registry.
2026-05-16T17:06:27.500+0600 [DEBUG] [org.gradle.cache.internal.DefaultFileLockManager] Releasing lock on daemon addresses registry.
2026-05-16T17:06:27.501+0600 [DEBUG] [org.gradle.cache.internal.DefaultFileLockManager] Waiting to acquire shared lock on daemon addresses registry.
2026-05-16T17:06:27.501+0600 [DEBUG] [org.gradle.cache.internal.DefaultFileLockManager] Lock acquired on daemon addresses registry.
2026-05-16T17:06:27.501+0600 [DEBUG] [org.gradle.cache.internal.DefaultFileLockManager] Releasing lock on daemon addresses registry.
2026-05-16T17:06:37.497+0600 [DEBUG] [org.gradle.cache.internal.DefaultFileLockManager] Waiting to acquire shared lock on daemon addresses registry.
2026-05-16T17:06:37.498+0600 [DEBUG] [org.gradle.cache.internal.DefaultFileLockManager] Lock acquired on daemon addresses registry.
2026-05-16T17:06:37.498+0600 [DEBUG] [org.gradle.cache.internal.DefaultFileLockManager] Releasing lock on daemon addresses registry.
2026-05-16T17:06:37.499+0600 [DEBUG] [org.gradle.cache.internal.DefaultFileLockManager] Waiting to acquire shared lock on daemon addresses registry.
2026-05-16T17:06:37.499+0600 [DEBUG] [org.gradle.cache.internal.DefaultFileLockManager] Lock acquired on daemon addresses registry.
2026-05-16T17:06:37.499+0600 [DEBUG] [org.gradle.cache.internal.DefaultFileLockManager] Releasing lock on daemon addresses registry.
2026-05-16T17:06:37.499+0600 [DEBUG] [org.gradle.cache.internal.DefaultFileLockManager] Waiting to acquire shared lock on daemon addresses registry.
2026-05-16T17:06:37.499+0600 [DEBUG] [org.gradle.cache.internal.DefaultFileLockManager] Lock acquired on daemon addresses registry.
2026-05-16T17:06:37.500+0600 [DEBUG] [org.gradle.cache.internal.DefaultFileLockManager] Releasing lock on daemon addresses registry.
2026-05-16T17:06:47.502+0600 [DEBUG] [org.gradle.cache.internal.DefaultFileLockManager] Waiting to acquire shared lock on daemon addresses registry.
2026-05-16T17:06:47.507+0600 [DEBUG] [org.gradle.cache.internal.DefaultFileLockManager] Lock acquired on daemon addresses registry.
2026-05-16T17:06:47.509+0600 [DEBUG] [org.gradle.cache.internal.DefaultFileLockManager] Releasing lock on daemon addresses registry.
2026-05-16T17:06:47.510+0600 [DEBUG] [org.gradle.cache.internal.DefaultFileLockManager] Waiting to acquire shared lock on daemon addresses registry.
2026-05-16T17:06:47.511+0600 [DEBUG] [org.gradle.cache.internal.DefaultFileLockManager] Lock acquired on daemon addresses registry.
2026-05-16T17:06:47.511+0600 [DEBUG] [org.gradle.cache.internal.DefaultFileLockManager] Releasing lock on daemon addresses registry.
2026-05-16T17:06:47.512+0600 [DEBUG] [org.gradle.cache.internal.DefaultFileLockManager] Waiting to acquire shared lock on daemon addresses registry.
2026-05-16T17:06:47.512+0600 [DEBUG] [org.gradle.cache.internal.DefaultFileLockManager] Lock acquired on daemon addresses registry.
2026-05-16T17:06:47.512+0600 [DEBUG] [org.gradle.cache.internal.DefaultFileLockManager] Releasing lock on daemon addresses registry.
2026-05-16T17:06:57.496+0600 [DEBUG] [org.gradle.cache.internal.DefaultFileLockManager] Waiting to acquire shared lock on daemon addresses registry.
2026-05-16T17:06:57.497+0600 [DEBUG] [org.gradle.cache.internal.DefaultFileLockManager] Lock acquired on daemon addresses registry.
2026-05-16T17:06:57.497+0600 [DEBUG] [org.gradle.cache.internal.DefaultFileLockManager] Releasing lock on daemon addresses registry.
2026-05-16T17:06:57.498+0600 [DEBUG] [org.gradle.cache.internal.DefaultFileLockManager] Waiting to acquire shared lock on daemon addresses registry.
2026-05-16T17:06:57.498+0600 [DEBUG] [org.gradle.cache.internal.DefaultFileLockManager] Lock acquired on daemon addresses registry.
2026-05-16T17:06:57.499+0600 [DEBUG] [org.gradle.cache.internal.DefaultFileLockManager] Releasing lock on daemon addresses registry.
2026-05-16T17:06:57.499+0600 [DEBUG] [org.gradle.cache.internal.DefaultFileLockManager] Waiting to acquire shared lock on daemon addresses registry.
2026-05-16T17:06:57.499+0600 [DEBUG] [org.gradle.cache.internal.DefaultFileLockManager] Lock acquired on daemon addresses registry.
2026-05-16T17:06:57.499+0600 [DEBUG] [org.gradle.cache.internal.DefaultFileLockManager] Releasing lock on daemon addresses registry.
2026-05-16T17:07:07.498+0600 [DEBUG] [org.gradle.cache.internal.DefaultFileLockManager] Waiting to acquire shared lock on daemon addresses registry.
2026-05-16T17:07:07.500+0600 [DEBUG] [org.gradle.cache.internal.DefaultFileLockManager] Lock acquired on daemon addresses registry.
2026-05-16T17:07:07.501+0600 [DEBUG] [org.gradle.cache.internal.DefaultFileLockManager] Releasing lock on daemon addresses registry.
2026-05-16T17:07:07.501+0600 [DEBUG] [org.gradle.cache.internal.DefaultFileLockManager] Waiting to acquire shared lock on daemon addresses registry.
2026-05-16T17:07:07.502+0600 [DEBUG] [org.gradle.cache.internal.DefaultFileLockManager] Lock acquired on daemon addresses registry.
2026-05-16T17:07:07.502+0600 [DEBUG] [org.gradle.cache.internal.DefaultFileLockManager] Releasing lock on daemon addresses registry.
2026-05-16T17:07:07.503+0600 [DEBUG] [org.gradle.cache.internal.DefaultFileLockManager] Waiting to acquire shared lock on daemon addresses registry.
2026-05-16T17:07:07.503+0600 [DEBUG] [org.gradle.cache.internal.DefaultFileLockManager] Lock acquired on daemon addresses registry.
2026-05-16T17:07:07.503+0600 [DEBUG] [org.gradle.cache.internal.DefaultFileLockManager] Releasing lock on daemon addresses registry.
2026-05-16T17:07:17.497+0600 [DEBUG] [org.gradle.cache.internal.DefaultFileLockManager] Waiting to acquire shared lock on daemon addresses registry.
2026-05-16T17:07:17.498+0600 [DEBUG] [org.gradle.cache.internal.DefaultFileLockManager] Lock acquired on daemon addresses registry.
2026-05-16T17:07:17.500+0600 [DEBUG] [org.gradle.cache.internal.DefaultFileLockManager] Releasing lock on daemon addresses registry.
2026-05-16T17:07:17.501+0600 [DEBUG] [org.gradle.cache.internal.DefaultFileLockManager] Waiting to acquire shared lock on daemon addresses registry.
2026-05-16T17:07:17.501+0600 [DEBUG] [org.gradle.cache.internal.DefaultFileLockManager] Lock acquired on daemon addresses registry.
2026-05-16T17:07:17.502+0600 [DEBUG] [org.gradle.cache.internal.DefaultFileLockManager] Releasing lock on daemon addresses registry.
2026-05-16T17:07:17.502+0600 [DEBUG] [org.gradle.cache.internal.DefaultFileLockManager] Waiting to acquire shared lock on daemon addresses registry.
2026-05-16T17:07:17.502+0600 [DEBUG] [org.gradle.cache.internal.DefaultFileLockManager] Lock acquired on daemon addresses registry.
2026-05-16T17:07:17.502+0600 [DEBUG] [org.gradle.cache.internal.DefaultFileLockManager] Releasing lock on daemon addresses registry.
2026-05-16T17:07:20.002+0600 [DEBUG] [sun.rmi.transport.tcp] RMI TCP Connection(7)-127.0.0.1: accepted socket from [127.0.0.1:63834]
2026-05-16T17:07:20.004+0600 [DEBUG] [sun.rmi.transport.tcp] RMI TCP Connection(7)-127.0.0.1: (port 61979) op = 80
2026-05-16T17:07:20.007+0600 [DEBUG] [sun.rmi.loader] RMI TCP Connection(7)-127.0.0.1: name = "[Ljava.rmi.server.ObjID;", codebase = "", defaultLoader = jdk.internal.loader.ClassLoaders$PlatformClassLoader@6cecc8a4
2026-05-16T17:07:20.007+0600 [DEBUG] [sun.rmi.loader] RMI TCP Connection(7)-127.0.0.1: name = "java.rmi.dgc.Lease", codebase = "", defaultLoader = jdk.internal.loader.ClassLoaders$PlatformClassLoader@6cecc8a4
2026-05-16T17:07:20.008+0600 [DEBUG] [sun.rmi.loader] RMI TCP Connection(7)-127.0.0.1: name = "java.rmi.dgc.VMID", codebase = "", defaultLoader = jdk.internal.loader.ClassLoaders$PlatformClassLoader@6cecc8a4
2026-05-16T17:07:20.008+0600 [DEBUG] [sun.rmi.loader] RMI TCP Connection(7)-127.0.0.1: name = "[B", codebase = "", defaultLoader = jdk.internal.loader.ClassLoaders$PlatformClassLoader@6cecc8a4
2026-05-16T17:07:20.008+0600 [DEBUG] [sun.rmi.loader] RMI TCP Connection(7)-127.0.0.1: name = "java.rmi.server.UID", codebase = "", defaultLoader = jdk.internal.loader.ClassLoaders$PlatformClassLoader@6cecc8a4
2026-05-16T17:07:27.495+0600 [DEBUG] [org.gradle.cache.internal.DefaultFileLockManager] Waiting to acquire shared lock on daemon addresses registry.
2026-05-16T17:07:27.496+0600 [DEBUG] [org.gradle.cache.internal.DefaultFileLockManager] Lock acquired on daemon addresses registry.
2026-05-16T17:07:27.496+0600 [DEBUG] [org.gradle.cache.internal.DefaultFileLockManager] Releasing lock on daemon addresses registry.
2026-05-16T17:07:27.498+0600 [DEBUG] [org.gradle.cache.internal.DefaultFileLockManager] Waiting to acquire shared lock on daemon addresses registry.
2026-05-16T17:07:27.499+0600 [DEBUG] [org.gradle.cache.internal.DefaultFileLockManager] Lock acquired on daemon addresses registry.
2026-05-16T17:07:27.499+0600 [DEBUG] [org.gradle.cache.internal.DefaultFileLockManager] Releasing lock on daemon addresses registry.
2026-05-16T17:07:27.499+0600 [DEBUG] [org.gradle.cache.internal.DefaultFileLockManager] Waiting to acquire shared lock on daemon addresses registry.
2026-05-16T17:07:27.500+0600 [DEBUG] [org.gradle.cache.internal.DefaultFileLockManager] Lock acquired on daemon addresses registry.
2026-05-16T17:07:27.500+0600 [DEBUG] [org.gradle.cache.internal.DefaultFileLockManager] Releasing lock on daemon addresses registry.
2026-05-16T17:07:35.018+0600 [DEBUG] [sun.rmi.transport.tcp] RMI TCP Connection(7)-127.0.0.1: (port 61979) connection closed
2026-05-16T17:07:35.022+0600 [DEBUG] [sun.rmi.transport.tcp] RMI TCP Connection(7)-127.0.0.1: close connection, socket: Socket[addr=/127.0.0.1,port=63834,localport=61979]
2026-05-16T17:07:35.023+0600 [DEBUG] [sun.rmi.transport.tcp] RMI TCP Connection(7)-127.0.0.1: socket close: Socket[addr=/127.0.0.1,port=63834,localport=61979]
2026-05-16T17:07:37.498+0600 [DEBUG] [org.gradle.cache.internal.DefaultFileLockManager] Waiting to acquire shared lock on daemon addresses registry.
2026-05-16T17:07:37.500+0600 [DEBUG] [org.gradle.cache.internal.DefaultFileLockManager] Lock acquired on daemon addresses registry.
2026-05-16T17:07:37.501+0600 [DEBUG] [org.gradle.cache.internal.DefaultFileLockManager] Releasing lock on daemon addresses registry.
2026-05-16T17:07:37.504+0600 [DEBUG] [org.gradle.cache.internal.DefaultFileLockManager] Waiting to acquire shared lock on daemon addresses registry.
2026-05-16T17:07:37.504+0600 [DEBUG] [org.gradle.cache.internal.DefaultFileLockManager] Lock acquired on daemon addresses registry.
2026-05-16T17:07:37.504+0600 [DEBUG] [org.gradle.cache.internal.DefaultFileLockManager] Releasing lock on daemon addresses registry.
2026-05-16T17:07:37.505+0600 [DEBUG] [org.gradle.cache.internal.DefaultFileLockManager] Waiting to acquire shared lock on daemon addresses registry.
2026-05-16T17:07:37.505+0600 [DEBUG] [org.gradle.cache.internal.DefaultFileLockManager] Lock acquired on daemon addresses registry.
2026-05-16T17:07:37.506+0600 [DEBUG] [org.gradle.cache.internal.DefaultFileLockManager] Releasing lock on daemon addresses registry.
2026-05-16T17:07:47.494+0600 [DEBUG] [org.gradle.cache.internal.DefaultFileLockManager] Waiting to acquire shared lock on daemon addresses registry.
2026-05-16T17:07:47.497+0600 [DEBUG] [org.gradle.cache.internal.DefaultFileLockManager] Lock acquired on daemon addresses registry.
2026-05-16T17:07:47.497+0600 [DEBUG] [org.gradle.cache.internal.DefaultFileLockManager] Releasing lock on daemon addresses registry.
2026-05-16T17:07:47.498+0600 [DEBUG] [org.gradle.cache.internal.DefaultFileLockManager] Waiting to acquire shared lock on daemon addresses registry.
2026-05-16T17:07:47.499+0600 [DEBUG] [org.gradle.cache.internal.DefaultFileLockManager] Lock acquired on daemon addresses registry.
2026-05-16T17:07:47.499+0600 [DEBUG] [org.gradle.cache.internal.DefaultFileLockManager] Releasing lock on daemon addresses registry.
2026-05-16T17:07:47.499+0600 [DEBUG] [org.gradle.cache.internal.DefaultFileLockManager] Waiting to acquire shared lock on daemon addresses registry.
2026-05-16T17:07:47.499+0600 [DEBUG] [org.gradle.cache.internal.DefaultFileLockManager] Lock acquired on daemon addresses registry.
2026-05-16T17:07:47.499+0600 [DEBUG] [org.gradle.cache.internal.DefaultFileLockManager] Releasing lock on daemon addresses registry.
2026-05-16T17:07:57.501+0600 [DEBUG] [org.gradle.cache.internal.DefaultFileLockManager] Waiting to acquire shared lock on daemon addresses registry.
2026-05-16T17:07:57.504+0600 [DEBUG] [org.gradle.cache.internal.DefaultFileLockManager] Lock acquired on daemon addresses registry.
2026-05-16T17:07:57.506+0600 [DEBUG] [org.gradle.cache.internal.DefaultFileLockManager] Releasing lock on daemon addresses registry.
2026-05-16T17:07:57.508+0600 [DEBUG] [org.gradle.cache.internal.DefaultFileLockManager] Waiting to acquire shared lock on daemon addresses registry.
2026-05-16T17:07:57.508+0600 [DEBUG] [org.gradle.cache.internal.DefaultFileLockManager] Lock acquired on daemon addresses registry.
2026-05-16T17:07:57.509+0600 [DEBUG] [org.gradle.cache.internal.DefaultFileLockManager] Releasing lock on daemon addresses registry.
2026-05-16T17:07:57.509+0600 [DEBUG] [org.gradle.cache.internal.DefaultFileLockManager] Waiting to acquire shared lock on daemon addresses registry.
2026-05-16T17:07:57.509+0600 [DEBUG] [org.gradle.cache.internal.DefaultFileLockManager] Lock acquired on daemon addresses registry.
2026-05-16T17:07:57.509+0600 [DEBUG] [org.gradle.cache.internal.DefaultFileLockManager] Releasing lock on daemon addresses registry.
2026-05-16T17:08:07.497+0600 [DEBUG] [org.gradle.cache.internal.DefaultFileLockManager] Waiting to acquire shared lock on daemon addresses registry.
2026-05-16T17:08:07.498+0600 [DEBUG] [org.gradle.cache.internal.DefaultFileLockManager] Lock acquired on daemon addresses registry.
2026-05-16T17:08:07.499+0600 [DEBUG] [org.gradle.cache.internal.DefaultFileLockManager] Releasing lock on daemon addresses registry.
2026-05-16T17:08:07.500+0600 [DEBUG] [org.gradle.cache.internal.DefaultFileLockManager] Waiting to acquire shared lock on daemon addresses registry.
2026-05-16T17:08:07.500+0600 [DEBUG] [org.gradle.cache.internal.DefaultFileLockManager] Lock acquired on daemon addresses registry.
2026-05-16T17:08:07.501+0600 [DEBUG] [org.gradle.cache.internal.DefaultFileLockManager] Releasing lock on daemon addresses registry.
2026-05-16T17:08:07.501+0600 [DEBUG] [org.gradle.cache.internal.DefaultFileLockManager] Waiting to acquire shared lock on daemon addresses registry.
2026-05-16T17:08:07.501+0600 [DEBUG] [org.gradle.cache.internal.DefaultFileLockManager] Lock acquired on daemon addresses registry.
2026-05-16T17:08:07.502+0600 [DEBUG] [org.gradle.cache.internal.DefaultFileLockManager] Releasing lock on daemon addresses registry.
2026-05-16T17:08:17.498+0600 [DEBUG] [org.gradle.cache.internal.DefaultFileLockManager] Waiting to acquire shared lock on daemon addresses registry.
2026-05-16T17:08:17.499+0600 [DEBUG] [org.gradle.cache.internal.DefaultFileLockManager] Lock acquired on daemon addresses registry.
2026-05-16T17:08:17.500+0600 [DEBUG] [org.gradle.cache.internal.DefaultFileLockManager] Releasing lock on daemon addresses registry.
2026-05-16T17:08:17.502+0600 [DEBUG] [org.gradle.cache.internal.DefaultFileLockManager] Waiting to acquire shared lock on daemon addresses registry.
2026-05-16T17:08:17.502+0600 [DEBUG] [org.gradle.cache.internal.DefaultFileLockManager] Lock acquired on daemon addresses registry.
2026-05-16T17:08:17.502+0600 [DEBUG] [org.gradle.cache.internal.DefaultFileLockManager] Releasing lock on daemon addresses registry.
2026-05-16T17:08:17.503+0600 [DEBUG] [org.gradle.cache.internal.DefaultFileLockManager] Waiting to acquire shared lock on daemon addresses registry.
2026-05-16T17:08:17.503+0600 [DEBUG] [org.gradle.cache.internal.DefaultFileLockManager] Lock acquired on daemon addresses registry.
2026-05-16T17:08:17.503+0600 [DEBUG] [org.gradle.cache.internal.DefaultFileLockManager] Releasing lock on daemon addresses registry.
2026-05-16T17:08:27.498+0600 [DEBUG] [org.gradle.cache.internal.DefaultFileLockManager] Waiting to acquire shared lock on daemon addresses registry.
2026-05-16T17:08:27.501+0600 [DEBUG] [org.gradle.cache.internal.DefaultFileLockManager] Lock acquired on daemon addresses registry.
2026-05-16T17:08:27.501+0600 [DEBUG] [org.gradle.cache.internal.DefaultFileLockManager] Releasing lock on daemon addresses registry.
2026-05-16T17:08:27.502+0600 [DEBUG] [org.gradle.cache.internal.DefaultFileLockManager] Waiting to acquire shared lock on daemon addresses registry.
2026-05-16T17:08:27.503+0600 [DEBUG] [org.gradle.cache.internal.DefaultFileLockManager] Lock acquired on daemon addresses registry.
2026-05-16T17:08:27.503+0600 [DEBUG] [org.gradle.cache.internal.DefaultFileLockManager] Releasing lock on daemon addresses registry.
2026-05-16T17:08:27.503+0600 [DEBUG] [org.gradle.cache.internal.DefaultFileLockManager] Waiting to acquire shared lock on daemon addresses registry.
2026-05-16T17:08:27.504+0600 [DEBUG] [org.gradle.cache.internal.DefaultFileLockManager] Lock acquired on daemon addresses registry.
2026-05-16T17:08:27.504+0600 [DEBUG] [org.gradle.cache.internal.DefaultFileLockManager] Releasing lock on daemon addresses registry.
2026-05-16T17:08:37.498+0600 [DEBUG] [org.gradle.cache.internal.DefaultFileLockManager] Waiting to acquire shared lock on daemon addresses registry.
2026-05-16T17:08:37.499+0600 [DEBUG] [org.gradle.cache.internal.DefaultFileLockManager] Lock acquired on daemon addresses registry.
2026-05-16T17:08:37.500+0600 [DEBUG] [org.gradle.cache.internal.DefaultFileLockManager] Releasing lock on daemon addresses registry.
2026-05-16T17:08:37.501+0600 [DEBUG] [org.gradle.cache.internal.DefaultFileLockManager] Waiting to acquire shared lock on daemon addresses registry.
2026-05-16T17:08:37.501+0600 [DEBUG] [org.gradle.cache.internal.DefaultFileLockManager] Lock acquired on daemon addresses registry.
2026-05-16T17:08:37.501+0600 [DEBUG] [org.gradle.cache.internal.DefaultFileLockManager] Releasing lock on daemon addresses registry.
2026-05-16T17:08:37.502+0600 [DEBUG] [org.gradle.cache.internal.DefaultFileLockManager] Waiting to acquire shared lock on daemon addresses registry.
2026-05-16T17:08:37.502+0600 [DEBUG] [org.gradle.cache.internal.DefaultFileLockManager] Lock acquired on daemon addresses registry.
2026-05-16T17:08:37.502+0600 [DEBUG] [org.gradle.cache.internal.DefaultFileLockManager] Releasing lock on daemon addresses registry.
2026-05-16T17:08:47.499+0600 [DEBUG] [org.gradle.cache.internal.DefaultFileLockManager] Waiting to acquire shared lock on daemon addresses registry.
2026-05-16T17:08:47.501+0600 [DEBUG] [org.gradle.cache.internal.DefaultFileLockManager] Lock acquired on daemon addresses registry.
2026-05-16T17:08:47.501+0600 [DEBUG] [org.gradle.cache.internal.DefaultFileLockManager] Releasing lock on daemon addresses registry.
2026-05-16T17:08:47.503+0600 [DEBUG] [org.gradle.cache.internal.DefaultFileLockManager] Waiting to acquire shared lock on daemon addresses registry.
2026-05-16T17:08:47.503+0600 [DEBUG] [org.gradle.cache.internal.DefaultFileLockManager] Lock acquired on daemon addresses registry.
2026-05-16T17:08:47.504+0600 [DEBUG] [org.gradle.cache.internal.DefaultFileLockManager] Releasing lock on daemon addresses registry.
2026-05-16T17:08:47.504+0600 [DEBUG] [org.gradle.cache.internal.DefaultFileLockManager] Waiting to acquire shared lock on daemon addresses registry.
2026-05-16T17:08:47.504+0600 [DEBUG] [org.gradle.cache.internal.DefaultFileLockManager] Lock acquired on daemon addresses registry.
2026-05-16T17:08:47.505+0600 [DEBUG] [org.gradle.cache.internal.DefaultFileLockManager] Releasing lock on daemon addresses registry.
2026-05-16T17:08:57.515+0600 [DEBUG] [org.gradle.cache.internal.DefaultFileLockManager] Waiting to acquire shared lock on daemon addresses registry.
2026-05-16T17:08:57.578+0600 [DEBUG] [org.gradle.cache.internal.DefaultFileLockManager] Lock acquired on daemon addresses registry.
2026-05-16T17:08:57.580+0600 [DEBUG] [org.gradle.cache.internal.DefaultFileLockManager] Releasing lock on daemon addresses registry.
2026-05-16T17:08:57.582+0600 [DEBUG] [org.gradle.cache.internal.DefaultFileLockManager] Waiting to acquire shared lock on daemon addresses registry.
2026-05-16T17:08:57.583+0600 [DEBUG] [org.gradle.cache.internal.DefaultFileLockManager] Lock acquired on daemon addresses registry.
2026-05-16T17:08:57.584+0600 [DEBUG] [org.gradle.cache.internal.DefaultFileLockManager] Releasing lock on daemon addresses registry.
2026-05-16T17:08:57.584+0600 [DEBUG] [org.gradle.cache.internal.DefaultFileLockManager] Waiting to acquire shared lock on daemon addresses registry.
2026-05-16T17:08:57.584+0600 [DEBUG] [org.gradle.cache.internal.DefaultFileLockManager] Lock acquired on daemon addresses registry.
2026-05-16T17:08:57.584+0600 [DEBUG] [org.gradle.cache.internal.DefaultFileLockManager] Releasing lock on daemon addresses registry.
2026-05-16T17:09:07.497+0600 [DEBUG] [org.gradle.cache.internal.DefaultFileLockManager] Waiting to acquire shared lock on daemon addresses registry.
2026-05-16T17:09:07.500+0600 [DEBUG] [org.gradle.cache.internal.DefaultFileLockManager] Lock acquired on daemon addresses registry.
2026-05-16T17:09:07.501+0600 [DEBUG] [org.gradle.cache.internal.DefaultFileLockManager] Releasing lock on daemon addresses registry.
2026-05-16T17:09:07.502+0600 [DEBUG] [org.gradle.cache.internal.DefaultFileLockManager] Waiting to acquire shared lock on daemon addresses registry.
2026-05-16T17:09:07.502+0600 [DEBUG] [org.gradle.cache.internal.DefaultFileLockManager] Lock acquired on daemon addresses registry.
2026-05-16T17:09:07.503+0600 [DEBUG] [org.gradle.cache.internal.DefaultFileLockManager] Releasing lock on daemon addresses registry.
2026-05-16T17:09:07.503+0600 [DEBUG] [org.gradle.cache.internal.DefaultFileLockManager] Waiting to acquire shared lock on daemon addresses registry.
2026-05-16T17:09:07.504+0600 [DEBUG] [org.gradle.cache.internal.DefaultFileLockManager] Lock acquired on daemon addresses registry.
2026-05-16T17:09:07.504+0600 [DEBUG] [org.gradle.cache.internal.DefaultFileLockManager] Releasing lock on daemon addresses registry.
2026-05-16T17:09:17.506+0600 [DEBUG] [org.gradle.cache.internal.DefaultFileLockManager] Waiting to acquire shared lock on daemon addresses registry.
2026-05-16T17:09:17.510+0600 [DEBUG] [org.gradle.cache.internal.DefaultFileLockManager] Lock acquired on daemon addresses registry.
2026-05-16T17:09:17.512+0600 [DEBUG] [org.gradle.cache.internal.DefaultFileLockManager] Releasing lock on daemon addresses registry.
2026-05-16T17:09:17.513+0600 [DEBUG] [org.gradle.cache.internal.DefaultFileLockManager] Waiting to acquire shared lock on daemon addresses registry.
2026-05-16T17:09:17.513+0600 [DEBUG] [org.gradle.cache.internal.DefaultFileLockManager] Lock acquired on daemon addresses registry.
2026-05-16T17:09:17.513+0600 [DEBUG] [org.gradle.cache.internal.DefaultFileLockManager] Releasing lock on daemon addresses registry.
2026-05-16T17:09:17.514+0600 [DEBUG] [org.gradle.cache.internal.DefaultFileLockManager] Waiting to acquire shared lock on daemon addresses registry.
2026-05-16T17:09:17.514+0600 [DEBUG] [org.gradle.cache.internal.DefaultFileLockManager] Lock acquired on daemon addresses registry.
2026-05-16T17:09:17.514+0600 [DEBUG] [org.gradle.cache.internal.DefaultFileLockManager] Releasing lock on daemon addresses registry.
2026-05-16T17:09:27.501+0600 [DEBUG] [org.gradle.cache.internal.DefaultFileLockManager] Waiting to acquire shared lock on daemon addresses registry.
2026-05-16T17:09:27.506+0600 [DEBUG] [org.gradle.cache.internal.DefaultFileLockManager] Lock acquired on daemon addresses registry.
2026-05-16T17:09:27.507+0600 [DEBUG] [org.gradle.cache.internal.DefaultFileLockManager] Releasing lock on daemon addresses registry.
2026-05-16T17:09:27.509+0600 [DEBUG] [org.gradle.cache.internal.DefaultFileLockManager] Waiting to acquire shared lock on daemon addresses registry.
2026-05-16T17:09:27.509+0600 [DEBUG] [org.gradle.cache.internal.DefaultFileLockManager] Lock acquired on daemon addresses registry.
2026-05-16T17:09:27.510+0600 [DEBUG] [org.gradle.cache.internal.DefaultFileLockManager] Releasing lock on daemon addresses registry.
2026-05-16T17:09:27.511+0600 [DEBUG] [org.gradle.cache.internal.DefaultFileLockManager] Waiting to acquire shared lock on daemon addresses registry.
2026-05-16T17:09:27.511+0600 [DEBUG] [org.gradle.cache.internal.DefaultFileLockManager] Lock acquired on daemon addresses registry.
2026-05-16T17:09:27.511+0600 [DEBUG] [org.gradle.cache.internal.DefaultFileLockManager] Releasing lock on daemon addresses registry.
2026-05-16T17:09:37.500+0600 [DEBUG] [org.gradle.cache.internal.DefaultFileLockManager] Waiting to acquire shared lock on daemon addresses registry.
2026-05-16T17:09:37.504+0600 [DEBUG] [org.gradle.cache.internal.DefaultFileLockManager] Lock acquired on daemon addresses registry.
2026-05-16T17:09:37.506+0600 [DEBUG] [org.gradle.cache.internal.DefaultFileLockManager] Releasing lock on daemon addresses registry.
2026-05-16T17:09:37.507+0600 [DEBUG] [org.gradle.cache.internal.DefaultFileLockManager] Waiting to acquire shared lock on daemon addresses registry.
2026-05-16T17:09:37.507+0600 [DEBUG] [org.gradle.cache.internal.DefaultFileLockManager] Lock acquired on daemon addresses registry.
2026-05-16T17:09:37.508+0600 [DEBUG] [org.gradle.cache.internal.DefaultFileLockManager] Releasing lock on daemon addresses registry.
2026-05-16T17:09:37.508+0600 [DEBUG] [org.gradle.cache.internal.DefaultFileLockManager] Waiting to acquire shared lock on daemon addresses registry.
2026-05-16T17:09:37.508+0600 [DEBUG] [org.gradle.cache.internal.DefaultFileLockManager] Lock acquired on daemon addresses registry.
2026-05-16T17:09:37.508+0600 [DEBUG] [org.gradle.cache.internal.DefaultFileLockManager] Releasing lock on daemon addresses registry.
2026-05-16T17:09:47.497+0600 [DEBUG] [org.gradle.cache.internal.DefaultFileLockManager] Waiting to acquire shared lock on daemon addresses registry.
2026-05-16T17:09:47.498+0600 [DEBUG] [org.gradle.cache.internal.DefaultFileLockManager] Lock acquired on daemon addresses registry.
2026-05-16T17:09:47.499+0600 [DEBUG] [org.gradle.cache.internal.DefaultFileLockManager] Releasing lock on daemon addresses registry.
2026-05-16T17:09:47.500+0600 [DEBUG] [org.gradle.cache.internal.DefaultFileLockManager] Waiting to acquire shared lock on daemon addresses registry.
2026-05-16T17:09:47.500+0600 [DEBUG] [org.gradle.cache.internal.DefaultFileLockManager] Lock acquired on daemon addresses registry.
2026-05-16T17:09:47.500+0600 [DEBUG] [org.gradle.cache.internal.DefaultFileLockManager] Releasing lock on daemon addresses registry.
2026-05-16T17:09:47.501+0600 [DEBUG] [org.gradle.cache.internal.DefaultFileLockManager] Waiting to acquire shared lock on daemon addresses registry.
2026-05-16T17:09:47.501+0600 [DEBUG] [org.gradle.cache.internal.DefaultFileLockManager] Lock acquired on daemon addresses registry.
2026-05-16T17:09:47.501+0600 [DEBUG] [org.gradle.cache.internal.DefaultFileLockManager] Releasing lock on daemon addresses registry.
2026-05-16T17:09:57.501+0600 [DEBUG] [org.gradle.cache.internal.DefaultFileLockManager] Waiting to acquire shared lock on daemon addresses registry.
2026-05-16T17:09:57.507+0600 [DEBUG] [org.gradle.cache.internal.DefaultFileLockManager] Lock acquired on daemon addresses registry.
2026-05-16T17:09:57.510+0600 [DEBUG] [org.gradle.cache.internal.DefaultFileLockManager] Releasing lock on daemon addresses registry.
2026-05-16T17:09:57.513+0600 [DEBUG] [org.gradle.cache.internal.DefaultFileLockManager] Waiting to acquire shared lock on daemon addresses registry.
2026-05-16T17:09:57.514+0600 [DEBUG] [org.gradle.cache.internal.DefaultFileLockManager] Lock acquired on daemon addresses registry.
2026-05-16T17:09:57.514+0600 [DEBUG] [org.gradle.cache.internal.DefaultFileLockManager] Releasing lock on daemon addresses registry.
2026-05-16T17:09:57.516+0600 [DEBUG] [org.gradle.cache.internal.DefaultFileLockManager] Waiting to acquire shared lock on daemon addresses registry.
2026-05-16T17:09:57.517+0600 [DEBUG] [org.gradle.cache.internal.DefaultFileLockManager] Lock acquired on daemon addresses registry.
2026-05-16T17:09:57.517+0600 [DEBUG] [org.gradle.cache.internal.DefaultFileLockManager] Releasing lock on daemon addresses registry.
2026-05-16T17:10:07.498+0600 [DEBUG] [org.gradle.cache.internal.DefaultFileLockManager] Waiting to acquire shared lock on daemon addresses registry.
2026-05-16T17:10:07.519+0600 [DEBUG] [org.gradle.cache.internal.DefaultFileLockManager] Lock acquired on daemon addresses registry.
2026-05-16T17:10:07.538+0600 [DEBUG] [org.gradle.cache.internal.DefaultFileLockManager] Releasing lock on daemon addresses registry.
2026-05-16T17:10:07.551+0600 [DEBUG] [org.gradle.cache.internal.DefaultFileLockManager] Waiting to acquire shared lock on daemon addresses registry.
2026-05-16T17:10:07.552+0600 [DEBUG] [org.gradle.cache.internal.DefaultFileLockManager] Lock acquired on daemon addresses registry.
2026-05-16T17:10:07.687+0600 [DEBUG] [org.gradle.cache.internal.DefaultFileLockManager] Releasing lock on daemon addresses registry.
2026-05-16T17:10:07.720+0600 [DEBUG] [org.gradle.cache.internal.DefaultFileLockManager] Waiting to acquire shared lock on daemon addresses registry.
2026-05-16T17:10:07.721+0600 [DEBUG] [org.gradle.cache.internal.DefaultFileLockManager] Lock acquired on daemon addresses registry.
2026-05-16T17:10:07.722+0600 [DEBUG] [org.gradle.cache.internal.DefaultFileLockManager] Releasing lock on daemon addresses registry.
2026-05-16T17:10:17.499+0600 [DEBUG] [org.gradle.cache.internal.DefaultFileLockManager] Waiting to acquire shared lock on daemon addresses registry.
2026-05-16T17:10:17.502+0600 [DEBUG] [org.gradle.cache.internal.DefaultFileLockManager] Lock acquired on daemon addresses registry.
2026-05-16T17:10:17.507+0600 [DEBUG] [org.gradle.cache.internal.DefaultFileLockManager] Releasing lock on daemon addresses registry.
2026-05-16T17:10:17.508+0600 [DEBUG] [org.gradle.cache.internal.DefaultFileLockManager] Waiting to acquire shared lock on daemon addresses registry.
2026-05-16T17:10:17.509+0600 [DEBUG] [org.gradle.cache.internal.DefaultFileLockManager] Lock acquired on daemon addresses registry.
2026-05-16T17:10:17.509+0600 [DEBUG] [org.gradle.cache.internal.DefaultFileLockManager] Releasing lock on daemon addresses registry.
2026-05-16T17:10:17.512+0600 [DEBUG] [org.gradle.cache.internal.DefaultFileLockManager] Waiting to acquire shared lock on daemon addresses registry.
2026-05-16T17:10:17.512+0600 [DEBUG] [org.gradle.cache.internal.DefaultFileLockManager] Lock acquired on daemon addresses registry.
2026-05-16T17:10:17.512+0600 [DEBUG] [org.gradle.cache.internal.DefaultFileLockManager] Releasing lock on daemon addresses registry.
2026-05-16T17:10:27.502+0600 [DEBUG] [org.gradle.cache.internal.DefaultFileLockManager] Waiting to acquire shared lock on daemon addresses registry.
2026-05-16T17:10:27.508+0600 [DEBUG] [org.gradle.cache.internal.DefaultFileLockManager] Lock acquired on daemon addresses registry.
2026-05-16T17:10:27.509+0600 [DEBUG] [org.gradle.cache.internal.DefaultFileLockManager] Releasing lock on daemon addresses registry.
2026-05-16T17:10:27.510+0600 [DEBUG] [org.gradle.cache.internal.DefaultFileLockManager] Waiting to acquire shared lock on daemon addresses registry.
2026-05-16T17:10:27.510+0600 [DEBUG] [org.gradle.cache.internal.DefaultFileLockManager] Lock acquired on daemon addresses registry.
2026-05-16T17:10:27.510+0600 [DEBUG] [org.gradle.cache.internal.DefaultFileLockManager] Releasing lock on daemon addresses registry.
2026-05-16T17:10:27.511+0600 [DEBUG] [org.gradle.cache.internal.DefaultFileLockManager] Waiting to acquire shared lock on daemon addresses registry.
2026-05-16T17:10:27.512+0600 [DEBUG] [org.gradle.cache.internal.DefaultFileLockManager] Lock acquired on daemon addresses registry.
2026-05-16T17:10:27.512+0600 [DEBUG] [org.gradle.cache.internal.DefaultFileLockManager] Releasing lock on daemon addresses registry.
2026-05-16T17:10:37.497+0600 [DEBUG] [org.gradle.cache.internal.DefaultFileLockManager] Waiting to acquire shared lock on daemon addresses registry.
2026-05-16T17:10:37.501+0600 [DEBUG] [org.gradle.cache.internal.DefaultFileLockManager] Lock acquired on daemon addresses registry.
2026-05-16T17:10:37.503+0600 [DEBUG] [org.gradle.cache.internal.DefaultFileLockManager] Releasing lock on daemon addresses registry.
2026-05-16T17:10:37.505+0600 [DEBUG] [org.gradle.cache.internal.DefaultFileLockManager] Waiting to acquire shared lock on daemon addresses registry.
2026-05-16T17:10:37.505+0600 [DEBUG] [org.gradle.cache.internal.DefaultFileLockManager] Lock acquired on daemon addresses registry.
2026-05-16T17:10:37.506+0600 [DEBUG] [org.gradle.cache.internal.DefaultFileLockManager] Releasing lock on daemon addresses registry.
2026-05-16T17:10:37.507+0600 [DEBUG] [org.gradle.cache.internal.DefaultFileLockManager] Waiting to acquire shared lock on daemon addresses registry.
2026-05-16T17:10:37.507+0600 [DEBUG] [org.gradle.cache.internal.DefaultFileLockManager] Lock acquired on daemon addresses registry.
2026-05-16T17:10:37.508+0600 [DEBUG] [org.gradle.cache.internal.DefaultFileLockManager] Releasing lock on daemon addresses registry.
2026-05-16T17:10:47.505+0600 [DEBUG] [org.gradle.cache.internal.DefaultFileLockManager] Waiting to acquire shared lock on daemon addresses registry.
2026-05-16T17:10:47.509+0600 [DEBUG] [org.gradle.cache.internal.DefaultFileLockManager] Lock acquired on daemon addresses registry.
2026-05-16T17:10:47.510+0600 [DEBUG] [org.gradle.cache.internal.DefaultFileLockManager] Releasing lock on daemon addresses registry.
2026-05-16T17:10:47.512+0600 [DEBUG] [org.gradle.cache.internal.DefaultFileLockManager] Waiting to acquire shared lock on daemon addresses registry.
2026-05-16T17:10:47.512+0600 [DEBUG] [org.gradle.cache.internal.DefaultFileLockManager] Lock acquired on daemon addresses registry.
2026-05-16T17:10:47.512+0600 [DEBUG] [org.gradle.cache.internal.DefaultFileLockManager] Releasing lock on daemon addresses registry.
2026-05-16T17:10:47.513+0600 [DEBUG] [org.gradle.cache.internal.DefaultFileLockManager] Waiting to acquire shared lock on daemon addresses registry.
2026-05-16T17:10:47.513+0600 [DEBUG] [org.gradle.cache.internal.DefaultFileLockManager] Lock acquired on daemon addresses registry.
2026-05-16T17:10:47.513+0600 [DEBUG] [org.gradle.cache.internal.DefaultFileLockManager] Releasing lock on daemon addresses registry.
2026-05-16T17:10:57.498+0600 [DEBUG] [org.gradle.cache.internal.DefaultFileLockManager] Waiting to acquire shared lock on daemon addresses registry.
2026-05-16T17:10:57.499+0600 [DEBUG] [org.gradle.cache.internal.DefaultFileLockManager] Lock acquired on daemon addresses registry.
2026-05-16T17:10:57.500+0600 [DEBUG] [org.gradle.cache.internal.DefaultFileLockManager] Releasing lock on daemon addresses registry.
2026-05-16T17:10:57.500+0600 [DEBUG] [org.gradle.cache.internal.DefaultFileLockManager] Waiting to acquire shared lock on daemon addresses registry.
2026-05-16T17:10:57.502+0600 [DEBUG] [org.gradle.cache.internal.DefaultFileLockManager] Lock acquired on daemon addresses registry.
2026-05-16T17:10:57.506+0600 [DEBUG] [org.gradle.cache.internal.DefaultFileLockManager] Releasing lock on daemon addresses registry.
2026-05-16T17:10:57.507+0600 [DEBUG] [org.gradle.cache.internal.DefaultFileLockManager] Waiting to acquire shared lock on daemon addresses registry.
2026-05-16T17:10:57.507+0600 [DEBUG] [org.gradle.cache.internal.DefaultFileLockManager] Lock acquired on daemon addresses registry.
2026-05-16T17:10:57.508+0600 [DEBUG] [org.gradle.cache.internal.DefaultFileLockManager] Releasing lock on daemon addresses registry.
2026-05-16T17:11:07.501+0600 [DEBUG] [org.gradle.cache.internal.DefaultFileLockManager] Waiting to acquire shared lock on daemon addresses registry.
2026-05-16T17:11:07.503+0600 [DEBUG] [org.gradle.cache.internal.DefaultFileLockManager] Lock acquired on daemon addresses registry.
2026-05-16T17:11:07.504+0600 [DEBUG] [org.gradle.cache.internal.DefaultFileLockManager] Releasing lock on daemon addresses registry.
2026-05-16T17:11:07.506+0600 [DEBUG] [org.gradle.cache.internal.DefaultFileLockManager] Waiting to acquire shared lock on daemon addresses registry.
2026-05-16T17:11:07.506+0600 [DEBUG] [org.gradle.cache.internal.DefaultFileLockManager] Lock acquired on daemon addresses registry.
2026-05-16T17:11:07.506+0600 [DEBUG] [org.gradle.cache.internal.DefaultFileLockManager] Releasing lock on daemon addresses registry.
2026-05-16T17:11:07.507+0600 [DEBUG] [org.gradle.cache.internal.DefaultFileLockManager] Waiting to acquire shared lock on daemon addresses registry.
2026-05-16T17:11:07.507+0600 [DEBUG] [org.gradle.cache.internal.DefaultFileLockManager] Lock acquired on daemon addresses registry.
2026-05-16T17:11:07.508+0600 [DEBUG] [org.gradle.cache.internal.DefaultFileLockManager] Releasing lock on daemon addresses registry.
2026-05-16T17:11:17.499+0600 [DEBUG] [org.gradle.cache.internal.DefaultFileLockManager] Waiting to acquire shared lock on daemon addresses registry.
2026-05-16T17:11:17.501+0600 [DEBUG] [org.gradle.cache.internal.DefaultFileLockManager] Lock acquired on daemon addresses registry.
2026-05-16T17:11:17.502+0600 [DEBUG] [org.gradle.cache.internal.DefaultFileLockManager] Releasing lock on daemon addresses registry.
2026-05-16T17:11:17.506+0600 [DEBUG] [org.gradle.cache.internal.DefaultFileLockManager] Waiting to acquire shared lock on daemon addresses registry.
2026-05-16T17:11:17.506+0600 [DEBUG] [org.gradle.cache.internal.DefaultFileLockManager] Lock acquired on daemon addresses registry.
2026-05-16T17:11:17.507+0600 [DEBUG] [org.gradle.cache.internal.DefaultFileLockManager] Releasing lock on daemon addresses registry.
2026-05-16T17:11:17.509+0600 [DEBUG] [org.gradle.cache.internal.DefaultFileLockManager] Waiting to acquire shared lock on daemon addresses registry.
2026-05-16T17:11:17.509+0600 [DEBUG] [org.gradle.cache.internal.DefaultFileLockManager] Lock acquired on daemon addresses registry.
2026-05-16T17:11:17.509+0600 [DEBUG] [org.gradle.cache.internal.DefaultFileLockManager] Releasing lock on daemon addresses registry.
2026-05-16T17:11:27.498+0600 [DEBUG] [org.gradle.cache.internal.DefaultFileLockManager] Waiting to acquire shared lock on daemon addresses registry.
2026-05-16T17:11:27.502+0600 [DEBUG] [org.gradle.cache.internal.DefaultFileLockManager] Lock acquired on daemon addresses registry.
2026-05-16T17:11:27.504+0600 [DEBUG] [org.gradle.cache.internal.DefaultFileLockManager] Releasing lock on daemon addresses registry.
2026-05-16T17:11:27.506+0600 [DEBUG] [org.gradle.cache.internal.DefaultFileLockManager] Waiting to acquire shared lock on daemon addresses registry.
2026-05-16T17:11:27.507+0600 [DEBUG] [org.gradle.cache.internal.DefaultFileLockManager] Lock acquired on daemon addresses registry.
2026-05-16T17:11:27.507+0600 [DEBUG] [org.gradle.cache.internal.DefaultFileLockManager] Releasing lock on daemon addresses registry.
2026-05-16T17:11:27.508+0600 [DEBUG] [org.gradle.cache.internal.DefaultFileLockManager] Waiting to acquire shared lock on daemon addresses registry.
2026-05-16T17:11:27.508+0600 [DEBUG] [org.gradle.cache.internal.DefaultFileLockManager] Lock acquired on daemon addresses registry.
2026-05-16T17:11:27.508+0600 [DEBUG] [org.gradle.cache.internal.DefaultFileLockManager] Releasing lock on daemon addresses registry.
2026-05-16T17:11:37.499+0600 [DEBUG] [org.gradle.cache.internal.DefaultFileLockManager] Waiting to acquire shared lock on daemon addresses registry.
2026-05-16T17:11:37.506+0600 [DEBUG] [org.gradle.cache.internal.DefaultFileLockManager] Lock acquired on daemon addresses registry.
2026-05-16T17:11:37.508+0600 [DEBUG] [org.gradle.cache.internal.DefaultFileLockManager] Releasing lock on daemon addresses registry.
2026-05-16T17:11:37.509+0600 [DEBUG] [org.gradle.cache.internal.DefaultFileLockManager] Waiting to acquire shared lock on daemon addresses registry.
2026-05-16T17:11:37.510+0600 [DEBUG] [org.gradle.cache.internal.DefaultFileLockManager] Lock acquired on daemon addresses registry.
2026-05-16T17:11:37.510+0600 [DEBUG] [org.gradle.cache.internal.DefaultFileLockManager] Releasing lock on daemon addresses registry.
2026-05-16T17:11:37.510+0600 [DEBUG] [org.gradle.cache.internal.DefaultFileLockManager] Waiting to acquire shared lock on daemon addresses registry.
2026-05-16T17:11:37.510+0600 [DEBUG] [org.gradle.cache.internal.DefaultFileLockManager] Lock acquired on daemon addresses registry.
2026-05-16T17:11:37.510+0600 [DEBUG] [org.gradle.cache.internal.DefaultFileLockManager] Releasing lock on daemon addresses registry.
2026-05-16T17:11:47.504+0600 [DEBUG] [org.gradle.cache.internal.DefaultFileLockManager] Waiting to acquire shared lock on daemon addresses registry.
2026-05-16T17:11:47.507+0600 [DEBUG] [org.gradle.cache.internal.DefaultFileLockManager] Lock acquired on daemon addresses registry.
2026-05-16T17:11:47.508+0600 [DEBUG] [org.gradle.cache.internal.DefaultFileLockManager] Releasing lock on daemon addresses registry.
2026-05-16T17:11:47.510+0600 [DEBUG] [org.gradle.cache.internal.DefaultFileLockManager] Waiting to acquire shared lock on daemon addresses registry.
2026-05-16T17:11:47.510+0600 [DEBUG] [org.gradle.cache.internal.DefaultFileLockManager] Lock acquired on daemon addresses registry.
2026-05-16T17:11:47.510+0600 [DEBUG] [org.gradle.cache.internal.DefaultFileLockManager] Releasing lock on daemon addresses registry.
2026-05-16T17:11:47.511+0600 [DEBUG] [org.gradle.cache.internal.DefaultFileLockManager] Waiting to acquire shared lock on daemon addresses registry.
2026-05-16T17:11:47.511+0600 [DEBUG] [org.gradle.cache.internal.DefaultFileLockManager] Lock acquired on daemon addresses registry.
2026-05-16T17:11:47.511+0600 [DEBUG] [org.gradle.cache.internal.DefaultFileLockManager] Releasing lock on daemon addresses registry.
2026-05-16T17:11:57.498+0600 [DEBUG] [org.gradle.cache.internal.DefaultFileLockManager] Waiting to acquire shared lock on daemon addresses registry.
2026-05-16T17:11:57.501+0600 [DEBUG] [org.gradle.cache.internal.DefaultFileLockManager] Lock acquired on daemon addresses registry.
2026-05-16T17:11:57.503+0600 [DEBUG] [org.gradle.cache.internal.DefaultFileLockManager] Releasing lock on daemon addresses registry.
2026-05-16T17:11:57.505+0600 [DEBUG] [org.gradle.cache.internal.DefaultFileLockManager] Waiting to acquire shared lock on daemon addresses registry.
2026-05-16T17:11:57.505+0600 [DEBUG] [org.gradle.cache.internal.DefaultFileLockManager] Lock acquired on daemon addresses registry.
2026-05-16T17:11:57.505+0600 [DEBUG] [org.gradle.cache.internal.DefaultFileLockManager] Releasing lock on daemon addresses registry.
2026-05-16T17:11:57.506+0600 [DEBUG] [org.gradle.cache.internal.DefaultFileLockManager] Waiting to acquire shared lock on daemon addresses registry.
2026-05-16T17:11:57.506+0600 [DEBUG] [org.gradle.cache.internal.DefaultFileLockManager] Lock acquired on daemon addresses registry.
2026-05-16T17:11:57.506+0600 [DEBUG] [org.gradle.cache.internal.DefaultFileLockManager] Releasing lock on daemon addresses registry.
2026-05-16T17:12:07.499+0600 [DEBUG] [org.gradle.cache.internal.DefaultFileLockManager] Waiting to acquire shared lock on daemon addresses registry.
2026-05-16T17:12:07.503+0600 [DEBUG] [org.gradle.cache.internal.DefaultFileLockManager] Lock acquired on daemon addresses registry.
2026-05-16T17:12:07.508+0600 [DEBUG] [org.gradle.cache.internal.DefaultFileLockManager] Releasing lock on daemon addresses registry.
2026-05-16T17:12:07.510+0600 [DEBUG] [org.gradle.cache.internal.DefaultFileLockManager] Waiting to acquire shared lock on daemon addresses registry.
2026-05-16T17:12:07.510+0600 [DEBUG] [org.gradle.cache.internal.DefaultFileLockManager] Lock acquired on daemon addresses registry.
2026-05-16T17:12:07.511+0600 [DEBUG] [org.gradle.cache.internal.DefaultFileLockManager] Releasing lock on daemon addresses registry.
2026-05-16T17:12:07.511+0600 [DEBUG] [org.gradle.cache.internal.DefaultFileLockManager] Waiting to acquire shared lock on daemon addresses registry.
2026-05-16T17:12:07.512+0600 [DEBUG] [org.gradle.cache.internal.DefaultFileLockManager] Lock acquired on daemon addresses registry.
2026-05-16T17:12:07.512+0600 [DEBUG] [org.gradle.cache.internal.DefaultFileLockManager] Releasing lock on daemon addresses registry.
2026-05-16T17:12:17.502+0600 [DEBUG] [org.gradle.cache.internal.DefaultFileLockManager] Waiting to acquire shared lock on daemon addresses registry.
2026-05-16T17:12:17.508+0600 [DEBUG] [org.gradle.cache.internal.DefaultFileLockManager] Lock acquired on daemon addresses registry.
2026-05-16T17:12:17.511+0600 [DEBUG] [org.gradle.cache.internal.DefaultFileLockManager] Releasing lock on daemon addresses registry.
2026-05-16T17:12:17.515+0600 [DEBUG] [org.gradle.cache.internal.DefaultFileLockManager] Waiting to acquire shared lock on daemon addresses registry.
2026-05-16T17:12:17.523+0600 [DEBUG] [org.gradle.cache.internal.DefaultFileLockManager] Lock acquired on daemon addresses registry.
2026-05-16T17:12:17.523+0600 [DEBUG] [org.gradle.cache.internal.DefaultFileLockManager] Releasing lock on daemon addresses registry.
2026-05-16T17:12:17.524+0600 [DEBUG] [org.gradle.cache.internal.DefaultFileLockManager] Waiting to acquire shared lock on daemon addresses registry.
2026-05-16T17:12:17.526+0600 [DEBUG] [org.gradle.cache.internal.DefaultFileLockManager] Lock acquired on daemon addresses registry.
2026-05-16T17:12:17.527+0600 [DEBUG] [org.gradle.cache.internal.DefaultFileLockManager] Releasing lock on daemon addresses registry.
2026-05-16T17:12:20.091+0600 [DEBUG] [sun.rmi.transport.tcp] RMI TCP Connection(8)-127.0.0.1: accepted socket from [127.0.0.1:65136]
2026-05-16T17:12:20.106+0600 [DEBUG] [sun.rmi.transport.tcp] RMI TCP Connection(8)-127.0.0.1: (port 61979) op = 80
2026-05-16T17:12:20.114+0600 [DEBUG] [sun.rmi.loader] RMI TCP Connection(8)-127.0.0.1: name = "[Ljava.rmi.server.ObjID;", codebase = "", defaultLoader = jdk.internal.loader.ClassLoaders$PlatformClassLoader@6cecc8a4
2026-05-16T17:12:20.119+0600 [DEBUG] [sun.rmi.loader] RMI TCP Connection(8)-127.0.0.1: name = "java.rmi.dgc.Lease", codebase = "", defaultLoader = jdk.internal.loader.ClassLoaders$PlatformClassLoader@6cecc8a4
2026-05-16T17:12:20.122+0600 [DEBUG] [sun.rmi.loader] RMI TCP Connection(8)-127.0.0.1: name = "java.rmi.dgc.VMID", codebase = "", defaultLoader = jdk.internal.loader.ClassLoaders$PlatformClassLoader@6cecc8a4
2026-05-16T17:12:20.122+0600 [DEBUG] [sun.rmi.loader] RMI TCP Connection(8)-127.0.0.1: name = "[B", codebase = "", defaultLoader = jdk.internal.loader.ClassLoaders$PlatformClassLoader@6cecc8a4
2026-05-16T17:12:20.123+0600 [DEBUG] [sun.rmi.loader] RMI TCP Connection(8)-127.0.0.1: name = "java.rmi.server.UID", codebase = "", defaultLoader = jdk.internal.loader.ClassLoaders$PlatformClassLoader@6cecc8a4
2026-05-16T17:12:27.499+0600 [DEBUG] [org.gradle.cache.internal.DefaultFileLockManager] Waiting to acquire shared lock on daemon addresses registry.
2026-05-16T17:12:27.511+0600 [DEBUG] [org.gradle.cache.internal.DefaultFileLockManager] Lock acquired on daemon addresses registry.
2026-05-16T17:12:27.513+0600 [DEBUG] [org.gradle.cache.internal.DefaultFileLockManager] Releasing lock on daemon addresses registry.
2026-05-16T17:12:27.514+0600 [DEBUG] [org.gradle.cache.internal.DefaultFileLockManager] Waiting to acquire shared lock on daemon addresses registry.
2026-05-16T17:12:27.515+0600 [DEBUG] [org.gradle.cache.internal.DefaultFileLockManager] Lock acquired on daemon addresses registry.
2026-05-16T17:12:27.515+0600 [DEBUG] [org.gradle.cache.internal.DefaultFileLockManager] Releasing lock on daemon addresses registry.
2026-05-16T17:12:27.516+0600 [DEBUG] [org.gradle.cache.internal.DefaultFileLockManager] Waiting to acquire shared lock on daemon addresses registry.
2026-05-16T17:12:27.517+0600 [DEBUG] [org.gradle.cache.internal.DefaultFileLockManager] Lock acquired on daemon addresses registry.
2026-05-16T17:12:27.517+0600 [DEBUG] [org.gradle.cache.internal.DefaultFileLockManager] Releasing lock on daemon addresses registry.
2026-05-16T17:12:35.154+0600 [DEBUG] [sun.rmi.transport.tcp] RMI TCP Connection(8)-127.0.0.1: (port 61979) connection closed
2026-05-16T17:12:35.155+0600 [DEBUG] [sun.rmi.transport.tcp] RMI TCP Connection(8)-127.0.0.1: close connection, socket: Socket[addr=/127.0.0.1,port=65136,localport=61979]
2026-05-16T17:12:35.158+0600 [DEBUG] [sun.rmi.transport.tcp] RMI TCP Connection(8)-127.0.0.1: socket close: Socket[addr=/127.0.0.1,port=65136,localport=61979]
2026-05-16T17:12:37.495+0600 [DEBUG] [org.gradle.cache.internal.DefaultFileLockManager] Waiting to acquire shared lock on daemon addresses registry.
2026-05-16T17:12:37.497+0600 [DEBUG] [org.gradle.cache.internal.DefaultFileLockManager] Lock acquired on daemon addresses registry.
2026-05-16T17:12:37.498+0600 [DEBUG] [org.gradle.cache.internal.DefaultFileLockManager] Releasing lock on daemon addresses registry.
2026-05-16T17:12:37.499+0600 [DEBUG] [org.gradle.cache.internal.DefaultFileLockManager] Waiting to acquire shared lock on daemon addresses registry.
2026-05-16T17:12:37.499+0600 [DEBUG] [org.gradle.cache.internal.DefaultFileLockManager] Lock acquired on daemon addresses registry.
2026-05-16T17:12:37.500+0600 [DEBUG] [org.gradle.cache.internal.DefaultFileLockManager] Releasing lock on daemon addresses registry.
2026-05-16T17:12:37.501+0600 [DEBUG] [org.gradle.cache.internal.DefaultFileLockManager] Waiting to acquire shared lock on daemon addresses registry.
2026-05-16T17:12:37.501+0600 [DEBUG] [org.gradle.cache.internal.DefaultFileLockManager] Lock acquired on daemon addresses registry.
2026-05-16T17:12:37.501+0600 [DEBUG] [org.gradle.cache.internal.DefaultFileLockManager] Releasing lock on daemon addresses registry.
2026-05-16T17:12:47.494+0600 [DEBUG] [org.gradle.cache.internal.DefaultFileLockManager] Waiting to acquire shared lock on daemon addresses registry.
2026-05-16T17:12:47.495+0600 [DEBUG] [org.gradle.cache.internal.DefaultFileLockManager] Lock acquired on daemon addresses registry.
2026-05-16T17:12:47.496+0600 [DEBUG] [org.gradle.cache.internal.DefaultFileLockManager] Releasing lock on daemon addresses registry.
2026-05-16T17:12:47.497+0600 [DEBUG] [org.gradle.cache.internal.DefaultFileLockManager] Waiting to acquire shared lock on daemon addresses registry.
2026-05-16T17:12:47.497+0600 [DEBUG] [org.gradle.cache.internal.DefaultFileLockManager] Lock acquired on daemon addresses registry.
2026-05-16T17:12:47.498+0600 [DEBUG] [org.gradle.cache.internal.DefaultFileLockManager] Releasing lock on daemon addresses registry.
2026-05-16T17:12:47.498+0600 [DEBUG] [org.gradle.cache.internal.DefaultFileLockManager] Waiting to acquire shared lock on daemon addresses registry.
2026-05-16T17:12:47.498+0600 [DEBUG] [org.gradle.cache.internal.DefaultFileLockManager] Lock acquired on daemon addresses registry.
2026-05-16T17:12:47.499+0600 [DEBUG] [org.gradle.cache.internal.DefaultFileLockManager] Releasing lock on daemon addresses registry.
2026-05-16T17:12:57.496+0600 [DEBUG] [org.gradle.cache.internal.DefaultFileLockManager] Waiting to acquire shared lock on daemon addresses registry.
2026-05-16T17:12:57.497+0600 [DEBUG] [org.gradle.cache.internal.DefaultFileLockManager] Lock acquired on daemon addresses registry.
2026-05-16T17:12:57.498+0600 [DEBUG] [org.gradle.cache.internal.DefaultFileLockManager] Releasing lock on daemon addresses registry.
2026-05-16T17:12:57.498+0600 [DEBUG] [org.gradle.cache.internal.DefaultFileLockManager] Waiting to acquire shared lock on daemon addresses registry.
2026-05-16T17:12:57.499+0600 [DEBUG] [org.gradle.cache.internal.DefaultFileLockManager] Lock acquired on daemon addresses registry.
2026-05-16T17:12:57.499+0600 [DEBUG] [org.gradle.cache.internal.DefaultFileLockManager] Releasing lock on daemon addresses registry.
2026-05-16T17:12:57.499+0600 [DEBUG] [org.gradle.cache.internal.DefaultFileLockManager] Waiting to acquire shared lock on daemon addresses registry.
2026-05-16T17:12:57.500+0600 [DEBUG] [org.gradle.cache.internal.DefaultFileLockManager] Lock acquired on daemon addresses registry.
2026-05-16T17:12:57.500+0600 [DEBUG] [org.gradle.cache.internal.DefaultFileLockManager] Releasing lock on daemon addresses registry.
2026-05-16T17:13:07.501+0600 [DEBUG] [org.gradle.cache.internal.DefaultFileLockManager] Waiting to acquire shared lock on daemon addresses registry.
2026-05-16T17:13:07.505+0600 [DEBUG] [org.gradle.cache.internal.DefaultFileLockManager] Lock acquired on daemon addresses registry.
2026-05-16T17:13:07.507+0600 [DEBUG] [org.gradle.cache.internal.DefaultFileLockManager] Releasing lock on daemon addresses registry.
2026-05-16T17:13:07.509+0600 [DEBUG] [org.gradle.cache.internal.DefaultFileLockManager] Waiting to acquire shared lock on daemon addresses registry.
2026-05-16T17:13:07.509+0600 [DEBUG] [org.gradle.cache.internal.DefaultFileLockManager] Lock acquired on daemon addresses registry.
2026-05-16T17:13:07.509+0600 [DEBUG] [org.gradle.cache.internal.DefaultFileLockManager] Releasing lock on daemon addresses registry.
2026-05-16T17:13:07.510+0600 [DEBUG] [org.gradle.cache.internal.DefaultFileLockManager] Waiting to acquire shared lock on daemon addresses registry.
2026-05-16T17:13:07.510+0600 [DEBUG] [org.gradle.cache.internal.DefaultFileLockManager] Lock acquired on daemon addresses registry.
2026-05-16T17:13:07.510+0600 [DEBUG] [org.gradle.cache.internal.DefaultFileLockManager] Releasing lock on daemon addresses registry.
2026-05-16T17:13:17.499+0600 [DEBUG] [org.gradle.cache.internal.DefaultFileLockManager] Waiting to acquire shared lock on daemon addresses registry.
2026-05-16T17:13:17.501+0600 [DEBUG] [org.gradle.cache.internal.DefaultFileLockManager] Lock acquired on daemon addresses registry.
2026-05-16T17:13:17.502+0600 [DEBUG] [org.gradle.cache.internal.DefaultFileLockManager] Releasing lock on daemon addresses registry.
2026-05-16T17:13:17.503+0600 [DEBUG] [org.gradle.cache.internal.DefaultFileLockManager] Waiting to acquire shared lock on daemon addresses registry.
2026-05-16T17:13:17.503+0600 [DEBUG] [org.gradle.cache.internal.DefaultFileLockManager] Lock acquired on daemon addresses registry.
2026-05-16T17:13:17.504+0600 [DEBUG] [org.gradle.cache.internal.DefaultFileLockManager] Releasing lock on daemon addresses registry.
2026-05-16T17:13:17.504+0600 [DEBUG] [org.gradle.cache.internal.DefaultFileLockManager] Waiting to acquire shared lock on daemon addresses registry.
2026-05-16T17:13:17.505+0600 [DEBUG] [org.gradle.cache.internal.DefaultFileLockManager] Lock acquired on daemon addresses registry.
2026-05-16T17:13:17.505+0600 [DEBUG] [org.gradle.cache.internal.DefaultFileLockManager] Releasing lock on daemon addresses registry.
2026-05-16T17:13:27.495+0600 [DEBUG] [org.gradle.cache.internal.DefaultFileLockManager] Waiting to acquire shared lock on daemon addresses registry.
2026-05-16T17:13:27.496+0600 [DEBUG] [org.gradle.cache.internal.DefaultFileLockManager] Lock acquired on daemon addresses registry.
2026-05-16T17:13:27.497+0600 [DEBUG] [org.gradle.cache.internal.DefaultFileLockManager] Releasing lock on daemon addresses registry.
2026-05-16T17:13:27.497+0600 [DEBUG] [org.gradle.cache.internal.DefaultFileLockManager] Waiting to acquire shared lock on daemon addresses registry.
2026-05-16T17:13:27.498+0600 [DEBUG] [org.gradle.cache.internal.DefaultFileLockManager] Lock acquired on daemon addresses registry.
2026-05-16T17:13:27.498+0600 [DEBUG] [org.gradle.cache.internal.DefaultFileLockManager] Releasing lock on daemon addresses registry.
2026-05-16T17:13:27.498+0600 [DEBUG] [org.gradle.cache.internal.DefaultFileLockManager] Waiting to acquire shared lock on daemon addresses registry.
2026-05-16T17:13:27.499+0600 [DEBUG] [org.gradle.cache.internal.DefaultFileLockManager] Lock acquired on daemon addresses registry.
2026-05-16T17:13:27.499+0600 [DEBUG] [org.gradle.cache.internal.DefaultFileLockManager] Releasing lock on daemon addresses registry.
2026-05-16T17:13:37.501+0600 [DEBUG] [org.gradle.cache.internal.DefaultFileLockManager] Waiting to acquire shared lock on daemon addresses registry.
2026-05-16T17:13:37.504+0600 [DEBUG] [org.gradle.cache.internal.DefaultFileLockManager] Lock acquired on daemon addresses registry.
2026-05-16T17:13:37.505+0600 [DEBUG] [org.gradle.cache.internal.DefaultFileLockManager] Releasing lock on daemon addresses registry.
2026-05-16T17:13:37.507+0600 [DEBUG] [org.gradle.cache.internal.DefaultFileLockManager] Waiting to acquire shared lock on daemon addresses registry.
2026-05-16T17:13:37.507+0600 [DEBUG] [org.gradle.cache.internal.DefaultFileLockManager] Lock acquired on daemon addresses registry.
2026-05-16T17:13:37.507+0600 [DEBUG] [org.gradle.cache.internal.DefaultFileLockManager] Releasing lock on daemon addresses registry.
2026-05-16T17:13:37.508+0600 [DEBUG] [org.gradle.cache.internal.DefaultFileLockManager] Waiting to acquire shared lock on daemon addresses registry.
2026-05-16T17:13:37.508+0600 [DEBUG] [org.gradle.cache.internal.DefaultFileLockManager] Lock acquired on daemon addresses registry.
2026-05-16T17:13:37.508+0600 [DEBUG] [org.gradle.cache.internal.DefaultFileLockManager] Releasing lock on daemon addresses registry.
2026-05-16T17:13:47.496+0600 [DEBUG] [org.gradle.cache.internal.DefaultFileLockManager] Waiting to acquire shared lock on daemon addresses registry.
2026-05-16T17:13:47.498+0600 [DEBUG] [org.gradle.cache.internal.DefaultFileLockManager] Lock acquired on daemon addresses registry.
2026-05-16T17:13:47.499+0600 [DEBUG] [org.gradle.cache.internal.DefaultFileLockManager] Releasing lock on daemon addresses registry.
2026-05-16T17:13:47.500+0600 [DEBUG] [org.gradle.cache.internal.DefaultFileLockManager] Waiting to acquire shared lock on daemon addresses registry.
2026-05-16T17:13:47.501+0600 [DEBUG] [org.gradle.cache.internal.DefaultFileLockManager] Lock acquired on daemon addresses registry.
2026-05-16T17:13:47.502+0600 [DEBUG] [org.gradle.cache.internal.DefaultFileLockManager] Releasing lock on daemon addresses registry.
2026-05-16T17:13:47.504+0600 [DEBUG] [org.gradle.cache.internal.DefaultFileLockManager] Waiting to acquire shared lock on daemon addresses registry.
2026-05-16T17:13:47.504+0600 [DEBUG] [org.gradle.cache.internal.DefaultFileLockManager] Lock acquired on daemon addresses registry.
2026-05-16T17:13:47.504+0600 [DEBUG] [org.gradle.cache.internal.DefaultFileLockManager] Releasing lock on daemon addresses registry.
2026-05-16T17:13:57.494+0600 [DEBUG] [org.gradle.cache.internal.DefaultFileLockManager] Waiting to acquire shared lock on daemon addresses registry.
2026-05-16T17:13:57.495+0600 [DEBUG] [org.gradle.cache.internal.DefaultFileLockManager] Lock acquired on daemon addresses registry.
2026-05-16T17:13:57.497+0600 [DEBUG] [org.gradle.cache.internal.DefaultFileLockManager] Releasing lock on daemon addresses registry.
2026-05-16T17:13:57.498+0600 [DEBUG] [org.gradle.cache.internal.DefaultFileLockManager] Waiting to acquire shared lock on daemon addresses registry.
2026-05-16T17:13:57.498+0600 [DEBUG] [org.gradle.cache.internal.DefaultFileLockManager] Lock acquired on daemon addresses registry.
2026-05-16T17:13:57.498+0600 [DEBUG] [org.gradle.cache.internal.DefaultFileLockManager] Releasing lock on daemon addresses registry.
2026-05-16T17:13:57.498+0600 [DEBUG] [org.gradle.cache.internal.DefaultFileLockManager] Waiting to acquire shared lock on daemon addresses registry.
2026-05-16T17:13:57.499+0600 [DEBUG] [org.gradle.cache.internal.DefaultFileLockManager] Lock acquired on daemon addresses registry.
2026-05-16T17:13:57.499+0600 [DEBUG] [org.gradle.cache.internal.DefaultFileLockManager] Releasing lock on daemon addresses registry.
2026-05-16T17:14:07.495+0600 [DEBUG] [org.gradle.cache.internal.DefaultFileLockManager] Waiting to acquire shared lock on daemon addresses registry.
2026-05-16T17:14:07.496+0600 [DEBUG] [org.gradle.cache.internal.DefaultFileLockManager] Lock acquired on daemon addresses registry.
2026-05-16T17:14:07.497+0600 [DEBUG] [org.gradle.cache.internal.DefaultFileLockManager] Releasing lock on daemon addresses registry.
2026-05-16T17:14:07.498+0600 [DEBUG] [org.gradle.cache.internal.DefaultFileLockManager] Waiting to acquire shared lock on daemon addresses registry.
2026-05-16T17:14:07.498+0600 [DEBUG] [org.gradle.cache.internal.DefaultFileLockManager] Lock acquired on daemon addresses registry.
2026-05-16T17:14:07.498+0600 [DEBUG] [org.gradle.cache.internal.DefaultFileLockManager] Releasing lock on daemon addresses registry.
2026-05-16T17:14:07.499+0600 [DEBUG] [org.gradle.cache.internal.DefaultFileLockManager] Waiting to acquire shared lock on daemon addresses registry.
2026-05-16T17:14:07.499+0600 [DEBUG] [org.gradle.cache.internal.DefaultFileLockManager] Lock acquired on daemon addresses registry.
2026-05-16T17:14:07.499+0600 [DEBUG] [org.gradle.cache.internal.DefaultFileLockManager] Releasing lock on daemon addresses registry.
2026-05-16T17:14:17.496+0600 [DEBUG] [org.gradle.cache.internal.DefaultFileLockManager] Waiting to acquire shared lock on daemon addresses registry.
2026-05-16T17:14:17.499+0600 [DEBUG] [org.gradle.cache.internal.DefaultFileLockManager] Lock acquired on daemon addresses registry.
2026-05-16T17:14:17.501+0600 [DEBUG] [org.gradle.cache.internal.DefaultFileLockManager] Releasing lock on daemon addresses registry.
2026-05-16T17:14:17.503+0600 [DEBUG] [org.gradle.cache.internal.DefaultFileLockManager] Waiting to acquire shared lock on daemon addresses registry.
2026-05-16T17:14:17.504+0600 [DEBUG] [org.gradle.cache.internal.DefaultFileLockManager] Lock acquired on daemon addresses registry.
2026-05-16T17:14:17.504+0600 [DEBUG] [org.gradle.cache.internal.DefaultFileLockManager] Releasing lock on daemon addresses registry.
2026-05-16T17:14:17.505+0600 [DEBUG] [org.gradle.cache.internal.DefaultFileLockManager] Waiting to acquire shared lock on daemon addresses registry.
2026-05-16T17:14:17.505+0600 [DEBUG] [org.gradle.cache.internal.DefaultFileLockManager] Lock acquired on daemon addresses registry.
2026-05-16T17:14:17.505+0600 [DEBUG] [org.gradle.cache.internal.DefaultFileLockManager] Releasing lock on daemon addresses registry.
2026-05-16T17:14:27.495+0600 [DEBUG] [org.gradle.cache.internal.DefaultFileLockManager] Waiting to acquire shared lock on daemon addresses registry.
2026-05-16T17:14:27.497+0600 [DEBUG] [org.gradle.cache.internal.DefaultFileLockManager] Lock acquired on daemon addresses registry.
2026-05-16T17:14:27.497+0600 [DEBUG] [org.gradle.cache.internal.DefaultFileLockManager] Releasing lock on daemon addresses registry.
2026-05-16T17:14:27.498+0600 [DEBUG] [org.gradle.cache.internal.DefaultFileLockManager] Waiting to acquire shared lock on daemon addresses registry.
2026-05-16T17:14:27.498+0600 [DEBUG] [org.gradle.cache.internal.DefaultFileLockManager] Lock acquired on daemon addresses registry.
2026-05-16T17:14:27.499+0600 [DEBUG] [org.gradle.cache.internal.DefaultFileLockManager] Releasing lock on daemon addresses registry.
2026-05-16T17:14:27.499+0600 [DEBUG] [org.gradle.cache.internal.DefaultFileLockManager] Waiting to acquire shared lock on daemon addresses registry.
2026-05-16T17:14:27.499+0600 [DEBUG] [org.gradle.cache.internal.DefaultFileLockManager] Lock acquired on daemon addresses registry.
2026-05-16T17:14:27.500+0600 [DEBUG] [org.gradle.cache.internal.DefaultFileLockManager] Releasing lock on daemon addresses registry.
2026-05-16T17:14:37.497+0600 [DEBUG] [org.gradle.cache.internal.DefaultFileLockManager] Waiting to acquire shared lock on daemon addresses registry.
2026-05-16T17:14:37.500+0600 [DEBUG] [org.gradle.cache.internal.DefaultFileLockManager] Lock acquired on daemon addresses registry.
2026-05-16T17:14:37.501+0600 [DEBUG] [org.gradle.cache.internal.DefaultFileLockManager] Releasing lock on daemon addresses registry.
2026-05-16T17:14:37.503+0600 [DEBUG] [org.gradle.cache.internal.DefaultFileLockManager] Waiting to acquire shared lock on daemon addresses registry.
2026-05-16T17:14:37.503+0600 [DEBUG] [org.gradle.cache.internal.DefaultFileLockManager] Lock acquired on daemon addresses registry.
2026-05-16T17:14:37.504+0600 [DEBUG] [org.gradle.cache.internal.DefaultFileLockManager] Releasing lock on daemon addresses registry.
2026-05-16T17:14:37.504+0600 [DEBUG] [org.gradle.cache.internal.DefaultFileLockManager] Waiting to acquire shared lock on daemon addresses registry.
2026-05-16T17:14:37.504+0600 [DEBUG] [org.gradle.cache.internal.DefaultFileLockManager] Lock acquired on daemon addresses registry.
2026-05-16T17:14:37.505+0600 [DEBUG] [org.gradle.cache.internal.DefaultFileLockManager] Releasing lock on daemon addresses registry.
2026-05-16T17:14:47.499+0600 [DEBUG] [org.gradle.cache.internal.DefaultFileLockManager] Waiting to acquire shared lock on daemon addresses registry.
2026-05-16T17:14:47.504+0600 [DEBUG] [org.gradle.cache.internal.DefaultFileLockManager] Lock acquired on daemon addresses registry.
2026-05-16T17:14:47.507+0600 [DEBUG] [org.gradle.cache.internal.DefaultFileLockManager] Releasing lock on daemon addresses registry.
2026-05-16T17:14:47.509+0600 [DEBUG] [org.gradle.cache.internal.DefaultFileLockManager] Waiting to acquire shared lock on daemon addresses registry.
2026-05-16T17:14:47.509+0600 [DEBUG] [org.gradle.cache.internal.DefaultFileLockManager] Lock acquired on daemon addresses registry.
2026-05-16T17:14:47.509+0600 [DEBUG] [org.gradle.cache.internal.DefaultFileLockManager] Releasing lock on daemon addresses registry.
2026-05-16T17:14:47.510+0600 [DEBUG] [org.gradle.cache.internal.DefaultFileLockManager] Waiting to acquire shared lock on daemon addresses registry.
2026-05-16T17:14:47.510+0600 [DEBUG] [org.gradle.cache.internal.DefaultFileLockManager] Lock acquired on daemon addresses registry.
2026-05-16T17:14:47.510+0600 [DEBUG] [org.gradle.cache.internal.DefaultFileLockManager] Releasing lock on daemon addresses registry.
2026-05-16T17:14:57.495+0600 [DEBUG] [org.gradle.cache.internal.DefaultFileLockManager] Waiting to acquire shared lock on daemon addresses registry.
2026-05-16T17:14:57.496+0600 [DEBUG] [org.gradle.cache.internal.DefaultFileLockManager] Lock acquired on daemon addresses registry.
2026-05-16T17:14:57.497+0600 [DEBUG] [org.gradle.cache.internal.DefaultFileLockManager] Releasing lock on daemon addresses registry.
2026-05-16T17:14:57.500+0600 [DEBUG] [org.gradle.cache.internal.DefaultFileLockManager] Waiting to acquire shared lock on daemon addresses registry.
2026-05-16T17:14:57.501+0600 [DEBUG] [org.gradle.cache.internal.DefaultFileLockManager] Lock acquired on daemon addresses registry.
2026-05-16T17:14:57.501+0600 [DEBUG] [org.gradle.cache.internal.DefaultFileLockManager] Releasing lock on daemon addresses registry.
2026-05-16T17:14:57.502+0600 [DEBUG] [org.gradle.cache.internal.DefaultFileLockManager] Waiting to acquire shared lock on daemon addresses registry.
2026-05-16T17:14:57.502+0600 [DEBUG] [org.gradle.cache.internal.DefaultFileLockManager] Lock acquired on daemon addresses registry.
2026-05-16T17:14:57.502+0600 [DEBUG] [org.gradle.cache.internal.DefaultFileLockManager] Releasing lock on daemon addresses registry.
2026-05-16T17:15:07.499+0600 [DEBUG] [org.gradle.cache.internal.DefaultFileLockManager] Waiting to acquire shared lock on daemon addresses registry.
2026-05-16T17:15:07.504+0600 [DEBUG] [org.gradle.cache.internal.DefaultFileLockManager] Lock acquired on daemon addresses registry.
2026-05-16T17:15:07.505+0600 [DEBUG] [org.gradle.cache.internal.DefaultFileLockManager] Releasing lock on daemon addresses registry.
2026-05-16T17:15:07.506+0600 [DEBUG] [org.gradle.cache.internal.DefaultFileLockManager] Waiting to acquire shared lock on daemon addresses registry.
2026-05-16T17:15:07.507+0600 [DEBUG] [org.gradle.cache.internal.DefaultFileLockManager] Lock acquired on daemon addresses registry.
2026-05-16T17:15:07.507+0600 [DEBUG] [org.gradle.cache.internal.DefaultFileLockManager] Releasing lock on daemon addresses registry.
2026-05-16T17:15:07.507+0600 [DEBUG] [org.gradle.cache.internal.DefaultFileLockManager] Waiting to acquire shared lock on daemon addresses registry.
2026-05-16T17:15:07.508+0600 [DEBUG] [org.gradle.cache.internal.DefaultFileLockManager] Lock acquired on daemon addresses registry.
2026-05-16T17:15:07.508+0600 [DEBUG] [org.gradle.cache.internal.DefaultFileLockManager] Releasing lock on daemon addresses registry.
2026-05-16T17:15:17.495+0600 [DEBUG] [org.gradle.cache.internal.DefaultFileLockManager] Waiting to acquire shared lock on daemon addresses registry.
2026-05-16T17:15:17.497+0600 [DEBUG] [org.gradle.cache.internal.DefaultFileLockManager] Lock acquired on daemon addresses registry.
2026-05-16T17:15:17.497+0600 [DEBUG] [org.gradle.cache.internal.DefaultFileLockManager] Releasing lock on daemon addresses registry.
2026-05-16T17:15:17.498+0600 [DEBUG] [org.gradle.cache.internal.DefaultFileLockManager] Waiting to acquire shared lock on daemon addresses registry.
2026-05-16T17:15:17.499+0600 [DEBUG] [org.gradle.cache.internal.DefaultFileLockManager] Lock acquired on daemon addresses registry.
2026-05-16T17:15:17.499+0600 [DEBUG] [org.gradle.cache.internal.DefaultFileLockManager] Releasing lock on daemon addresses registry.
2026-05-16T17:15:17.499+0600 [DEBUG] [org.gradle.cache.internal.DefaultFileLockManager] Waiting to acquire shared lock on daemon addresses registry.
2026-05-16T17:15:17.500+0600 [DEBUG] [org.gradle.cache.internal.DefaultFileLockManager] Lock acquired on daemon addresses registry.
2026-05-16T17:15:17.500+0600 [DEBUG] [org.gradle.cache.internal.DefaultFileLockManager] Releasing lock on daemon addresses registry.
2026-05-16T17:15:27.498+0600 [DEBUG] [org.gradle.cache.internal.DefaultFileLockManager] Waiting to acquire shared lock on daemon addresses registry.
2026-05-16T17:15:27.499+0600 [DEBUG] [org.gradle.cache.internal.DefaultFileLockManager] Lock acquired on daemon addresses registry.
2026-05-16T17:15:27.500+0600 [DEBUG] [org.gradle.cache.internal.DefaultFileLockManager] Releasing lock on daemon addresses registry.
2026-05-16T17:15:27.501+0600 [DEBUG] [org.gradle.cache.internal.DefaultFileLockManager] Waiting to acquire shared lock on daemon addresses registry.
2026-05-16T17:15:27.501+0600 [DEBUG] [org.gradle.cache.internal.DefaultFileLockManager] Lock acquired on daemon addresses registry.
2026-05-16T17:15:27.501+0600 [DEBUG] [org.gradle.cache.internal.DefaultFileLockManager] Releasing lock on daemon addresses registry.
2026-05-16T17:15:27.502+0600 [DEBUG] [org.gradle.cache.internal.DefaultFileLockManager] Waiting to acquire shared lock on daemon addresses registry.
2026-05-16T17:15:27.502+0600 [DEBUG] [org.gradle.cache.internal.DefaultFileLockManager] Lock acquired on daemon addresses registry.
2026-05-16T17:15:27.502+0600 [DEBUG] [org.gradle.cache.internal.DefaultFileLockManager] Releasing lock on daemon addresses registry.
2026-05-16T17:15:37.495+0600 [DEBUG] [org.gradle.cache.internal.DefaultFileLockManager] Waiting to acquire shared lock on daemon addresses registry.
2026-05-16T17:15:37.497+0600 [DEBUG] [org.gradle.cache.internal.DefaultFileLockManager] Lock acquired on daemon addresses registry.
2026-05-16T17:15:37.499+0600 [DEBUG] [org.gradle.cache.internal.DefaultFileLockManager] Releasing lock on daemon addresses registry.
2026-05-16T17:15:37.500+0600 [DEBUG] [org.gradle.cache.internal.DefaultFileLockManager] Waiting to acquire shared lock on daemon addresses registry.
2026-05-16T17:15:37.503+0600 [DEBUG] [org.gradle.cache.internal.DefaultFileLockManager] Lock acquired on daemon addresses registry.
2026-05-16T17:15:37.507+0600 [DEBUG] [org.gradle.cache.internal.DefaultFileLockManager] Releasing lock on daemon addresses registry.
2026-05-16T17:15:37.509+0600 [DEBUG] [org.gradle.cache.internal.DefaultFileLockManager] Waiting to acquire shared lock on daemon addresses registry.
2026-05-16T17:15:37.509+0600 [DEBUG] [org.gradle.cache.internal.DefaultFileLockManager] Lock acquired on daemon addresses registry.
2026-05-16T17:15:37.510+0600 [DEBUG] [org.gradle.cache.internal.DefaultFileLockManager] Releasing lock on daemon addresses registry.
2026-05-16T17:15:47.497+0600 [DEBUG] [org.gradle.cache.internal.DefaultFileLockManager] Waiting to acquire shared lock on daemon addresses registry.
2026-05-16T17:15:47.499+0600 [DEBUG] [org.gradle.cache.internal.DefaultFileLockManager] Lock acquired on daemon addresses registry.
2026-05-16T17:15:47.500+0600 [DEBUG] [org.gradle.cache.internal.DefaultFileLockManager] Releasing lock on daemon addresses registry.
2026-05-16T17:15:47.502+0600 [DEBUG] [org.gradle.cache.internal.DefaultFileLockManager] Waiting to acquire shared lock on daemon addresses registry.
2026-05-16T17:15:47.502+0600 [DEBUG] [org.gradle.cache.internal.DefaultFileLockManager] Lock acquired on daemon addresses registry.
2026-05-16T17:15:47.502+0600 [DEBUG] [org.gradle.cache.internal.DefaultFileLockManager] Releasing lock on daemon addresses registry.
2026-05-16T17:15:47.503+0600 [DEBUG] [org.gradle.cache.internal.DefaultFileLockManager] Waiting to acquire shared lock on daemon addresses registry.
2026-05-16T17:15:47.503+0600 [DEBUG] [org.gradle.cache.internal.DefaultFileLockManager] Lock acquired on daemon addresses registry.
2026-05-16T17:15:47.503+0600 [DEBUG] [org.gradle.cache.internal.DefaultFileLockManager] Releasing lock on daemon addresses registry.
2026-05-16T17:15:57.498+0600 [DEBUG] [org.gradle.cache.internal.DefaultFileLockManager] Waiting to acquire shared lock on daemon addresses registry.
2026-05-16T17:15:57.499+0600 [DEBUG] [org.gradle.cache.internal.DefaultFileLockManager] Lock acquired on daemon addresses registry.
2026-05-16T17:15:57.500+0600 [DEBUG] [org.gradle.cache.internal.DefaultFileLockManager] Releasing lock on daemon addresses registry.
2026-05-16T17:15:57.501+0600 [DEBUG] [org.gradle.cache.internal.DefaultFileLockManager] Waiting to acquire shared lock on daemon addresses registry.
2026-05-16T17:15:57.501+0600 [DEBUG] [org.gradle.cache.internal.DefaultFileLockManager] Lock acquired on daemon addresses registry.
2026-05-16T17:15:57.501+0600 [DEBUG] [org.gradle.cache.internal.DefaultFileLockManager] Releasing lock on daemon addresses registry.
2026-05-16T17:15:57.502+0600 [DEBUG] [org.gradle.cache.internal.DefaultFileLockManager] Waiting to acquire shared lock on daemon addresses registry.
2026-05-16T17:15:57.502+0600 [DEBUG] [org.gradle.cache.internal.DefaultFileLockManager] Lock acquired on daemon addresses registry.
2026-05-16T17:15:57.502+0600 [DEBUG] [org.gradle.cache.internal.DefaultFileLockManager] Releasing lock on daemon addresses registry.
2026-05-16T17:16:07.498+0600 [DEBUG] [org.gradle.cache.internal.DefaultFileLockManager] Waiting to acquire shared lock on daemon addresses registry.
2026-05-16T17:16:07.501+0600 [DEBUG] [org.gradle.cache.internal.DefaultFileLockManager] Lock acquired on daemon addresses registry.
2026-05-16T17:16:07.502+0600 [DEBUG] [org.gradle.cache.internal.DefaultFileLockManager] Releasing lock on daemon addresses registry.
2026-05-16T17:16:07.508+0600 [DEBUG] [org.gradle.cache.internal.DefaultFileLockManager] Waiting to acquire shared lock on daemon addresses registry.
2026-05-16T17:16:07.508+0600 [DEBUG] [org.gradle.cache.internal.DefaultFileLockManager] Lock acquired on daemon addresses registry.
2026-05-16T17:16:07.509+0600 [DEBUG] [org.gradle.cache.internal.DefaultFileLockManager] Releasing lock on daemon addresses registry.
2026-05-16T17:16:07.547+0600 [DEBUG] [org.gradle.cache.internal.DefaultFileLockManager] Waiting to acquire shared lock on daemon addresses registry.
2026-05-16T17:16:07.547+0600 [DEBUG] [org.gradle.cache.internal.DefaultFileLockManager] Lock acquired on daemon addresses registry.
2026-05-16T17:16:07.547+0600 [DEBUG] [org.gradle.cache.internal.DefaultFileLockManager] Releasing lock on daemon addresses registry.
2026-05-16T17:16:17.498+0600 [DEBUG] [org.gradle.cache.internal.DefaultFileLockManager] Waiting to acquire shared lock on daemon addresses registry.
2026-05-16T17:16:17.499+0600 [DEBUG] [org.gradle.cache.internal.DefaultFileLockManager] Lock acquired on daemon addresses registry.
2026-05-16T17:16:17.500+0600 [DEBUG] [org.gradle.cache.internal.DefaultFileLockManager] Releasing lock on daemon addresses registry.
2026-05-16T17:16:17.501+0600 [DEBUG] [org.gradle.cache.internal.DefaultFileLockManager] Waiting to acquire shared lock on daemon addresses registry.
2026-05-16T17:16:17.501+0600 [DEBUG] [org.gradle.cache.internal.DefaultFileLockManager] Lock acquired on daemon addresses registry.
2026-05-16T17:16:17.501+0600 [DEBUG] [org.gradle.cache.internal.DefaultFileLockManager] Releasing lock on daemon addresses registry.
2026-05-16T17:16:17.501+0600 [DEBUG] [org.gradle.cache.internal.DefaultFileLockManager] Waiting to acquire shared lock on daemon addresses registry.
2026-05-16T17:16:17.502+0600 [DEBUG] [org.gradle.cache.internal.DefaultFileLockManager] Lock acquired on daemon addresses registry.
2026-05-16T17:16:17.502+0600 [DEBUG] [org.gradle.cache.internal.DefaultFileLockManager] Releasing lock on daemon addresses registry.
2026-05-16T17:16:27.494+0600 [DEBUG] [org.gradle.cache.internal.DefaultFileLockManager] Waiting to acquire shared lock on daemon addresses registry.
2026-05-16T17:16:27.496+0600 [DEBUG] [org.gradle.cache.internal.DefaultFileLockManager] Lock acquired on daemon addresses registry.
2026-05-16T17:16:27.496+0600 [DEBUG] [org.gradle.cache.internal.DefaultFileLockManager] Releasing lock on daemon addresses registry.
2026-05-16T17:16:27.497+0600 [DEBUG] [org.gradle.cache.internal.DefaultFileLockManager] Waiting to acquire shared lock on daemon addresses registry.
2026-05-16T17:16:27.497+0600 [DEBUG] [org.gradle.cache.internal.DefaultFileLockManager] Lock acquired on daemon addresses registry.
2026-05-16T17:16:27.498+0600 [DEBUG] [org.gradle.cache.internal.DefaultFileLockManager] Releasing lock on daemon addresses registry.
2026-05-16T17:16:27.498+0600 [DEBUG] [org.gradle.cache.internal.DefaultFileLockManager] Waiting to acquire shared lock on daemon addresses registry.
2026-05-16T17:16:27.498+0600 [DEBUG] [org.gradle.cache.internal.DefaultFileLockManager] Lock acquired on daemon addresses registry.
2026-05-16T17:16:27.498+0600 [DEBUG] [org.gradle.cache.internal.DefaultFileLockManager] Releasing lock on daemon addresses registry.
2026-05-16T17:16:37.498+0600 [DEBUG] [org.gradle.cache.internal.DefaultFileLockManager] Waiting to acquire shared lock on daemon addresses registry.
2026-05-16T17:16:37.501+0600 [DEBUG] [org.gradle.cache.internal.DefaultFileLockManager] Lock acquired on daemon addresses registry.
2026-05-16T17:16:37.501+0600 [DEBUG] [org.gradle.cache.internal.DefaultFileLockManager] Releasing lock on daemon addresses registry.
2026-05-16T17:16:37.502+0600 [DEBUG] [org.gradle.cache.internal.DefaultFileLockManager] Waiting to acquire shared lock on daemon addresses registry.
2026-05-16T17:16:37.502+0600 [DEBUG] [org.gradle.cache.internal.DefaultFileLockManager] Lock acquired on daemon addresses registry.
2026-05-16T17:16:37.503+0600 [DEBUG] [org.gradle.cache.internal.DefaultFileLockManager] Releasing lock on daemon addresses registry.
2026-05-16T17:16:37.503+0600 [DEBUG] [org.gradle.cache.internal.DefaultFileLockManager] Waiting to acquire shared lock on daemon addresses registry.
2026-05-16T17:16:37.503+0600 [DEBUG] [org.gradle.cache.internal.DefaultFileLockManager] Lock acquired on daemon addresses registry.
2026-05-16T17:16:37.504+0600 [DEBUG] [org.gradle.cache.internal.DefaultFileLockManager] Releasing lock on daemon addresses registry.
2026-05-16T17:16:47.499+0600 [DEBUG] [org.gradle.cache.internal.DefaultFileLockManager] Waiting to acquire shared lock on daemon addresses registry.
2026-05-16T17:16:47.502+0600 [DEBUG] [org.gradle.cache.internal.DefaultFileLockManager] Lock acquired on daemon addresses registry.
2026-05-16T17:16:47.503+0600 [DEBUG] [org.gradle.cache.internal.DefaultFileLockManager] Releasing lock on daemon addresses registry.
2026-05-16T17:16:47.505+0600 [DEBUG] [org.gradle.cache.internal.DefaultFileLockManager] Waiting to acquire shared lock on daemon addresses registry.
2026-05-16T17:16:47.505+0600 [DEBUG] [org.gradle.cache.internal.DefaultFileLockManager] Lock acquired on daemon addresses registry.
2026-05-16T17:16:47.506+0600 [DEBUG] [org.gradle.cache.internal.DefaultFileLockManager] Releasing lock on daemon addresses registry.
2026-05-16T17:16:47.506+0600 [DEBUG] [org.gradle.cache.internal.DefaultFileLockManager] Waiting to acquire shared lock on daemon addresses registry.
2026-05-16T17:16:47.506+0600 [DEBUG] [org.gradle.cache.internal.DefaultFileLockManager] Lock acquired on daemon addresses registry.
2026-05-16T17:16:47.506+0600 [DEBUG] [org.gradle.cache.internal.DefaultFileLockManager] Releasing lock on daemon addresses registry.
2026-05-16T17:16:57.500+0600 [DEBUG] [org.gradle.cache.internal.DefaultFileLockManager] Waiting to acquire shared lock on daemon addresses registry.
2026-05-16T17:16:57.502+0600 [DEBUG] [org.gradle.cache.internal.DefaultFileLockManager] Lock acquired on daemon addresses registry.
2026-05-16T17:16:57.502+0600 [DEBUG] [org.gradle.cache.internal.DefaultFileLockManager] Releasing lock on daemon addresses registry.
2026-05-16T17:16:57.504+0600 [DEBUG] [org.gradle.cache.internal.DefaultFileLockManager] Waiting to acquire shared lock on daemon addresses registry.
2026-05-16T17:16:57.504+0600 [DEBUG] [org.gradle.cache.internal.DefaultFileLockManager] Lock acquired on daemon addresses registry.
2026-05-16T17:16:57.504+0600 [DEBUG] [org.gradle.cache.internal.DefaultFileLockManager] Releasing lock on daemon addresses registry.
2026-05-16T17:16:57.505+0600 [DEBUG] [org.gradle.cache.internal.DefaultFileLockManager] Waiting to acquire shared lock on daemon addresses registry.
2026-05-16T17:16:57.505+0600 [DEBUG] [org.gradle.cache.internal.DefaultFileLockManager] Lock acquired on daemon addresses registry.
2026-05-16T17:16:57.505+0600 [DEBUG] [org.gradle.cache.internal.DefaultFileLockManager] Releasing lock on daemon addresses registry.
2026-05-16T17:17:07.495+0600 [DEBUG] [org.gradle.cache.internal.DefaultFileLockManager] Waiting to acquire shared lock on daemon addresses registry.
2026-05-16T17:17:07.495+0600 [DEBUG] [org.gradle.cache.internal.DefaultFileLockManager] Lock acquired on daemon addresses registry.
2026-05-16T17:17:07.496+0600 [DEBUG] [org.gradle.cache.internal.DefaultFileLockManager] Releasing lock on daemon addresses registry.
2026-05-16T17:17:07.496+0600 [DEBUG] [org.gradle.cache.internal.DefaultFileLockManager] Waiting to acquire shared lock on daemon addresses registry.
2026-05-16T17:17:07.496+0600 [DEBUG] [org.gradle.cache.internal.DefaultFileLockManager] Lock acquired on daemon addresses registry.
2026-05-16T17:17:07.496+0600 [DEBUG] [org.gradle.cache.internal.DefaultFileLockManager] Releasing lock on daemon addresses registry.
2026-05-16T17:17:07.496+0600 [DEBUG] [org.gradle.cache.internal.DefaultFileLockManager] Waiting to acquire shared lock on daemon addresses registry.
2026-05-16T17:17:07.496+0600 [DEBUG] [org.gradle.cache.internal.DefaultFileLockManager] Lock acquired on daemon addresses registry.
2026-05-16T17:17:07.497+0600 [DEBUG] [org.gradle.cache.internal.DefaultFileLockManager] Releasing lock on daemon addresses registry.
2026-05-16T17:17:17.499+0600 [DEBUG] [org.gradle.cache.internal.DefaultFileLockManager] Waiting to acquire shared lock on daemon addresses registry.
2026-05-16T17:17:17.503+0600 [DEBUG] [org.gradle.cache.internal.DefaultFileLockManager] Lock acquired on daemon addresses registry.
2026-05-16T17:17:17.507+0600 [DEBUG] [org.gradle.cache.internal.DefaultFileLockManager] Releasing lock on daemon addresses registry.
2026-05-16T17:17:17.516+0600 [DEBUG] [org.gradle.cache.internal.DefaultFileLockManager] Waiting to acquire shared lock on daemon addresses registry.
2026-05-16T17:17:17.516+0600 [DEBUG] [org.gradle.cache.internal.DefaultFileLockManager] Lock acquired on daemon addresses registry.
2026-05-16T17:17:17.516+0600 [DEBUG] [org.gradle.cache.internal.DefaultFileLockManager] Releasing lock on daemon addresses registry.
2026-05-16T17:17:17.517+0600 [DEBUG] [org.gradle.cache.internal.DefaultFileLockManager] Waiting to acquire shared lock on daemon addresses registry.
2026-05-16T17:17:17.517+0600 [DEBUG] [org.gradle.cache.internal.DefaultFileLockManager] Lock acquired on daemon addresses registry.
2026-05-16T17:17:17.517+0600 [DEBUG] [org.gradle.cache.internal.DefaultFileLockManager] Releasing lock on daemon addresses registry.
2026-05-16T17:17:20.044+0600 [DEBUG] [sun.rmi.transport.tcp] RMI TCP Connection(9)-127.0.0.1: accepted socket from [127.0.0.1:49275]
2026-05-16T17:17:20.054+0600 [DEBUG] [sun.rmi.transport.tcp] RMI TCP Connection(9)-127.0.0.1: (port 61979) op = 80
2026-05-16T17:17:20.057+0600 [DEBUG] [sun.rmi.loader] RMI TCP Connection(9)-127.0.0.1: name = "[Ljava.rmi.server.ObjID;", codebase = "", defaultLoader = jdk.internal.loader.ClassLoaders$PlatformClassLoader@6cecc8a4
2026-05-16T17:17:20.058+0600 [DEBUG] [sun.rmi.loader] RMI TCP Connection(9)-127.0.0.1: name = "java.rmi.dgc.Lease", codebase = "", defaultLoader = jdk.internal.loader.ClassLoaders$PlatformClassLoader@6cecc8a4
2026-05-16T17:17:20.059+0600 [DEBUG] [sun.rmi.loader] RMI TCP Connection(9)-127.0.0.1: name = "java.rmi.dgc.VMID", codebase = "", defaultLoader = jdk.internal.loader.ClassLoaders$PlatformClassLoader@6cecc8a4
2026-05-16T17:17:20.059+0600 [DEBUG] [sun.rmi.loader] RMI TCP Connection(9)-127.0.0.1: name = "[B", codebase = "", defaultLoader = jdk.internal.loader.ClassLoaders$PlatformClassLoader@6cecc8a4
2026-05-16T17:17:20.059+0600 [DEBUG] [sun.rmi.loader] RMI TCP Connection(9)-127.0.0.1: name = "java.rmi.server.UID", codebase = "", defaultLoader = jdk.internal.loader.ClassLoaders$PlatformClassLoader@6cecc8a4
2026-05-16T17:17:27.511+0600 [DEBUG] [org.gradle.cache.internal.DefaultFileLockManager] Waiting to acquire shared lock on daemon addresses registry.
2026-05-16T17:17:27.513+0600 [DEBUG] [org.gradle.cache.internal.DefaultFileLockManager] Lock acquired on daemon addresses registry.
2026-05-16T17:17:27.519+0600 [DEBUG] [org.gradle.cache.internal.DefaultFileLockManager] Releasing lock on daemon addresses registry.
2026-05-16T17:17:27.520+0600 [DEBUG] [org.gradle.cache.internal.DefaultFileLockManager] Waiting to acquire shared lock on daemon addresses registry.
2026-05-16T17:17:27.520+0600 [DEBUG] [org.gradle.cache.internal.DefaultFileLockManager] Lock acquired on daemon addresses registry.
2026-05-16T17:17:27.520+0600 [DEBUG] [org.gradle.cache.internal.DefaultFileLockManager] Releasing lock on daemon addresses registry.
2026-05-16T17:17:27.521+0600 [DEBUG] [org.gradle.cache.internal.DefaultFileLockManager] Waiting to acquire shared lock on daemon addresses registry.
2026-05-16T17:17:27.521+0600 [DEBUG] [org.gradle.cache.internal.DefaultFileLockManager] Lock acquired on daemon addresses registry.
2026-05-16T17:17:27.521+0600 [DEBUG] [org.gradle.cache.internal.DefaultFileLockManager] Releasing lock on daemon addresses registry.
2026-05-16T17:17:35.095+0600 [DEBUG] [sun.rmi.transport.tcp] RMI TCP Connection(9)-127.0.0.1: (port 61979) connection closed
2026-05-16T17:17:35.097+0600 [DEBUG] [sun.rmi.transport.tcp] RMI TCP Connection(9)-127.0.0.1: close connection, socket: Socket[addr=/127.0.0.1,port=49275,localport=61979]
2026-05-16T17:17:35.097+0600 [DEBUG] [sun.rmi.transport.tcp] RMI TCP Connection(9)-127.0.0.1: socket close: Socket[addr=/127.0.0.1,port=49275,localport=61979]
2026-05-16T17:17:37.506+0600 [DEBUG] [org.gradle.cache.internal.DefaultFileLockManager] Waiting to acquire shared lock on daemon addresses registry.
2026-05-16T17:17:37.507+0600 [DEBUG] [org.gradle.cache.internal.DefaultFileLockManager] Lock acquired on daemon addresses registry.
2026-05-16T17:17:37.508+0600 [DEBUG] [org.gradle.cache.internal.DefaultFileLockManager] Releasing lock on daemon addresses registry.
2026-05-16T17:17:37.509+0600 [DEBUG] [org.gradle.cache.internal.DefaultFileLockManager] Waiting to acquire shared lock on daemon addresses registry.
2026-05-16T17:17:37.509+0600 [DEBUG] [org.gradle.cache.internal.DefaultFileLockManager] Lock acquired on daemon addresses registry.
2026-05-16T17:17:37.509+0600 [DEBUG] [org.gradle.cache.internal.DefaultFileLockManager] Releasing lock on daemon addresses registry.
2026-05-16T17:17:37.510+0600 [DEBUG] [org.gradle.cache.internal.DefaultFileLockManager] Waiting to acquire shared lock on daemon addresses registry.
2026-05-16T17:17:37.512+0600 [DEBUG] [org.gradle.cache.internal.DefaultFileLockManager] Lock acquired on daemon addresses registry.
2026-05-16T17:17:37.512+0600 [DEBUG] [org.gradle.cache.internal.DefaultFileLockManager] Releasing lock on daemon addresses registry.
2026-05-16T17:17:47.517+0600 [DEBUG] [org.gradle.cache.internal.DefaultFileLockManager] Waiting to acquire shared lock on daemon addresses registry.
2026-05-16T17:17:47.520+0600 [DEBUG] [org.gradle.cache.internal.DefaultFileLockManager] Lock acquired on daemon addresses registry.
2026-05-16T17:17:47.521+0600 [DEBUG] [org.gradle.cache.internal.DefaultFileLockManager] Releasing lock on daemon addresses registry.
2026-05-16T17:17:47.523+0600 [DEBUG] [org.gradle.cache.internal.DefaultFileLockManager] Waiting to acquire shared lock on daemon addresses registry.
2026-05-16T17:17:47.523+0600 [DEBUG] [org.gradle.cache.internal.DefaultFileLockManager] Lock acquired on daemon addresses registry.
2026-05-16T17:17:47.524+0600 [DEBUG] [org.gradle.cache.internal.DefaultFileLockManager] Releasing lock on daemon addresses registry.
2026-05-16T17:17:47.524+0600 [DEBUG] [org.gradle.cache.internal.DefaultFileLockManager] Waiting to acquire shared lock on daemon addresses registry.
2026-05-16T17:17:47.524+0600 [DEBUG] [org.gradle.cache.internal.DefaultFileLockManager] Lock acquired on daemon addresses registry.
2026-05-16T17:17:47.525+0600 [DEBUG] [org.gradle.cache.internal.DefaultFileLockManager] Releasing lock on daemon addresses registry.
2026-05-16T17:17:57.514+0600 [DEBUG] [org.gradle.cache.internal.DefaultFileLockManager] Waiting to acquire shared lock on daemon addresses registry.
2026-05-16T17:17:57.521+0600 [DEBUG] [org.gradle.cache.internal.DefaultFileLockManager] Lock acquired on daemon addresses registry.
2026-05-16T17:17:57.523+0600 [DEBUG] [org.gradle.cache.internal.DefaultFileLockManager] Releasing lock on daemon addresses registry.
2026-05-16T17:17:57.525+0600 [DEBUG] [org.gradle.cache.internal.DefaultFileLockManager] Waiting to acquire shared lock on daemon addresses registry.
2026-05-16T17:17:57.525+0600 [DEBUG] [org.gradle.cache.internal.DefaultFileLockManager] Lock acquired on daemon addresses registry.
2026-05-16T17:17:57.526+0600 [DEBUG] [org.gradle.cache.internal.DefaultFileLockManager] Releasing lock on daemon addresses registry.
2026-05-16T17:17:57.526+0600 [DEBUG] [org.gradle.cache.internal.DefaultFileLockManager] Waiting to acquire shared lock on daemon addresses registry.
2026-05-16T17:17:57.526+0600 [DEBUG] [org.gradle.cache.internal.DefaultFileLockManager] Lock acquired on daemon addresses registry.
2026-05-16T17:17:57.526+0600 [DEBUG] [org.gradle.cache.internal.DefaultFileLockManager] Releasing lock on daemon addresses registry.
2026-05-16T17:18:07.518+0600 [DEBUG] [org.gradle.cache.internal.DefaultFileLockManager] Waiting to acquire shared lock on daemon addresses registry.
2026-05-16T17:18:07.521+0600 [DEBUG] [org.gradle.cache.internal.DefaultFileLockManager] Lock acquired on daemon addresses registry.
2026-05-16T17:18:07.522+0600 [DEBUG] [org.gradle.cache.internal.DefaultFileLockManager] Releasing lock on daemon addresses registry.
2026-05-16T17:18:07.523+0600 [DEBUG] [org.gradle.cache.internal.DefaultFileLockManager] Waiting to acquire shared lock on daemon addresses registry.
2026-05-16T17:18:07.523+0600 [DEBUG] [org.gradle.cache.internal.DefaultFileLockManager] Lock acquired on daemon addresses registry.
2026-05-16T17:18:07.523+0600 [DEBUG] [org.gradle.cache.internal.DefaultFileLockManager] Releasing lock on daemon addresses registry.
2026-05-16T17:18:07.524+0600 [DEBUG] [org.gradle.cache.internal.DefaultFileLockManager] Waiting to acquire shared lock on daemon addresses registry.
2026-05-16T17:18:07.524+0600 [DEBUG] [org.gradle.cache.internal.DefaultFileLockManager] Lock acquired on daemon addresses registry.
2026-05-16T17:18:07.524+0600 [DEBUG] [org.gradle.cache.internal.DefaultFileLockManager] Releasing lock on daemon addresses registry.
2026-05-16T17:18:17.509+0600 [DEBUG] [org.gradle.cache.internal.DefaultFileLockManager] Waiting to acquire shared lock on daemon addresses registry.
2026-05-16T17:18:17.510+0600 [DEBUG] [org.gradle.cache.internal.DefaultFileLockManager] Lock acquired on daemon addresses registry.
2026-05-16T17:18:17.511+0600 [DEBUG] [org.gradle.cache.internal.DefaultFileLockManager] Releasing lock on daemon addresses registry.
2026-05-16T17:18:17.511+0600 [DEBUG] [org.gradle.cache.internal.DefaultFileLockManager] Waiting to acquire shared lock on daemon addresses registry.
2026-05-16T17:18:17.512+0600 [DEBUG] [org.gradle.cache.internal.DefaultFileLockManager] Lock acquired on daemon addresses registry.
2026-05-16T17:18:17.512+0600 [DEBUG] [org.gradle.cache.internal.DefaultFileLockManager] Releasing lock on daemon addresses registry.
2026-05-16T17:18:17.512+0600 [DEBUG] [org.gradle.cache.internal.DefaultFileLockManager] Waiting to acquire shared lock on daemon addresses registry.
2026-05-16T17:18:17.512+0600 [DEBUG] [org.gradle.cache.internal.DefaultFileLockManager] Lock acquired on daemon addresses registry.
2026-05-16T17:18:17.512+0600 [DEBUG] [org.gradle.cache.internal.DefaultFileLockManager] Releasing lock on daemon addresses registry.
2026-05-16T17:18:27.515+0600 [DEBUG] [org.gradle.cache.internal.DefaultFileLockManager] Waiting to acquire shared lock on daemon addresses registry.
2026-05-16T17:18:27.522+0600 [DEBUG] [org.gradle.cache.internal.DefaultFileLockManager] Lock acquired on daemon addresses registry.
2026-05-16T17:18:27.531+0600 [DEBUG] [org.gradle.cache.internal.DefaultFileLockManager] Releasing lock on daemon addresses registry.
2026-05-16T17:18:27.532+0600 [DEBUG] [org.gradle.cache.internal.DefaultFileLockManager] Waiting to acquire shared lock on daemon addresses registry.
2026-05-16T17:18:27.532+0600 [DEBUG] [org.gradle.cache.internal.DefaultFileLockManager] Lock acquired on daemon addresses registry.
2026-05-16T17:18:27.532+0600 [DEBUG] [org.gradle.cache.internal.DefaultFileLockManager] Releasing lock on daemon addresses registry.
2026-05-16T17:18:27.532+0600 [DEBUG] [org.gradle.cache.internal.DefaultFileLockManager] Waiting to acquire shared lock on daemon addresses registry.
2026-05-16T17:18:27.533+0600 [DEBUG] [org.gradle.cache.internal.DefaultFileLockManager] Lock acquired on daemon addresses registry.
2026-05-16T17:18:27.533+0600 [DEBUG] [org.gradle.cache.internal.DefaultFileLockManager] Releasing lock on daemon addresses registry.
2026-05-16T17:18:37.514+0600 [DEBUG] [org.gradle.cache.internal.DefaultFileLockManager] Waiting to acquire shared lock on daemon addresses registry.
2026-05-16T17:18:37.515+0600 [DEBUG] [org.gradle.cache.internal.DefaultFileLockManager] Lock acquired on daemon addresses registry.
2026-05-16T17:18:37.516+0600 [DEBUG] [org.gradle.cache.internal.DefaultFileLockManager] Releasing lock on daemon addresses registry.
2026-05-16T17:18:37.517+0600 [DEBUG] [org.gradle.cache.internal.DefaultFileLockManager] Waiting to acquire shared lock on daemon addresses registry.
2026-05-16T17:18:37.517+0600 [DEBUG] [org.gradle.cache.internal.DefaultFileLockManager] Lock acquired on daemon addresses registry.
2026-05-16T17:18:37.517+0600 [DEBUG] [org.gradle.cache.internal.DefaultFileLockManager] Releasing lock on daemon addresses registry.
2026-05-16T17:18:37.518+0600 [DEBUG] [org.gradle.cache.internal.DefaultFileLockManager] Waiting to acquire shared lock on daemon addresses registry.
2026-05-16T17:18:37.518+0600 [DEBUG] [org.gradle.cache.internal.DefaultFileLockManager] Lock acquired on daemon addresses registry.
2026-05-16T17:18:37.518+0600 [DEBUG] [org.gradle.cache.internal.DefaultFileLockManager] Releasing lock on daemon addresses registry.
2026-05-16T17:18:47.510+0600 [DEBUG] [org.gradle.cache.internal.DefaultFileLockManager] Waiting to acquire shared lock on daemon addresses registry.
2026-05-16T17:18:47.511+0600 [DEBUG] [org.gradle.cache.internal.DefaultFileLockManager] Lock acquired on daemon addresses registry.
2026-05-16T17:18:47.512+0600 [DEBUG] [org.gradle.cache.internal.DefaultFileLockManager] Releasing lock on daemon addresses registry.
2026-05-16T17:18:47.514+0600 [DEBUG] [org.gradle.cache.internal.DefaultFileLockManager] Waiting to acquire shared lock on daemon addresses registry.
2026-05-16T17:18:47.514+0600 [DEBUG] [org.gradle.cache.internal.DefaultFileLockManager] Lock acquired on daemon addresses registry.
2026-05-16T17:18:47.514+0600 [DEBUG] [org.gradle.cache.internal.DefaultFileLockManager] Releasing lock on daemon addresses registry.
2026-05-16T17:18:47.515+0600 [DEBUG] [org.gradle.cache.internal.DefaultFileLockManager] Waiting to acquire shared lock on daemon addresses registry.
2026-05-16T17:18:47.515+0600 [DEBUG] [org.gradle.cache.internal.DefaultFileLockManager] Lock acquired on daemon addresses registry.
2026-05-16T17:18:47.515+0600 [DEBUG] [org.gradle.cache.internal.DefaultFileLockManager] Releasing lock on daemon addresses registry.
2026-05-16T17:18:57.513+0600 [DEBUG] [org.gradle.cache.internal.DefaultFileLockManager] Waiting to acquire shared lock on daemon addresses registry.
2026-05-16T17:18:57.514+0600 [DEBUG] [org.gradle.cache.internal.DefaultFileLockManager] Lock acquired on daemon addresses registry.
2026-05-16T17:18:57.514+0600 [DEBUG] [org.gradle.cache.internal.DefaultFileLockManager] Releasing lock on daemon addresses registry.
2026-05-16T17:18:57.515+0600 [DEBUG] [org.gradle.cache.internal.DefaultFileLockManager] Waiting to acquire shared lock on daemon addresses registry.
2026-05-16T17:18:57.515+0600 [DEBUG] [org.gradle.cache.internal.DefaultFileLockManager] Lock acquired on daemon addresses registry.
2026-05-16T17:18:57.515+0600 [DEBUG] [org.gradle.cache.internal.DefaultFileLockManager] Releasing lock on daemon addresses registry.
2026-05-16T17:18:57.516+0600 [DEBUG] [org.gradle.cache.internal.DefaultFileLockManager] Waiting to acquire shared lock on daemon addresses registry.
2026-05-16T17:18:57.516+0600 [DEBUG] [org.gradle.cache.internal.DefaultFileLockManager] Lock acquired on daemon addresses registry.
2026-05-16T17:18:57.516+0600 [DEBUG] [org.gradle.cache.internal.DefaultFileLockManager] Releasing lock on daemon addresses registry.
2026-05-16T17:19:07.514+0600 [DEBUG] [org.gradle.cache.internal.DefaultFileLockManager] Waiting to acquire shared lock on daemon addresses registry.
2026-05-16T17:19:07.515+0600 [DEBUG] [org.gradle.cache.internal.DefaultFileLockManager] Lock acquired on daemon addresses registry.
2026-05-16T17:19:07.516+0600 [DEBUG] [org.gradle.cache.internal.DefaultFileLockManager] Releasing lock on daemon addresses registry.
2026-05-16T17:19:07.517+0600 [DEBUG] [org.gradle.cache.internal.DefaultFileLockManager] Waiting to acquire shared lock on daemon addresses registry.
2026-05-16T17:19:07.517+0600 [DEBUG] [org.gradle.cache.internal.DefaultFileLockManager] Lock acquired on daemon addresses registry.
2026-05-16T17:19:07.539+0600 [DEBUG] [org.gradle.cache.internal.DefaultFileLockManager] Releasing lock on daemon addresses registry.
2026-05-16T17:19:07.539+0600 [DEBUG] [org.gradle.cache.internal.DefaultFileLockManager] Waiting to acquire shared lock on daemon addresses registry.
2026-05-16T17:19:07.539+0600 [DEBUG] [org.gradle.cache.internal.DefaultFileLockManager] Lock acquired on daemon addresses registry.
2026-05-16T17:19:07.540+0600 [DEBUG] [org.gradle.cache.internal.DefaultFileLockManager] Releasing lock on daemon addresses registry.
2026-05-16T17:19:17.522+0600 [DEBUG] [org.gradle.cache.internal.DefaultFileLockManager] Waiting to acquire shared lock on daemon addresses registry.
2026-05-16T17:19:17.526+0600 [DEBUG] [org.gradle.cache.internal.DefaultFileLockManager] Lock acquired on daemon addresses registry.
2026-05-16T17:19:17.527+0600 [DEBUG] [org.gradle.cache.internal.DefaultFileLockManager] Releasing lock on daemon addresses registry.
2026-05-16T17:19:17.530+0600 [DEBUG] [org.gradle.cache.internal.DefaultFileLockManager] Waiting to acquire shared lock on daemon addresses registry.
2026-05-16T17:19:17.530+0600 [DEBUG] [org.gradle.cache.internal.DefaultFileLockManager] Lock acquired on daemon addresses registry.
2026-05-16T17:19:17.532+0600 [DEBUG] [org.gradle.cache.internal.DefaultFileLockManager] Releasing lock on daemon addresses registry.
2026-05-16T17:19:17.532+0600 [DEBUG] [org.gradle.cache.internal.DefaultFileLockManager] Waiting to acquire shared lock on daemon addresses registry.
2026-05-16T17:19:17.532+0600 [DEBUG] [org.gradle.cache.internal.DefaultFileLockManager] Lock acquired on daemon addresses registry.
2026-05-16T17:19:17.533+0600 [DEBUG] [org.gradle.cache.internal.DefaultFileLockManager] Releasing lock on daemon addresses registry.
2026-05-16T17:19:27.517+0600 [DEBUG] [org.gradle.cache.internal.DefaultFileLockManager] Waiting to acquire shared lock on daemon addresses registry.
2026-05-16T17:19:27.523+0600 [DEBUG] [org.gradle.cache.internal.DefaultFileLockManager] Lock acquired on daemon addresses registry.
2026-05-16T17:19:27.526+0600 [DEBUG] [org.gradle.cache.internal.DefaultFileLockManager] Releasing lock on daemon addresses registry.
2026-05-16T17:19:27.533+0600 [DEBUG] [org.gradle.cache.internal.DefaultFileLockManager] Waiting to acquire shared lock on daemon addresses registry.
2026-05-16T17:19:27.534+0600 [DEBUG] [org.gradle.cache.internal.DefaultFileLockManager] Lock acquired on daemon addresses registry.
2026-05-16T17:19:27.534+0600 [DEBUG] [org.gradle.cache.internal.DefaultFileLockManager] Releasing lock on daemon addresses registry.
2026-05-16T17:19:27.537+0600 [DEBUG] [org.gradle.cache.internal.DefaultFileLockManager] Waiting to acquire shared lock on daemon addresses registry.
2026-05-16T17:19:27.538+0600 [DEBUG] [org.gradle.cache.internal.DefaultFileLockManager] Lock acquired on daemon addresses registry.
2026-05-16T17:19:27.538+0600 [DEBUG] [org.gradle.cache.internal.DefaultFileLockManager] Releasing lock on daemon addresses registry.
2026-05-16T17:19:37.517+0600 [DEBUG] [org.gradle.cache.internal.DefaultFileLockManager] Waiting to acquire shared lock on daemon addresses registry.
2026-05-16T17:19:37.529+0600 [DEBUG] [org.gradle.cache.internal.DefaultFileLockManager] Lock acquired on daemon addresses registry.
2026-05-16T17:19:37.530+0600 [DEBUG] [org.gradle.cache.internal.DefaultFileLockManager] Releasing lock on daemon addresses registry.
2026-05-16T17:19:37.532+0600 [DEBUG] [org.gradle.cache.internal.DefaultFileLockManager] Waiting to acquire shared lock on daemon addresses registry.
2026-05-16T17:19:37.532+0600 [DEBUG] [org.gradle.cache.internal.DefaultFileLockManager] Lock acquired on daemon addresses registry.
2026-05-16T17:19:37.532+0600 [DEBUG] [org.gradle.cache.internal.DefaultFileLockManager] Releasing lock on daemon addresses registry.
2026-05-16T17:19:37.533+0600 [DEBUG] [org.gradle.cache.internal.DefaultFileLockManager] Waiting to acquire shared lock on daemon addresses registry.
2026-05-16T17:19:37.534+0600 [DEBUG] [org.gradle.cache.internal.DefaultFileLockManager] Lock acquired on daemon addresses registry.
2026-05-16T17:19:37.535+0600 [DEBUG] [org.gradle.cache.internal.DefaultFileLockManager] Releasing lock on daemon addresses registry.
2026-05-16T17:19:47.521+0600 [DEBUG] [org.gradle.cache.internal.DefaultFileLockManager] Waiting to acquire shared lock on daemon addresses registry.
2026-05-16T17:19:47.525+0600 [DEBUG] [org.gradle.cache.internal.DefaultFileLockManager] Lock acquired on daemon addresses registry.
2026-05-16T17:19:47.526+0600 [DEBUG] [org.gradle.cache.internal.DefaultFileLockManager] Releasing lock on daemon addresses registry.
2026-05-16T17:19:47.528+0600 [DEBUG] [org.gradle.cache.internal.DefaultFileLockManager] Waiting to acquire shared lock on daemon addresses registry.
2026-05-16T17:19:47.528+0600 [DEBUG] [org.gradle.cache.internal.DefaultFileLockManager] Lock acquired on daemon addresses registry.
2026-05-16T17:19:47.528+0600 [DEBUG] [org.gradle.cache.internal.DefaultFileLockManager] Releasing lock on daemon addresses registry.
2026-05-16T17:19:47.529+0600 [DEBUG] [org.gradle.cache.internal.DefaultFileLockManager] Waiting to acquire shared lock on daemon addresses registry.
2026-05-16T17:19:47.529+0600 [DEBUG] [org.gradle.cache.internal.DefaultFileLockManager] Lock acquired on daemon addresses registry.
2026-05-16T17:19:47.529+0600 [DEBUG] [org.gradle.cache.internal.DefaultFileLockManager] Releasing lock on daemon addresses registry.
2026-05-16T17:19:57.515+0600 [DEBUG] [org.gradle.cache.internal.DefaultFileLockManager] Waiting to acquire shared lock on daemon addresses registry.
2026-05-16T17:19:57.521+0600 [DEBUG] [org.gradle.cache.internal.DefaultFileLockManager] Lock acquired on daemon addresses registry.
2026-05-16T17:19:57.523+0600 [DEBUG] [org.gradle.cache.internal.DefaultFileLockManager] Releasing lock on daemon addresses registry.
2026-05-16T17:19:57.527+0600 [DEBUG] [org.gradle.cache.internal.DefaultFileLockManager] Waiting to acquire shared lock on daemon addresses registry.
2026-05-16T17:19:57.527+0600 [DEBUG] [org.gradle.cache.internal.DefaultFileLockManager] Lock acquired on daemon addresses registry.
2026-05-16T17:19:57.527+0600 [DEBUG] [org.gradle.cache.internal.DefaultFileLockManager] Releasing lock on daemon addresses registry.
2026-05-16T17:19:57.528+0600 [DEBUG] [org.gradle.cache.internal.DefaultFileLockManager] Waiting to acquire shared lock on daemon addresses registry.
2026-05-16T17:19:57.528+0600 [DEBUG] [org.gradle.cache.internal.DefaultFileLockManager] Lock acquired on daemon addresses registry.
2026-05-16T17:19:57.528+0600 [DEBUG] [org.gradle.cache.internal.DefaultFileLockManager] Releasing lock on daemon addresses registry.
2026-05-16T17:20:07.515+0600 [DEBUG] [org.gradle.cache.internal.DefaultFileLockManager] Waiting to acquire shared lock on daemon addresses registry.
2026-05-16T17:20:07.518+0600 [DEBUG] [org.gradle.cache.internal.DefaultFileLockManager] Lock acquired on daemon addresses registry.
2026-05-16T17:20:07.521+0600 [DEBUG] [org.gradle.cache.internal.DefaultFileLockManager] Releasing lock on daemon addresses registry.
2026-05-16T17:20:07.522+0600 [DEBUG] [org.gradle.cache.internal.DefaultFileLockManager] Waiting to acquire shared lock on daemon addresses registry.
2026-05-16T17:20:07.522+0600 [DEBUG] [org.gradle.cache.internal.DefaultFileLockManager] Lock acquired on daemon addresses registry.
2026-05-16T17:20:07.522+0600 [DEBUG] [org.gradle.cache.internal.DefaultFileLockManager] Releasing lock on daemon addresses registry.
2026-05-16T17:20:07.523+0600 [DEBUG] [org.gradle.cache.internal.DefaultFileLockManager] Waiting to acquire shared lock on daemon addresses registry.
2026-05-16T17:20:07.523+0600 [DEBUG] [org.gradle.cache.internal.DefaultFileLockManager] Lock acquired on daemon addresses registry.
2026-05-16T17:20:07.524+0600 [DEBUG] [org.gradle.cache.internal.DefaultFileLockManager] Releasing lock on daemon addresses registry.
2026-05-16T17:20:17.515+0600 [DEBUG] [org.gradle.cache.internal.DefaultFileLockManager] Waiting to acquire shared lock on daemon addresses registry.
2026-05-16T17:20:17.517+0600 [DEBUG] [org.gradle.cache.internal.DefaultFileLockManager] Lock acquired on daemon addresses registry.
2026-05-16T17:20:17.518+0600 [DEBUG] [org.gradle.cache.internal.DefaultFileLockManager] Releasing lock on daemon addresses registry.
2026-05-16T17:20:17.519+0600 [DEBUG] [org.gradle.cache.internal.DefaultFileLockManager] Waiting to acquire shared lock on daemon addresses registry.
2026-05-16T17:20:17.519+0600 [DEBUG] [org.gradle.cache.internal.DefaultFileLockManager] Lock acquired on daemon addresses registry.
2026-05-16T17:20:17.519+0600 [DEBUG] [org.gradle.cache.internal.DefaultFileLockManager] Releasing lock on daemon addresses registry.
2026-05-16T17:20:17.520+0600 [DEBUG] [org.gradle.cache.internal.DefaultFileLockManager] Waiting to acquire shared lock on daemon addresses registry.
2026-05-16T17:20:17.520+0600 [DEBUG] [org.gradle.cache.internal.DefaultFileLockManager] Lock acquired on daemon addresses registry.
2026-05-16T17:20:17.520+0600 [DEBUG] [org.gradle.cache.internal.DefaultFileLockManager] Releasing lock on daemon addresses registry.
2026-05-16T17:20:27.517+0600 [DEBUG] [org.gradle.cache.internal.DefaultFileLockManager] Waiting to acquire shared lock on daemon addresses registry.
2026-05-16T17:20:27.521+0600 [DEBUG] [org.gradle.cache.internal.DefaultFileLockManager] Lock acquired on daemon addresses registry.
2026-05-16T17:20:27.525+0600 [DEBUG] [org.gradle.cache.internal.DefaultFileLockManager] Releasing lock on daemon addresses registry.
2026-05-16T17:20:27.526+0600 [DEBUG] [org.gradle.cache.internal.DefaultFileLockManager] Waiting to acquire shared lock on daemon addresses registry.
2026-05-16T17:20:27.527+0600 [DEBUG] [org.gradle.cache.internal.DefaultFileLockManager] Lock acquired on daemon addresses registry.
2026-05-16T17:20:27.527+0600 [DEBUG] [org.gradle.cache.internal.DefaultFileLockManager] Releasing lock on daemon addresses registry.
2026-05-16T17:20:27.527+0600 [DEBUG] [org.gradle.cache.internal.DefaultFileLockManager] Waiting to acquire shared lock on daemon addresses registry.
2026-05-16T17:20:27.528+0600 [DEBUG] [org.gradle.cache.internal.DefaultFileLockManager] Lock acquired on daemon addresses registry.
2026-05-16T17:20:27.528+0600 [DEBUG] [org.gradle.cache.internal.DefaultFileLockManager] Releasing lock on daemon addresses registry.
2026-05-16T17:20:37.515+0600 [DEBUG] [org.gradle.cache.internal.DefaultFileLockManager] Waiting to acquire shared lock on daemon addresses registry.
2026-05-16T17:20:37.516+0600 [DEBUG] [org.gradle.cache.internal.DefaultFileLockManager] Lock acquired on daemon addresses registry.
2026-05-16T17:20:37.517+0600 [DEBUG] [org.gradle.cache.internal.DefaultFileLockManager] Releasing lock on daemon addresses registry.
2026-05-16T17:20:37.518+0600 [DEBUG] [org.gradle.cache.internal.DefaultFileLockManager] Waiting to acquire shared lock on daemon addresses registry.
2026-05-16T17:20:37.518+0600 [DEBUG] [org.gradle.cache.internal.DefaultFileLockManager] Lock acquired on daemon addresses registry.
2026-05-16T17:20:37.518+0600 [DEBUG] [org.gradle.cache.internal.DefaultFileLockManager] Releasing lock on daemon addresses registry.
2026-05-16T17:20:37.519+0600 [DEBUG] [org.gradle.cache.internal.DefaultFileLockManager] Waiting to acquire shared lock on daemon addresses registry.
2026-05-16T17:20:37.519+0600 [DEBUG] [org.gradle.cache.internal.DefaultFileLockManager] Lock acquired on daemon addresses registry.
2026-05-16T17:20:37.519+0600 [DEBUG] [org.gradle.cache.internal.DefaultFileLockManager] Releasing lock on daemon addresses registry.
2026-05-16T17:20:47.518+0600 [DEBUG] [org.gradle.cache.internal.DefaultFileLockManager] Waiting to acquire shared lock on daemon addresses registry.
2026-05-16T17:20:47.522+0600 [DEBUG] [org.gradle.cache.internal.DefaultFileLockManager] Lock acquired on daemon addresses registry.
2026-05-16T17:20:47.524+0600 [DEBUG] [org.gradle.cache.internal.DefaultFileLockManager] Releasing lock on daemon addresses registry.
2026-05-16T17:20:47.526+0600 [DEBUG] [org.gradle.cache.internal.DefaultFileLockManager] Waiting to acquire shared lock on daemon addresses registry.
2026-05-16T17:20:47.526+0600 [DEBUG] [org.gradle.cache.internal.DefaultFileLockManager] Lock acquired on daemon addresses registry.
2026-05-16T17:20:47.526+0600 [DEBUG] [org.gradle.cache.internal.DefaultFileLockManager] Releasing lock on daemon addresses registry.
2026-05-16T17:20:47.527+0600 [DEBUG] [org.gradle.cache.internal.DefaultFileLockManager] Waiting to acquire shared lock on daemon addresses registry.
2026-05-16T17:20:47.527+0600 [DEBUG] [org.gradle.cache.internal.DefaultFileLockManager] Lock acquired on daemon addresses registry.
2026-05-16T17:20:47.527+0600 [DEBUG] [org.gradle.cache.internal.DefaultFileLockManager] Releasing lock on daemon addresses registry.
2026-05-16T17:20:57.514+0600 [DEBUG] [org.gradle.cache.internal.DefaultFileLockManager] Waiting to acquire shared lock on daemon addresses registry.
2026-05-16T17:20:57.515+0600 [DEBUG] [org.gradle.cache.internal.DefaultFileLockManager] Lock acquired on daemon addresses registry.
2026-05-16T17:20:57.515+0600 [DEBUG] [org.gradle.cache.internal.DefaultFileLockManager] Releasing lock on daemon addresses registry.
2026-05-16T17:20:57.516+0600 [DEBUG] [org.gradle.cache.internal.DefaultFileLockManager] Waiting to acquire shared lock on daemon addresses registry.
2026-05-16T17:20:57.516+0600 [DEBUG] [org.gradle.cache.internal.DefaultFileLockManager] Lock acquired on daemon addresses registry.
2026-05-16T17:20:57.516+0600 [DEBUG] [org.gradle.cache.internal.DefaultFileLockManager] Releasing lock on daemon addresses registry.
2026-05-16T17:20:57.517+0600 [DEBUG] [org.gradle.cache.internal.DefaultFileLockManager] Waiting to acquire shared lock on daemon addresses registry.
2026-05-16T17:20:57.518+0600 [DEBUG] [org.gradle.cache.internal.DefaultFileLockManager] Lock acquired on daemon addresses registry.
2026-05-16T17:20:57.518+0600 [DEBUG] [org.gradle.cache.internal.DefaultFileLockManager] Releasing lock on daemon addresses registry.
2026-05-16T17:21:07.524+0600 [DEBUG] [org.gradle.cache.internal.DefaultFileLockManager] Waiting to acquire shared lock on daemon addresses registry.
2026-05-16T17:21:07.531+0600 [DEBUG] [org.gradle.cache.internal.DefaultFileLockManager] Lock acquired on daemon addresses registry.
2026-05-16T17:21:07.534+0600 [DEBUG] [org.gradle.cache.internal.DefaultFileLockManager] Releasing lock on daemon addresses registry.
2026-05-16T17:21:07.537+0600 [DEBUG] [org.gradle.cache.internal.DefaultFileLockManager] Waiting to acquire shared lock on daemon addresses registry.
2026-05-16T17:21:07.537+0600 [DEBUG] [org.gradle.cache.internal.DefaultFileLockManager] Lock acquired on daemon addresses registry.
2026-05-16T17:21:07.537+0600 [DEBUG] [org.gradle.cache.internal.DefaultFileLockManager] Releasing lock on daemon addresses registry.
2026-05-16T17:21:07.538+0600 [DEBUG] [org.gradle.cache.internal.DefaultFileLockManager] Waiting to acquire shared lock on daemon addresses registry.
2026-05-16T17:21:07.538+0600 [DEBUG] [org.gradle.cache.internal.DefaultFileLockManager] Lock acquired on daemon addresses registry.
2026-05-16T17:21:07.538+0600 [DEBUG] [org.gradle.cache.internal.DefaultFileLockManager] Releasing lock on daemon addresses registry.
2026-05-16T17:21:17.515+0600 [DEBUG] [org.gradle.cache.internal.DefaultFileLockManager] Waiting to acquire shared lock on daemon addresses registry.
2026-05-16T17:21:17.519+0600 [DEBUG] [org.gradle.cache.internal.DefaultFileLockManager] Lock acquired on daemon addresses registry.
2026-05-16T17:21:17.520+0600 [DEBUG] [org.gradle.cache.internal.DefaultFileLockManager] Releasing lock on daemon addresses registry.
2026-05-16T17:21:17.522+0600 [DEBUG] [org.gradle.cache.internal.DefaultFileLockManager] Waiting to acquire shared lock on daemon addresses registry.
2026-05-16T17:21:17.523+0600 [DEBUG] [org.gradle.cache.internal.DefaultFileLockManager] Lock acquired on daemon addresses registry.
2026-05-16T17:21:17.524+0600 [DEBUG] [org.gradle.cache.internal.DefaultFileLockManager] Releasing lock on daemon addresses registry.
2026-05-16T17:21:17.525+0600 [DEBUG] [org.gradle.cache.internal.DefaultFileLockManager] Waiting to acquire shared lock on daemon addresses registry.
2026-05-16T17:21:17.525+0600 [DEBUG] [org.gradle.cache.internal.DefaultFileLockManager] Lock acquired on daemon addresses registry.
2026-05-16T17:21:17.526+0600 [DEBUG] [org.gradle.cache.internal.DefaultFileLockManager] Releasing lock on daemon addresses registry.
2026-05-16T17:21:27.515+0600 [DEBUG] [org.gradle.cache.internal.DefaultFileLockManager] Waiting to acquire shared lock on daemon addresses registry.
2026-05-16T17:21:27.520+0600 [DEBUG] [org.gradle.cache.internal.DefaultFileLockManager] Lock acquired on daemon addresses registry.
2026-05-16T17:21:27.522+0600 [DEBUG] [org.gradle.cache.internal.DefaultFileLockManager] Releasing lock on daemon addresses registry.
2026-05-16T17:21:27.524+0600 [DEBUG] [org.gradle.cache.internal.DefaultFileLockManager] Waiting to acquire shared lock on daemon addresses registry.
2026-05-16T17:21:27.524+0600 [DEBUG] [org.gradle.cache.internal.DefaultFileLockManager] Lock acquired on daemon addresses registry.
2026-05-16T17:21:27.525+0600 [DEBUG] [org.gradle.cache.internal.DefaultFileLockManager] Releasing lock on daemon addresses registry.
2026-05-16T17:21:27.526+0600 [DEBUG] [org.gradle.cache.internal.DefaultFileLockManager] Waiting to acquire shared lock on daemon addresses registry.
2026-05-16T17:21:27.526+0600 [DEBUG] [org.gradle.cache.internal.DefaultFileLockManager] Lock acquired on daemon addresses registry.
2026-05-16T17:21:27.527+0600 [DEBUG] [org.gradle.cache.internal.DefaultFileLockManager] Releasing lock on daemon addresses registry.
2026-05-16T17:21:37.515+0600 [DEBUG] [org.gradle.cache.internal.DefaultFileLockManager] Waiting to acquire shared lock on daemon addresses registry.
2026-05-16T17:21:37.515+0600 [DEBUG] [org.gradle.cache.internal.DefaultFileLockManager] Lock acquired on daemon addresses registry.
2026-05-16T17:21:37.516+0600 [DEBUG] [org.gradle.cache.internal.DefaultFileLockManager] Releasing lock on daemon addresses registry.
2026-05-16T17:21:37.517+0600 [DEBUG] [org.gradle.cache.internal.DefaultFileLockManager] Waiting to acquire shared lock on daemon addresses registry.
2026-05-16T17:21:37.517+0600 [DEBUG] [org.gradle.cache.internal.DefaultFileLockManager] Lock acquired on daemon addresses registry.
2026-05-16T17:21:37.518+0600 [DEBUG] [org.gradle.cache.internal.DefaultFileLockManager] Releasing lock on daemon addresses registry.
2026-05-16T17:21:37.518+0600 [DEBUG] [org.gradle.cache.internal.DefaultFileLockManager] Waiting to acquire shared lock on daemon addresses registry.
2026-05-16T17:21:37.519+0600 [DEBUG] [org.gradle.cache.internal.DefaultFileLockManager] Lock acquired on daemon addresses registry.
2026-05-16T17:21:37.519+0600 [DEBUG] [org.gradle.cache.internal.DefaultFileLockManager] Releasing lock on daemon addresses registry.
2026-05-16T17:21:47.513+0600 [DEBUG] [org.gradle.cache.internal.DefaultFileLockManager] Waiting to acquire shared lock on daemon addresses registry.
2026-05-16T17:21:47.517+0600 [DEBUG] [org.gradle.cache.internal.DefaultFileLockManager] Lock acquired on daemon addresses registry.
2026-05-16T17:21:47.518+0600 [DEBUG] [org.gradle.cache.internal.DefaultFileLockManager] Releasing lock on daemon addresses registry.
2026-05-16T17:21:47.520+0600 [DEBUG] [org.gradle.cache.internal.DefaultFileLockManager] Waiting to acquire shared lock on daemon addresses registry.
2026-05-16T17:21:47.520+0600 [DEBUG] [org.gradle.cache.internal.DefaultFileLockManager] Lock acquired on daemon addresses registry.
2026-05-16T17:21:47.520+0600 [DEBUG] [org.gradle.cache.internal.DefaultFileLockManager] Releasing lock on daemon addresses registry.
2026-05-16T17:21:47.521+0600 [DEBUG] [org.gradle.cache.internal.DefaultFileLockManager] Waiting to acquire shared lock on daemon addresses registry.
2026-05-16T17:21:47.521+0600 [DEBUG] [org.gradle.cache.internal.DefaultFileLockManager] Lock acquired on daemon addresses registry.
2026-05-16T17:21:47.522+0600 [DEBUG] [org.gradle.cache.internal.DefaultFileLockManager] Releasing lock on daemon addresses registry.
2026-05-16T17:21:57.513+0600 [DEBUG] [org.gradle.cache.internal.DefaultFileLockManager] Waiting to acquire shared lock on daemon addresses registry.
2026-05-16T17:21:57.513+0600 [DEBUG] [org.gradle.cache.internal.DefaultFileLockManager] Lock acquired on daemon addresses registry.
2026-05-16T17:21:57.514+0600 [DEBUG] [org.gradle.cache.internal.DefaultFileLockManager] Releasing lock on daemon addresses registry.
2026-05-16T17:21:57.514+0600 [DEBUG] [org.gradle.cache.internal.DefaultFileLockManager] Waiting to acquire shared lock on daemon addresses registry.
2026-05-16T17:21:57.514+0600 [DEBUG] [org.gradle.cache.internal.DefaultFileLockManager] Lock acquired on daemon addresses registry.
2026-05-16T17:21:57.515+0600 [DEBUG] [org.gradle.cache.internal.DefaultFileLockManager] Releasing lock on daemon addresses registry.
2026-05-16T17:21:57.515+0600 [DEBUG] [org.gradle.cache.internal.DefaultFileLockManager] Waiting to acquire shared lock on daemon addresses registry.
2026-05-16T17:21:57.515+0600 [DEBUG] [org.gradle.cache.internal.DefaultFileLockManager] Lock acquired on daemon addresses registry.
2026-05-16T17:21:57.516+0600 [DEBUG] [org.gradle.cache.internal.DefaultFileLockManager] Releasing lock on daemon addresses registry.
2026-05-16T17:22:07.514+0600 [DEBUG] [org.gradle.cache.internal.DefaultFileLockManager] Waiting to acquire shared lock on daemon addresses registry.
2026-05-16T17:22:07.515+0600 [DEBUG] [org.gradle.cache.internal.DefaultFileLockManager] Lock acquired on daemon addresses registry.
2026-05-16T17:22:07.516+0600 [DEBUG] [org.gradle.cache.internal.DefaultFileLockManager] Releasing lock on daemon addresses registry.
2026-05-16T17:22:07.517+0600 [DEBUG] [org.gradle.cache.internal.DefaultFileLockManager] Waiting to acquire shared lock on daemon addresses registry.
2026-05-16T17:22:07.517+0600 [DEBUG] [org.gradle.cache.internal.DefaultFileLockManager] Lock acquired on daemon addresses registry.
2026-05-16T17:22:07.518+0600 [DEBUG] [org.gradle.cache.internal.DefaultFileLockManager] Releasing lock on daemon addresses registry.
2026-05-16T17:22:07.519+0600 [DEBUG] [org.gradle.cache.internal.DefaultFileLockManager] Waiting to acquire shared lock on daemon addresses registry.
2026-05-16T17:22:07.519+0600 [DEBUG] [org.gradle.cache.internal.DefaultFileLockManager] Lock acquired on daemon addresses registry.
2026-05-16T17:22:07.519+0600 [DEBUG] [org.gradle.cache.internal.DefaultFileLockManager] Releasing lock on daemon addresses registry.
2026-05-16T17:22:17.515+0600 [DEBUG] [org.gradle.cache.internal.DefaultFileLockManager] Waiting to acquire shared lock on daemon addresses registry.
2026-05-16T17:22:17.516+0600 [DEBUG] [org.gradle.cache.internal.DefaultFileLockManager] Lock acquired on daemon addresses registry.
2026-05-16T17:22:17.517+0600 [DEBUG] [org.gradle.cache.internal.DefaultFileLockManager] Releasing lock on daemon addresses registry.
2026-05-16T17:22:17.517+0600 [DEBUG] [org.gradle.cache.internal.DefaultFileLockManager] Waiting to acquire shared lock on daemon addresses registry.
2026-05-16T17:22:17.518+0600 [DEBUG] [org.gradle.cache.internal.DefaultFileLockManager] Lock acquired on daemon addresses registry.
2026-05-16T17:22:17.518+0600 [DEBUG] [org.gradle.cache.internal.DefaultFileLockManager] Releasing lock on daemon addresses registry.
2026-05-16T17:22:17.519+0600 [DEBUG] [org.gradle.cache.internal.DefaultFileLockManager] Waiting to acquire shared lock on daemon addresses registry.
2026-05-16T17:22:17.519+0600 [DEBUG] [org.gradle.cache.internal.DefaultFileLockManager] Lock acquired on daemon addresses registry.
2026-05-16T17:22:17.519+0600 [DEBUG] [org.gradle.cache.internal.DefaultFileLockManager] Releasing lock on daemon addresses registry.
2026-05-16T17:22:20.051+0600 [DEBUG] [sun.rmi.transport.tcp] RMI TCP Connection(10)-127.0.0.1: accepted socket from [127.0.0.1:49673]
2026-05-16T17:22:20.055+0600 [DEBUG] [sun.rmi.transport.tcp] RMI TCP Connection(10)-127.0.0.1: (port 61979) op = 80
2026-05-16T17:22:20.056+0600 [DEBUG] [sun.rmi.loader] RMI TCP Connection(10)-127.0.0.1: name = "[Ljava.rmi.server.ObjID;", codebase = "", defaultLoader = jdk.internal.loader.ClassLoaders$PlatformClassLoader@6cecc8a4
2026-05-16T17:22:20.057+0600 [DEBUG] [sun.rmi.loader] RMI TCP Connection(10)-127.0.0.1: name = "java.rmi.dgc.Lease", codebase = "", defaultLoader = jdk.internal.loader.ClassLoaders$PlatformClassLoader@6cecc8a4
2026-05-16T17:22:20.057+0600 [DEBUG] [sun.rmi.loader] RMI TCP Connection(10)-127.0.0.1: name = "java.rmi.dgc.VMID", codebase = "", defaultLoader = jdk.internal.loader.ClassLoaders$PlatformClassLoader@6cecc8a4
2026-05-16T17:22:20.058+0600 [DEBUG] [sun.rmi.loader] RMI TCP Connection(10)-127.0.0.1: name = "[B", codebase = "", defaultLoader = jdk.internal.loader.ClassLoaders$PlatformClassLoader@6cecc8a4
2026-05-16T17:22:20.058+0600 [DEBUG] [sun.rmi.loader] RMI TCP Connection(10)-127.0.0.1: name = "java.rmi.server.UID", codebase = "", defaultLoader = jdk.internal.loader.ClassLoaders$PlatformClassLoader@6cecc8a4
2026-05-16T17:22:27.513+0600 [DEBUG] [org.gradle.cache.internal.DefaultFileLockManager] Waiting to acquire shared lock on daemon addresses registry.
2026-05-16T17:22:27.514+0600 [DEBUG] [org.gradle.cache.internal.DefaultFileLockManager] Lock acquired on daemon addresses registry.
2026-05-16T17:22:27.514+0600 [DEBUG] [org.gradle.cache.internal.DefaultFileLockManager] Releasing lock on daemon addresses registry.
2026-05-16T17:22:27.515+0600 [DEBUG] [org.gradle.cache.internal.DefaultFileLockManager] Waiting to acquire shared lock on daemon addresses registry.
2026-05-16T17:22:27.515+0600 [DEBUG] [org.gradle.cache.internal.DefaultFileLockManager] Lock acquired on daemon addresses registry.
2026-05-16T17:22:27.515+0600 [DEBUG] [org.gradle.cache.internal.DefaultFileLockManager] Releasing lock on daemon addresses registry.
2026-05-16T17:22:27.516+0600 [DEBUG] [org.gradle.cache.internal.DefaultFileLockManager] Waiting to acquire shared lock on daemon addresses registry.
2026-05-16T17:22:27.516+0600 [DEBUG] [org.gradle.cache.internal.DefaultFileLockManager] Lock acquired on daemon addresses registry.
2026-05-16T17:22:27.516+0600 [DEBUG] [org.gradle.cache.internal.DefaultFileLockManager] Releasing lock on daemon addresses registry.
2026-05-16T17:22:35.068+0600 [DEBUG] [sun.rmi.transport.tcp] RMI TCP Connection(10)-127.0.0.1: (port 61979) connection closed
2026-05-16T17:22:35.071+0600 [DEBUG] [sun.rmi.transport.tcp] RMI TCP Connection(10)-127.0.0.1: close connection, socket: Socket[addr=/127.0.0.1,port=49673,localport=61979]
2026-05-16T17:22:35.072+0600 [DEBUG] [sun.rmi.transport.tcp] RMI TCP Connection(10)-127.0.0.1: socket close: Socket[addr=/127.0.0.1,port=49673,localport=61979]
2026-05-16T17:22:37.517+0600 [DEBUG] [org.gradle.cache.internal.DefaultFileLockManager] Waiting to acquire shared lock on daemon addresses registry.
2026-05-16T17:22:37.519+0600 [DEBUG] [org.gradle.cache.internal.DefaultFileLockManager] Lock acquired on daemon addresses registry.
2026-05-16T17:22:37.521+0600 [DEBUG] [org.gradle.cache.internal.DefaultFileLockManager] Releasing lock on daemon addresses registry.
2026-05-16T17:22:37.522+0600 [DEBUG] [org.gradle.cache.internal.DefaultFileLockManager] Waiting to acquire shared lock on daemon addresses registry.
2026-05-16T17:22:37.522+0600 [DEBUG] [org.gradle.cache.internal.DefaultFileLockManager] Lock acquired on daemon addresses registry.
2026-05-16T17:22:37.523+0600 [DEBUG] [org.gradle.cache.internal.DefaultFileLockManager] Releasing lock on daemon addresses registry.
2026-05-16T17:22:37.523+0600 [DEBUG] [org.gradle.cache.internal.DefaultFileLockManager] Waiting to acquire shared lock on daemon addresses registry.
2026-05-16T17:22:37.523+0600 [DEBUG] [org.gradle.cache.internal.DefaultFileLockManager] Lock acquired on daemon addresses registry.
2026-05-16T17:22:37.523+0600 [DEBUG] [org.gradle.cache.internal.DefaultFileLockManager] Releasing lock on daemon addresses registry.
2026-05-16T17:22:47.513+0600 [DEBUG] [org.gradle.cache.internal.DefaultFileLockManager] Waiting to acquire shared lock on daemon addresses registry.
2026-05-16T17:22:47.515+0600 [DEBUG] [org.gradle.cache.internal.DefaultFileLockManager] Lock acquired on daemon addresses registry.
2026-05-16T17:22:47.515+0600 [DEBUG] [org.gradle.cache.internal.DefaultFileLockManager] Releasing lock on daemon addresses registry.
2026-05-16T17:22:47.516+0600 [DEBUG] [org.gradle.cache.internal.DefaultFileLockManager] Waiting to acquire shared lock on daemon addresses registry.
2026-05-16T17:22:47.516+0600 [DEBUG] [org.gradle.cache.internal.DefaultFileLockManager] Lock acquired on daemon addresses registry.
2026-05-16T17:22:47.516+0600 [DEBUG] [org.gradle.cache.internal.DefaultFileLockManager] Releasing lock on daemon addresses registry.
2026-05-16T17:22:47.517+0600 [DEBUG] [org.gradle.cache.internal.DefaultFileLockManager] Waiting to acquire shared lock on daemon addresses registry.
2026-05-16T17:22:47.517+0600 [DEBUG] [org.gradle.cache.internal.DefaultFileLockManager] Lock acquired on daemon addresses registry.
2026-05-16T17:22:47.517+0600 [DEBUG] [org.gradle.cache.internal.DefaultFileLockManager] Releasing lock on daemon addresses registry.
2026-05-16T17:22:57.512+0600 [DEBUG] [org.gradle.cache.internal.DefaultFileLockManager] Waiting to acquire shared lock on daemon addresses registry.
2026-05-16T17:22:57.513+0600 [DEBUG] [org.gradle.cache.internal.DefaultFileLockManager] Lock acquired on daemon addresses registry.
2026-05-16T17:22:57.514+0600 [DEBUG] [org.gradle.cache.internal.DefaultFileLockManager] Releasing lock on daemon addresses registry.
2026-05-16T17:22:57.515+0600 [DEBUG] [org.gradle.cache.internal.DefaultFileLockManager] Waiting to acquire shared lock on daemon addresses registry.
2026-05-16T17:22:57.515+0600 [DEBUG] [org.gradle.cache.internal.DefaultFileLockManager] Lock acquired on daemon addresses registry.
2026-05-16T17:22:57.515+0600 [DEBUG] [org.gradle.cache.internal.DefaultFileLockManager] Releasing lock on daemon addresses registry.
2026-05-16T17:22:57.515+0600 [DEBUG] [org.gradle.cache.internal.DefaultFileLockManager] Waiting to acquire shared lock on daemon addresses registry.
2026-05-16T17:22:57.515+0600 [DEBUG] [org.gradle.cache.internal.DefaultFileLockManager] Lock acquired on daemon addresses registry.
2026-05-16T17:22:57.515+0600 [DEBUG] [org.gradle.cache.internal.DefaultFileLockManager] Releasing lock on daemon addresses registry.
2026-05-16T17:23:07.515+0600 [DEBUG] [org.gradle.cache.internal.DefaultFileLockManager] Waiting to acquire shared lock on daemon addresses registry.
2026-05-16T17:23:07.516+0600 [DEBUG] [org.gradle.cache.internal.DefaultFileLockManager] Lock acquired on daemon addresses registry.
2026-05-16T17:23:07.517+0600 [DEBUG] [org.gradle.cache.internal.DefaultFileLockManager] Releasing lock on daemon addresses registry.
2026-05-16T17:23:07.517+0600 [DEBUG] [org.gradle.cache.internal.DefaultFileLockManager] Waiting to acquire shared lock on daemon addresses registry.
2026-05-16T17:23:07.517+0600 [DEBUG] [org.gradle.cache.internal.DefaultFileLockManager] Lock acquired on daemon addresses registry.
2026-05-16T17:23:07.518+0600 [DEBUG] [org.gradle.cache.internal.DefaultFileLockManager] Releasing lock on daemon addresses registry.
2026-05-16T17:23:07.518+0600 [DEBUG] [org.gradle.cache.internal.DefaultFileLockManager] Waiting to acquire shared lock on daemon addresses registry.
2026-05-16T17:23:07.518+0600 [DEBUG] [org.gradle.cache.internal.DefaultFileLockManager] Lock acquired on daemon addresses registry.
2026-05-16T17:23:07.519+0600 [DEBUG] [org.gradle.cache.internal.DefaultFileLockManager] Releasing lock on daemon addresses registry.
2026-05-16T17:23:17.515+0600 [DEBUG] [org.gradle.cache.internal.DefaultFileLockManager] Waiting to acquire shared lock on daemon addresses registry.
2026-05-16T17:23:17.516+0600 [DEBUG] [org.gradle.cache.internal.DefaultFileLockManager] Lock acquired on daemon addresses registry.
2026-05-16T17:23:17.516+0600 [DEBUG] [org.gradle.cache.internal.DefaultFileLockManager] Releasing lock on daemon addresses registry.
2026-05-16T17:23:17.516+0600 [DEBUG] [org.gradle.cache.internal.DefaultFileLockManager] Waiting to acquire shared lock on daemon addresses registry.
2026-05-16T17:23:17.516+0600 [DEBUG] [org.gradle.cache.internal.DefaultFileLockManager] Lock acquired on daemon addresses registry.
2026-05-16T17:23:17.517+0600 [DEBUG] [org.gradle.cache.internal.DefaultFileLockManager] Releasing lock on daemon addresses registry.
2026-05-16T17:23:17.517+0600 [DEBUG] [org.gradle.cache.internal.DefaultFileLockManager] Waiting to acquire shared lock on daemon addresses registry.
2026-05-16T17:23:17.517+0600 [DEBUG] [org.gradle.cache.internal.DefaultFileLockManager] Lock acquired on daemon addresses registry.
2026-05-16T17:23:17.517+0600 [DEBUG] [org.gradle.cache.internal.DefaultFileLockManager] Releasing lock on daemon addresses registry.
2026-05-16T17:23:27.514+0600 [DEBUG] [org.gradle.cache.internal.DefaultFileLockManager] Waiting to acquire shared lock on daemon addresses registry.
2026-05-16T17:23:27.516+0600 [DEBUG] [org.gradle.cache.internal.DefaultFileLockManager] Lock acquired on daemon addresses registry.
2026-05-16T17:23:27.517+0600 [DEBUG] [org.gradle.cache.internal.DefaultFileLockManager] Releasing lock on daemon addresses registry.
2026-05-16T17:23:27.519+0600 [DEBUG] [org.gradle.cache.internal.DefaultFileLockManager] Waiting to acquire shared lock on daemon addresses registry.
2026-05-16T17:23:27.519+0600 [DEBUG] [org.gradle.cache.internal.DefaultFileLockManager] Lock acquired on daemon addresses registry.
2026-05-16T17:23:27.519+0600 [DEBUG] [org.gradle.cache.internal.DefaultFileLockManager] Releasing lock on daemon addresses registry.
2026-05-16T17:23:27.520+0600 [DEBUG] [org.gradle.cache.internal.DefaultFileLockManager] Waiting to acquire shared lock on daemon addresses registry.
2026-05-16T17:23:27.520+0600 [DEBUG] [org.gradle.cache.internal.DefaultFileLockManager] Lock acquired on daemon addresses registry.
2026-05-16T17:23:27.520+0600 [DEBUG] [org.gradle.cache.internal.DefaultFileLockManager] Releasing lock on daemon addresses registry.
2026-05-16T17:23:37.517+0600 [DEBUG] [org.gradle.cache.internal.DefaultFileLockManager] Waiting to acquire shared lock on daemon addresses registry.
2026-05-16T17:23:37.519+0600 [DEBUG] [org.gradle.cache.internal.DefaultFileLockManager] Lock acquired on daemon addresses registry.
2026-05-16T17:23:37.519+0600 [DEBUG] [org.gradle.cache.internal.DefaultFileLockManager] Releasing lock on daemon addresses registry.
2026-05-16T17:23:37.520+0600 [DEBUG] [org.gradle.cache.internal.DefaultFileLockManager] Waiting to acquire shared lock on daemon addresses registry.
2026-05-16T17:23:37.520+0600 [DEBUG] [org.gradle.cache.internal.DefaultFileLockManager] Lock acquired on daemon addresses registry.
2026-05-16T17:23:37.521+0600 [DEBUG] [org.gradle.cache.internal.DefaultFileLockManager] Releasing lock on daemon addresses registry.
2026-05-16T17:23:37.521+0600 [DEBUG] [org.gradle.cache.internal.DefaultFileLockManager] Waiting to acquire shared lock on daemon addresses registry.
2026-05-16T17:23:37.521+0600 [DEBUG] [org.gradle.cache.internal.DefaultFileLockManager] Lock acquired on daemon addresses registry.
2026-05-16T17:23:37.521+0600 [DEBUG] [org.gradle.cache.internal.DefaultFileLockManager] Releasing lock on daemon addresses registry.
2026-05-16T17:23:47.510+0600 [DEBUG] [org.gradle.cache.internal.DefaultFileLockManager] Waiting to acquire shared lock on daemon addresses registry.
2026-05-16T17:23:47.512+0600 [DEBUG] [org.gradle.cache.internal.DefaultFileLockManager] Lock acquired on daemon addresses registry.
2026-05-16T17:23:47.512+0600 [DEBUG] [org.gradle.cache.internal.DefaultFileLockManager] Releasing lock on daemon addresses registry.
2026-05-16T17:23:47.513+0600 [DEBUG] [org.gradle.cache.internal.DefaultFileLockManager] Waiting to acquire shared lock on daemon addresses registry.
2026-05-16T17:23:47.514+0600 [DEBUG] [org.gradle.cache.internal.DefaultFileLockManager] Lock acquired on daemon addresses registry.
2026-05-16T17:23:47.514+0600 [DEBUG] [org.gradle.cache.internal.DefaultFileLockManager] Releasing lock on daemon addresses registry.
2026-05-16T17:23:47.515+0600 [DEBUG] [org.gradle.cache.internal.DefaultFileLockManager] Waiting to acquire shared lock on daemon addresses registry.
2026-05-16T17:23:47.515+0600 [DEBUG] [org.gradle.cache.internal.DefaultFileLockManager] Lock acquired on daemon addresses registry.
2026-05-16T17:23:47.515+0600 [DEBUG] [org.gradle.cache.internal.DefaultFileLockManager] Releasing lock on daemon addresses registry.
2026-05-16T17:23:57.515+0600 [DEBUG] [org.gradle.cache.internal.DefaultFileLockManager] Waiting to acquire shared lock on daemon addresses registry.
2026-05-16T17:23:57.515+0600 [DEBUG] [org.gradle.cache.internal.DefaultFileLockManager] Lock acquired on daemon addresses registry.
2026-05-16T17:23:57.515+0600 [DEBUG] [org.gradle.cache.internal.DefaultFileLockManager] Releasing lock on daemon addresses registry.
2026-05-16T17:23:57.516+0600 [DEBUG] [org.gradle.cache.internal.DefaultFileLockManager] Waiting to acquire shared lock on daemon addresses registry.
2026-05-16T17:23:57.516+0600 [DEBUG] [org.gradle.cache.internal.DefaultFileLockManager] Lock acquired on daemon addresses registry.
2026-05-16T17:23:57.516+0600 [DEBUG] [org.gradle.cache.internal.DefaultFileLockManager] Releasing lock on daemon addresses registry.
2026-05-16T17:23:57.516+0600 [DEBUG] [org.gradle.cache.internal.DefaultFileLockManager] Waiting to acquire shared lock on daemon addresses registry.
2026-05-16T17:23:57.516+0600 [DEBUG] [org.gradle.cache.internal.DefaultFileLockManager] Lock acquired on daemon addresses registry.
2026-05-16T17:23:57.517+0600 [DEBUG] [org.gradle.cache.internal.DefaultFileLockManager] Releasing lock on daemon addresses registry.
2026-05-16T17:24:07.510+0600 [DEBUG] [org.gradle.cache.internal.DefaultFileLockManager] Waiting to acquire shared lock on daemon addresses registry.
2026-05-16T17:24:07.510+0600 [DEBUG] [org.gradle.cache.internal.DefaultFileLockManager] Lock acquired on daemon addresses registry.
2026-05-16T17:24:07.511+0600 [DEBUG] [org.gradle.cache.internal.DefaultFileLockManager] Releasing lock on daemon addresses registry.
2026-05-16T17:24:07.511+0600 [DEBUG] [org.gradle.cache.internal.DefaultFileLockManager] Waiting to acquire shared lock on daemon addresses registry.
2026-05-16T17:24:07.511+0600 [DEBUG] [org.gradle.cache.internal.DefaultFileLockManager] Lock acquired on daemon addresses registry.
2026-05-16T17:24:07.512+0600 [DEBUG] [org.gradle.cache.internal.DefaultFileLockManager] Releasing lock on daemon addresses registry.
2026-05-16T17:24:07.512+0600 [DEBUG] [org.gradle.cache.internal.DefaultFileLockManager] Waiting to acquire shared lock on daemon addresses registry.
2026-05-16T17:24:07.512+0600 [DEBUG] [org.gradle.cache.internal.DefaultFileLockManager] Lock acquired on daemon addresses registry.
2026-05-16T17:24:07.513+0600 [DEBUG] [org.gradle.cache.internal.DefaultFileLockManager] Releasing lock on daemon addresses registry.
2026-05-16T17:24:13.581+0600 [DEBUG] [org.gradle.internal.remote.internal.inet.TcpIncomingConnector] Accepted connection from /127.0.0.1:49762 to /127.0.0.1:61957.
2026-05-16T17:24:13.667+0600 [DEBUG] [org.gradle.launcher.daemon.server.SynchronizedDispatchConnection] thread 187: received class org.gradle.launcher.daemon.protocol.Build
2026-05-16T17:24:13.667+0600 [DEBUG] [org.gradle.launcher.daemon.server.DefaultDaemonConnection] thread 187: Received non-IO message from client: Build{id=10945e9f-2be7-4817-a9f7-fd1edcfacd38, currentDir=/Users/alifmahmud/FM 01/Developed by Alif/My routine}
2026-05-16T17:24:13.667+0600 [INFO] [org.gradle.launcher.daemon.server.DefaultIncomingConnectionHandler] Received command: Build{id=10945e9f-2be7-4817-a9f7-fd1edcfacd38, currentDir=/Users/alifmahmud/FM 01/Developed by Alif/My routine}.
2026-05-16T17:24:13.668+0600 [DEBUG] [org.gradle.launcher.daemon.server.DefaultIncomingConnectionHandler] Starting executing command: Build{id=10945e9f-2be7-4817-a9f7-fd1edcfacd38, currentDir=/Users/alifmahmud/FM 01/Developed by Alif/My routine} with connection: socket connection from /127.0.0.1:61957 to /127.0.0.1:49762.
2026-05-16T17:24:13.678+0600 [DEBUG] [org.gradle.launcher.daemon.server.DaemonStateCoordinator] Command execution: started DaemonCommandExecution[command = Build{id=10945e9f-2be7-4817-a9f7-fd1edcfacd38, currentDir=/Users/alifmahmud/FM 01/Developed by Alif/My routine}, connection = DefaultDaemonConnection: socket connection from /127.0.0.1:61957 to /127.0.0.1:49762] after 36.82241666666666 minutes of idle
2026-05-16T17:24:13.679+0600 [INFO] [org.gradle.launcher.daemon.server.DaemonRegistryUpdater] Marking the daemon as busy, address: [ae81f017-0d59-418a-958d-07aa10f757ed port:61957, addresses:[localhost/127.0.0.1]]
2026-05-16T17:24:13.680+0600 [DEBUG] [org.gradle.launcher.daemon.registry.PersistentDaemonRegistry] Marking busy by address: [ae81f017-0d59-418a-958d-07aa10f757ed port:61957, addresses:[localhost/127.0.0.1]]
2026-05-16T17:24:13.680+0600 [DEBUG] [org.gradle.cache.internal.DefaultFileLockManager] Waiting to acquire exclusive lock on daemon addresses registry.
2026-05-16T17:24:13.681+0600 [DEBUG] [org.gradle.cache.internal.DefaultFileLockManager] Lock acquired on daemon addresses registry.
2026-05-16T17:24:13.685+0600 [DEBUG] [org.gradle.cache.internal.DefaultFileLockManager] Releasing lock on daemon addresses registry.
2026-05-16T17:24:13.685+0600 [DEBUG] [org.gradle.launcher.daemon.server.DaemonStateCoordinator] resetting idle timer
2026-05-16T17:24:13.685+0600 [INFO] [org.gradle.launcher.daemon.server.exec.StartBuildOrRespondWithBusy] Daemon is about to start building Build{id=10945e9f-2be7-4817-a9f7-fd1edcfacd38, currentDir=/Users/alifmahmud/FM 01/Developed by Alif/My routine}. Dispatching build started information...
2026-05-16T17:24:13.686+0600 [DEBUG] [org.gradle.launcher.daemon.server.DaemonStateCoordinator] daemon is running. Sleeping until state changes.
2026-05-16T17:24:13.687+0600 [DEBUG] [org.gradle.launcher.daemon.server.SynchronizedDispatchConnection] thread 189: dispatching org.gradle.launcher.daemon.protocol.BuildStarted@344d555e
2026-05-16T17:24:13.704+0600 [DEBUG] [org.gradle.launcher.daemon.server.exec.EstablishBuildEnvironment] Configuring env variables: [PATH, PYENV_SHELL, JAVA_HOME, LANG, COMMAND_MODE, NVM_INC, SDKMAN_DIR, LOGNAME, XPC_SERVICE_NAME, SDKMAN_CANDIDATES_DIR, __CFBundleIdentifier, NVM_CD_FLAGS, NVM_DIR, SHELL, SDKMAN_CANDIDATES_API, OLDPWD, SDKMAN_PLATFORM, USER, TMPDIR, SSH_AUTH_SOCK, OSLogRateLimit, XPC_FLAGS, __CF_USER_TEXT_ENCODING, NVM_BIN, HOME]
2026-05-16T17:24:13.721+0600 [DEBUG] [org.gradle.launcher.daemon.server.exec.LogToClient] About to start relaying all logs to the client via the connection.
2026-05-16T17:24:13.725+0600 [INFO] [org.gradle.launcher.daemon.server.exec.LogToClient] The client will now receive all logging from the daemon (pid: 26512). The daemon log file: /Users/alifmahmud/FM 01/Developed by Alif/My routine/daemon/8.13/daemon-26512.out.log
2026-05-16T17:24:13.848+0600 [INFO] [org.gradle.launcher.daemon.server.exec.LogAndCheckHealth] Starting 2nd build in daemon [uptime: 37 mins 6.355 secs, performance: 99%, GC rate: 0.00/s, heap usage: 1% of 2 GiB]
2026-05-16T17:24:13.852+0600 [DEBUG] [org.gradle.launcher.daemon.server.exec.ExecuteBuild] The daemon has started executing the build.
2026-05-16T17:24:13.852+0600 [DEBUG] [org.gradle.launcher.daemon.server.exec.ExecuteBuild] Executing build with daemon context: DefaultDaemonContext[uid=888cdd82-77bf-41ca-8e38-294626a8ecad,javaHome=/Applications/Android Studio.app/Contents/jbr/Contents/Home,javaVersion=21,javaVendor=JetBrains s.r.o.,daemonRegistryDir=/Users/alifmahmud/FM 01/Developed by Alif/My routine/daemon,pid=26512,idleTimeout=10800000,priority=NORMAL,applyInstrumentationAgent=true,nativeServicesMode=ENABLED,daemonOpts=-Xmx2048m,-Dfile.encoding=UTF-8,-Duser.country=BD,-Duser.language=en,-Duser.variant]

BUILD SUCCESSFUL in 9s
36 actionable tasks: 6 executed, 30 up-to-date
2026-05-16T17:24:22.776+0600 [DEBUG] [org.gradle.launcher.daemon.server.exec.ExecuteBuild] The daemon has finished executing the build.
2026-05-16T17:24:22.782+0600 [DEBUG] [org.gradle.launcher.daemon.server.DaemonStateCoordinator] daemon is running. Sleeping until state changes.
2026-05-16T17:24:22.782+0600 [DEBUG] [org.gradle.launcher.daemon.server.DaemonStateCoordinator] Command execution: finished waiting for DaemonCommandExecution[command = Build{id=10945e9f-2be7-4817-a9f7-fd1edcfacd38, currentDir=/Users/alifmahmud/FM 01/Developed by Alif/My routine}, connection = DefaultDaemonConnection: socket connection from /127.0.0.1:61957 to /127.0.0.1:49762]. Result org.gradle.launcher.daemon.server.DaemonStateCoordinator@7b1ab164 with state Busy
2026-05-16T17:24:22.782+0600 [DEBUG] [org.gradle.launcher.daemon.server.DaemonStateCoordinator] Command execution: completed DaemonCommandExecution[command = Build{id=10945e9f-2be7-4817-a9f7-fd1edcfacd38, currentDir=/Users/alifmahmud/FM 01/Developed by Alif/My routine}, connection = DefaultDaemonConnection: socket connection from /127.0.0.1:61957 to /127.0.0.1:49762]
2026-05-16T17:24:22.782+0600 [DEBUG] [org.gradle.launcher.daemon.server.DaemonStateCoordinator] resetting idle timer
2026-05-16T17:24:22.782+0600 [INFO] [org.gradle.launcher.daemon.server.DaemonRegistryUpdater] Marking the daemon as idle, address: [ae81f017-0d59-418a-958d-07aa10f757ed port:61957, addresses:[localhost/127.0.0.1]]
2026-05-16T17:24:22.782+0600 [DEBUG] [org.gradle.launcher.daemon.registry.PersistentDaemonRegistry] Marking busy by address: [ae81f017-0d59-418a-958d-07aa10f757ed port:61957, addresses:[localhost/127.0.0.1]]
2026-05-16T17:24:22.782+0600 [DEBUG] [org.gradle.cache.internal.DefaultFileLockManager] Waiting to acquire exclusive lock on daemon addresses registry.
2026-05-16T17:24:22.782+0600 [DEBUG] [org.gradle.cache.internal.DefaultFileLockManager] Lock acquired on daemon addresses registry.
2026-05-16T17:24:22.783+0600 [DEBUG] [org.gradle.cache.internal.DefaultFileLockManager] Releasing lock on daemon addresses registry.
2026-05-16T17:24:22.783+0600 [DEBUG] [org.gradle.launcher.daemon.server.DaemonStateCoordinator] daemon is running. Sleeping until state changes.
2026-05-16T17:24:22.783+0600 [DEBUG] [org.gradle.launcher.daemon.server.exec.ReturnResult] Daemon is dispatching the build result: Success[value=org.gradle.launcher.exec.BuildActionResult@653d3171]
2026-05-16T17:24:22.783+0600 [DEBUG] [org.gradle.launcher.daemon.server.SynchronizedDispatchConnection] thread 186: dispatching Success[value=org.gradle.launcher.exec.BuildActionResult@653d3171]
2026-05-16T17:24:22.783+0600 [DEBUG] [org.gradle.launcher.daemon.server.exec.CleanUpVirtualFileSystemAfterBuild] Cleaning virtual file system after build finished
2026-05-16T17:24:22.783+0600 [DEBUG] [org.gradle.launcher.daemon.server.DefaultIncomingConnectionHandler] Finishing executing command: Build{id=10945e9f-2be7-4817-a9f7-fd1edcfacd38, currentDir=/Users/alifmahmud/FM 01/Developed by Alif/My routine}
2026-05-16T17:24:22.783+0600 [DEBUG] [org.gradle.launcher.daemon.server.SynchronizedDispatchConnection] thread 187: received class org.gradle.launcher.daemon.protocol.CloseInput
2026-05-16T17:24:22.783+0600 [DEBUG] [org.gradle.launcher.daemon.server.DefaultDaemonConnection] thread 187: Received IO message from client: org.gradle.launcher.daemon.protocol.CloseInput@16f48a5a
2026-05-16T17:24:22.783+0600 [DEBUG] [org.gradle.launcher.daemon.server.SynchronizedDispatchConnection] thread 187: received class org.gradle.launcher.daemon.protocol.Finished
2026-05-16T17:24:22.783+0600 [DEBUG] [org.gradle.launcher.daemon.server.DefaultDaemonConnection] thread 187: Received non-IO message from client: org.gradle.launcher.daemon.protocol.Finished@183366f4
2026-05-16T17:24:22.783+0600 [DEBUG] [org.gradle.internal.remote.internal.inet.SocketConnection] Discarding EOFException: java.io.EOFException
2026-05-16T17:24:22.783+0600 [DEBUG] [org.gradle.launcher.daemon.server.SynchronizedDispatchConnection] thread 187: received null
2026-05-16T17:24:22.783+0600 [DEBUG] [org.gradle.launcher.daemon.server.DefaultDaemonConnection] thread 187: Received end-of-input from client.
2026-05-16T17:24:22.783+0600 [WARN] [org.gradle.launcher.daemon.server.DefaultIncomingConnectionHandler] Timed out waiting for finished message from client socket connection from /127.0.0.1:61957 to /127.0.0.1:49762. Discarding connection.
2026-05-16T17:24:22.783+0600 [DEBUG] [org.gradle.launcher.daemon.server.SynchronizedDispatchConnection] thread 186: stopping connection
2026-05-16T17:24:22.784+0600 [DEBUG] [org.gradle.launcher.daemon.server.SynchronizedDispatchConnection] thread 186: stopping connection
2026-05-16T17:24:27.514+0600 [DEBUG] [org.gradle.cache.internal.DefaultFileLockManager] Waiting to acquire shared lock on daemon addresses registry.
2026-05-16T17:24:27.515+0600 [DEBUG] [org.gradle.cache.internal.DefaultFileLockManager] Lock acquired on daemon addresses registry.
2026-05-16T17:24:27.515+0600 [DEBUG] [org.gradle.cache.internal.DefaultFileLockManager] Releasing lock on daemon addresses registry.
2026-05-16T17:24:27.515+0600 [DEBUG] [org.gradle.cache.internal.DefaultFileLockManager] Waiting to acquire shared lock on daemon addresses registry.
2026-05-16T17:24:27.515+0600 [DEBUG] [org.gradle.cache.internal.DefaultFileLockManager] Lock acquired on daemon addresses registry.
2026-05-16T17:24:27.516+0600 [DEBUG] [org.gradle.cache.internal.DefaultFileLockManager] Releasing lock on daemon addresses registry.
2026-05-16T17:24:33.112+0600 [DEBUG] [org.gradle.internal.remote.internal.inet.TcpIncomingConnector] Accepted connection from /127.0.0.1:49777 to /127.0.0.1:61957.
2026-05-16T17:24:33.117+0600 [DEBUG] [org.gradle.launcher.daemon.server.SynchronizedDispatchConnection] thread 278: received class org.gradle.launcher.daemon.protocol.Build
2026-05-16T17:24:33.117+0600 [DEBUG] [org.gradle.launcher.daemon.server.DefaultDaemonConnection] thread 278: Received non-IO message from client: Build{id=b93f623f-edac-4bb9-b4d0-5f6593427bb9, currentDir=/Users/alifmahmud/FM 01/Developed by Alif/My routine}
2026-05-16T17:24:33.117+0600 [INFO] [org.gradle.launcher.daemon.server.DefaultIncomingConnectionHandler] Received command: Build{id=b93f623f-edac-4bb9-b4d0-5f6593427bb9, currentDir=/Users/alifmahmud/FM 01/Developed by Alif/My routine}.
2026-05-16T17:24:33.117+0600 [DEBUG] [org.gradle.launcher.daemon.server.DefaultIncomingConnectionHandler] Starting executing command: Build{id=b93f623f-edac-4bb9-b4d0-5f6593427bb9, currentDir=/Users/alifmahmud/FM 01/Developed by Alif/My routine} with connection: socket connection from /127.0.0.1:61957 to /127.0.0.1:49777.
2026-05-16T17:24:33.118+0600 [DEBUG] [org.gradle.launcher.daemon.server.DaemonStateCoordinator] Command execution: started DaemonCommandExecution[command = Build{id=b93f623f-edac-4bb9-b4d0-5f6593427bb9, currentDir=/Users/alifmahmud/FM 01/Developed by Alif/My routine}, connection = DefaultDaemonConnection: socket connection from /127.0.0.1:61957 to /127.0.0.1:49777] after 0.17226666666666668 minutes of idle
2026-05-16T17:24:33.119+0600 [INFO] [org.gradle.launcher.daemon.server.DaemonRegistryUpdater] Marking the daemon as busy, address: [ae81f017-0d59-418a-958d-07aa10f757ed port:61957, addresses:[localhost/127.0.0.1]]
2026-05-16T17:24:33.119+0600 [DEBUG] [org.gradle.launcher.daemon.registry.PersistentDaemonRegistry] Marking busy by address: [ae81f017-0d59-418a-958d-07aa10f757ed port:61957, addresses:[localhost/127.0.0.1]]
2026-05-16T17:24:33.119+0600 [DEBUG] [org.gradle.cache.internal.DefaultFileLockManager] Waiting to acquire exclusive lock on daemon addresses registry.
2026-05-16T17:24:33.120+0600 [DEBUG] [org.gradle.cache.internal.DefaultFileLockManager] Lock acquired on daemon addresses registry.
2026-05-16T17:24:33.120+0600 [DEBUG] [org.gradle.cache.internal.DefaultFileLockManager] Releasing lock on daemon addresses registry.
2026-05-16T17:24:33.121+0600 [DEBUG] [org.gradle.launcher.daemon.server.DaemonStateCoordinator] resetting idle timer
2026-05-16T17:24:33.121+0600 [DEBUG] [org.gradle.launcher.daemon.server.DaemonStateCoordinator] daemon is running. Sleeping until state changes.
2026-05-16T17:24:33.121+0600 [INFO] [org.gradle.launcher.daemon.server.exec.StartBuildOrRespondWithBusy] Daemon is about to start building Build{id=b93f623f-edac-4bb9-b4d0-5f6593427bb9, currentDir=/Users/alifmahmud/FM 01/Developed by Alif/My routine}. Dispatching build started information...
2026-05-16T17:24:33.121+0600 [DEBUG] [org.gradle.launcher.daemon.server.SynchronizedDispatchConnection] thread 189: dispatching org.gradle.launcher.daemon.protocol.BuildStarted@18ad96c0
2026-05-16T17:24:33.122+0600 [DEBUG] [org.gradle.launcher.daemon.server.exec.EstablishBuildEnvironment] Configuring env variables: [PATH, PYENV_SHELL, JAVA_HOME, LANG, COMMAND_MODE, NVM_INC, SDKMAN_DIR, LOGNAME, XPC_SERVICE_NAME, SDKMAN_CANDIDATES_DIR, __CFBundleIdentifier, NVM_CD_FLAGS, NVM_DIR, SHELL, SDKMAN_CANDIDATES_API, OLDPWD, SDKMAN_PLATFORM, USER, TMPDIR, SSH_AUTH_SOCK, OSLogRateLimit, XPC_FLAGS, __CF_USER_TEXT_ENCODING, NVM_BIN, HOME]
2026-05-16T17:24:33.122+0600 [DEBUG] [org.gradle.launcher.daemon.server.exec.LogToClient] About to start relaying all logs to the client via the connection.
2026-05-16T17:24:33.122+0600 [INFO] [org.gradle.launcher.daemon.server.exec.LogToClient] The client will now receive all logging from the daemon (pid: 26512). The daemon log file: /Users/alifmahmud/FM 01/Developed by Alif/My routine/daemon/8.13/daemon-26512.out.log
2026-05-16T17:24:33.124+0600 [INFO] [org.gradle.launcher.daemon.server.exec.LogAndCheckHealth] Starting 3rd build in daemon [uptime: 37 mins 25.751 secs, performance: 98%, GC rate: 0.00/s, heap usage: 1% of 2 GiB]
2026-05-16T17:24:33.125+0600 [DEBUG] [org.gradle.launcher.daemon.server.exec.ExecuteBuild] The daemon has started executing the build.
2026-05-16T17:24:33.125+0600 [DEBUG] [org.gradle.launcher.daemon.server.exec.ExecuteBuild] Executing build with daemon context: DefaultDaemonContext[uid=888cdd82-77bf-41ca-8e38-294626a8ecad,javaHome=/Applications/Android Studio.app/Contents/jbr/Contents/Home,javaVersion=21,javaVendor=JetBrains s.r.o.,daemonRegistryDir=/Users/alifmahmud/FM 01/Developed by Alif/My routine/daemon,pid=26512,idleTimeout=10800000,priority=NORMAL,applyInstrumentationAgent=true,nativeServicesMode=ENABLED,daemonOpts=-Xmx2048m,-Dfile.encoding=UTF-8,-Duser.country=BD,-Duser.language=en,-Duser.variant]

BUILD SUCCESSFUL in 642ms
62 actionable tasks: 2 executed, 60 up-to-date
2026-05-16T17:24:33.764+0600 [DEBUG] [org.gradle.launcher.daemon.server.exec.ExecuteBuild] The daemon has finished executing the build.
2026-05-16T17:24:33.770+0600 [DEBUG] [org.gradle.launcher.daemon.server.DaemonStateCoordinator] Command execution: finished waiting for DaemonCommandExecution[command = Build{id=b93f623f-edac-4bb9-b4d0-5f6593427bb9, currentDir=/Users/alifmahmud/FM 01/Developed by Alif/My routine}, connection = DefaultDaemonConnection: socket connection from /127.0.0.1:61957 to /127.0.0.1:49777]. Result org.gradle.launcher.daemon.server.DaemonStateCoordinator@7b1ab164 with state Busy
2026-05-16T17:24:33.770+0600 [DEBUG] [org.gradle.launcher.daemon.server.DaemonStateCoordinator] Command execution: completed DaemonCommandExecution[command = Build{id=b93f623f-edac-4bb9-b4d0-5f6593427bb9, currentDir=/Users/alifmahmud/FM 01/Developed by Alif/My routine}, connection = DefaultDaemonConnection: socket connection from /127.0.0.1:61957 to /127.0.0.1:49777]
2026-05-16T17:24:33.770+0600 [DEBUG] [org.gradle.launcher.daemon.server.DaemonStateCoordinator] resetting idle timer
2026-05-16T17:24:33.770+0600 [INFO] [org.gradle.launcher.daemon.server.DaemonRegistryUpdater] Marking the daemon as idle, address: [ae81f017-0d59-418a-958d-07aa10f757ed port:61957, addresses:[localhost/127.0.0.1]]
2026-05-16T17:24:33.770+0600 [DEBUG] [org.gradle.launcher.daemon.registry.PersistentDaemonRegistry] Marking busy by address: [ae81f017-0d59-418a-958d-07aa10f757ed port:61957, addresses:[localhost/127.0.0.1]]
2026-05-16T17:24:33.770+0600 [DEBUG] [org.gradle.cache.internal.DefaultFileLockManager] Waiting to acquire exclusive lock on daemon addresses registry.
2026-05-16T17:24:33.770+0600 [DEBUG] [org.gradle.cache.internal.DefaultFileLockManager] Lock acquired on daemon addresses registry.
2026-05-16T17:24:33.771+0600 [DEBUG] [org.gradle.cache.internal.DefaultFileLockManager] Releasing lock on daemon addresses registry.
2026-05-16T17:24:33.771+0600 [DEBUG] [org.gradle.launcher.daemon.server.exec.ReturnResult] Daemon is dispatching the build result: Success[value=org.gradle.launcher.exec.BuildActionResult@26e83b3c]
2026-05-16T17:24:33.771+0600 [DEBUG] [org.gradle.launcher.daemon.server.DaemonStateCoordinator] daemon is running. Sleeping until state changes.
2026-05-16T17:24:33.771+0600 [DEBUG] [org.gradle.launcher.daemon.server.SynchronizedDispatchConnection] thread 186: dispatching Success[value=org.gradle.launcher.exec.BuildActionResult@26e83b3c]
2026-05-16T17:24:33.771+0600 [DEBUG] [org.gradle.launcher.daemon.server.exec.CleanUpVirtualFileSystemAfterBuild] Cleaning virtual file system after build finished
2026-05-16T17:24:33.771+0600 [DEBUG] [org.gradle.launcher.daemon.server.SynchronizedDispatchConnection] thread 278: received class org.gradle.launcher.daemon.protocol.CloseInput
2026-05-16T17:24:33.771+0600 [DEBUG] [org.gradle.launcher.daemon.server.DefaultIncomingConnectionHandler] Finishing executing command: Build{id=b93f623f-edac-4bb9-b4d0-5f6593427bb9, currentDir=/Users/alifmahmud/FM 01/Developed by Alif/My routine}
2026-05-16T17:24:33.771+0600 [DEBUG] [org.gradle.launcher.daemon.server.DefaultDaemonConnection] thread 278: Received IO message from client: org.gradle.launcher.daemon.protocol.CloseInput@66f45aff
2026-05-16T17:24:33.771+0600 [DEBUG] [org.gradle.launcher.daemon.server.SynchronizedDispatchConnection] thread 278: received class org.gradle.launcher.daemon.protocol.Finished
2026-05-16T17:24:33.772+0600 [DEBUG] [org.gradle.launcher.daemon.server.DefaultDaemonConnection] thread 278: Received non-IO message from client: org.gradle.launcher.daemon.protocol.Finished@6833a851
2026-05-16T17:24:33.772+0600 [DEBUG] [org.gradle.launcher.daemon.server.DefaultIncomingConnectionHandler] Received finished message: org.gradle.launcher.daemon.protocol.Finished@6833a851
2026-05-16T17:24:33.772+0600 [DEBUG] [org.gradle.launcher.daemon.server.SynchronizedDispatchConnection] thread 186: stopping connection
2026-05-16T17:24:33.772+0600 [DEBUG] [org.gradle.internal.remote.internal.inet.SocketConnection] Discarding EOFException: java.io.EOFException
2026-05-16T17:24:33.772+0600 [DEBUG] [org.gradle.launcher.daemon.server.SynchronizedDispatchConnection] thread 278: received null
2026-05-16T17:24:33.772+0600 [DEBUG] [org.gradle.launcher.daemon.server.DefaultDaemonConnection] thread 278: Received end-of-input from client.
2026-05-16T17:24:33.772+0600 [DEBUG] [org.gradle.launcher.daemon.server.SynchronizedDispatchConnection] thread 186: stopping connection
2026-05-16T17:24:35.529+0600 [DEBUG] [sun.rmi.transport.tcp] RMI TCP Connection(12)-127.0.0.1: (port 61979) connection closed
2026-05-16T17:24:35.529+0600 [DEBUG] [sun.rmi.transport.tcp] RMI TCP Connection(12)-127.0.0.1: close connection, socket: Socket[addr=/127.0.0.1,port=49767,localport=61979]
2026-05-16T17:24:35.529+0600 [DEBUG] [sun.rmi.transport.tcp] RMI TCP Connection(12)-127.0.0.1: socket close: Socket[addr=/127.0.0.1,port=49767,localport=61979]
2026-05-16T17:24:37.512+0600 [DEBUG] [org.gradle.cache.internal.DefaultFileLockManager] Waiting to acquire shared lock on daemon addresses registry.
2026-05-16T17:24:37.512+0600 [DEBUG] [org.gradle.cache.internal.DefaultFileLockManager] Lock acquired on daemon addresses registry.
2026-05-16T17:24:37.513+0600 [DEBUG] [org.gradle.cache.internal.DefaultFileLockManager] Releasing lock on daemon addresses registry.
2026-05-16T17:24:37.514+0600 [DEBUG] [org.gradle.cache.internal.DefaultFileLockManager] Waiting to acquire shared lock on daemon addresses registry.
2026-05-16T17:24:37.514+0600 [DEBUG] [org.gradle.cache.internal.DefaultFileLockManager] Lock acquired on daemon addresses registry.
2026-05-16T17:24:37.514+0600 [DEBUG] [org.gradle.cache.internal.DefaultFileLockManager] Releasing lock on daemon addresses registry.
2026-05-16T17:24:47.515+0600 [DEBUG] [org.gradle.cache.internal.DefaultFileLockManager] Waiting to acquire shared lock on daemon addresses registry.
2026-05-16T17:24:47.516+0600 [DEBUG] [org.gradle.cache.internal.DefaultFileLockManager] Lock acquired on daemon addresses registry.
2026-05-16T17:24:47.516+0600 [DEBUG] [org.gradle.cache.internal.DefaultFileLockManager] Releasing lock on daemon addresses registry.
2026-05-16T17:24:47.517+0600 [DEBUG] [org.gradle.cache.internal.DefaultFileLockManager] Waiting to acquire shared lock on daemon addresses registry.
2026-05-16T17:24:47.517+0600 [DEBUG] [org.gradle.cache.internal.DefaultFileLockManager] Lock acquired on daemon addresses registry.
2026-05-16T17:24:47.517+0600 [DEBUG] [org.gradle.cache.internal.DefaultFileLockManager] Releasing lock on daemon addresses registry.
2026-05-16T17:24:47.518+0600 [DEBUG] [org.gradle.cache.internal.DefaultFileLockManager] Waiting to acquire shared lock on daemon addresses registry.
2026-05-16T17:24:47.518+0600 [DEBUG] [org.gradle.cache.internal.DefaultFileLockManager] Lock acquired on daemon addresses registry.
2026-05-16T17:24:47.518+0600 [DEBUG] [org.gradle.cache.internal.DefaultFileLockManager] Releasing lock on daemon addresses registry.
2026-05-16T17:24:47.930+0600 [DEBUG] [sun.rmi.transport.tcp] RMI Scheduler(0): close connection, socket: Socket[addr=localhost/127.0.0.1,port=17255,localport=49763]
2026-05-16T17:24:47.930+0600 [DEBUG] [sun.rmi.transport.tcp] RMI Scheduler(0): close connection, socket: Socket[addr=localhost/127.0.0.1,port=17255,localport=49772]
2026-05-16T17:24:48.053+0600 [DEBUG] [sun.rmi.transport.tcp] RMI TCP Connection(11)-127.0.0.1: (port 61979) connection closed
2026-05-16T17:24:48.053+0600 [DEBUG] [sun.rmi.transport.tcp] RMI TCP Connection(11)-127.0.0.1: close connection, socket: Socket[addr=/127.0.0.1,port=49765,localport=61979]
2026-05-16T17:24:48.053+0600 [DEBUG] [sun.rmi.transport.tcp] RMI TCP Connection(11)-127.0.0.1: socket close: Socket[addr=/127.0.0.1,port=49765,localport=61979]
2026-05-16T17:24:50.937+0600 [DEBUG] [sun.rmi.transport.tcp] RMI Scheduler(0): close connection, socket: Socket[addr=localhost/127.0.0.1,port=17255,localport=49771]
2026-05-16T17:24:50.959+0600 [DEBUG] [sun.rmi.transport.tcp] RMI TCP Connection(13)-127.0.0.1: (port 61979) connection closed
2026-05-16T17:24:50.960+0600 [DEBUG] [sun.rmi.transport.tcp] RMI TCP Connection(13)-127.0.0.1: close connection, socket: Socket[addr=/127.0.0.1,port=49769,localport=61979]
2026-05-16T17:24:50.960+0600 [DEBUG] [sun.rmi.transport.tcp] RMI TCP Connection(13)-127.0.0.1: socket close: Socket[addr=/127.0.0.1,port=49769,localport=61979]
2026-05-16T17:24:57.517+0600 [DEBUG] [org.gradle.cache.internal.DefaultFileLockManager] Waiting to acquire shared lock on daemon addresses registry.
2026-05-16T17:24:57.519+0600 [DEBUG] [org.gradle.cache.internal.DefaultFileLockManager] Lock acquired on daemon addresses registry.
2026-05-16T17:24:57.519+0600 [DEBUG] [org.gradle.cache.internal.DefaultFileLockManager] Releasing lock on daemon addresses registry.
2026-05-16T17:24:57.520+0600 [DEBUG] [org.gradle.cache.internal.DefaultFileLockManager] Waiting to acquire shared lock on daemon addresses registry.
2026-05-16T17:24:57.520+0600 [DEBUG] [org.gradle.cache.internal.DefaultFileLockManager] Lock acquired on daemon addresses registry.
2026-05-16T17:24:57.520+0600 [DEBUG] [org.gradle.cache.internal.DefaultFileLockManager] Releasing lock on daemon addresses registry.
2026-05-16T17:24:57.520+0600 [DEBUG] [org.gradle.cache.internal.DefaultFileLockManager] Waiting to acquire shared lock on daemon addresses registry.
2026-05-16T17:24:57.520+0600 [DEBUG] [org.gradle.cache.internal.DefaultFileLockManager] Lock acquired on daemon addresses registry.
2026-05-16T17:24:57.520+0600 [DEBUG] [org.gradle.cache.internal.DefaultFileLockManager] Releasing lock on daemon addresses registry.
2026-05-16T17:25:07.516+0600 [DEBUG] [org.gradle.cache.internal.DefaultFileLockManager] Waiting to acquire shared lock on daemon addresses registry.
2026-05-16T17:25:07.518+0600 [DEBUG] [org.gradle.cache.internal.DefaultFileLockManager] Lock acquired on daemon addresses registry.
2026-05-16T17:25:07.519+0600 [DEBUG] [org.gradle.cache.internal.DefaultFileLockManager] Releasing lock on daemon addresses registry.
2026-05-16T17:25:07.521+0600 [DEBUG] [org.gradle.cache.internal.DefaultFileLockManager] Waiting to acquire shared lock on daemon addresses registry.
2026-05-16T17:25:07.521+0600 [DEBUG] [org.gradle.cache.internal.DefaultFileLockManager] Lock acquired on daemon addresses registry.
2026-05-16T17:25:07.521+0600 [DEBUG] [org.gradle.cache.internal.DefaultFileLockManager] Releasing lock on daemon addresses registry.
2026-05-16T17:25:07.523+0600 [DEBUG] [org.gradle.cache.internal.DefaultFileLockManager] Waiting to acquire shared lock on daemon addresses registry.
2026-05-16T17:25:07.523+0600 [DEBUG] [org.gradle.cache.internal.DefaultFileLockManager] Lock acquired on daemon addresses registry.
2026-05-16T17:25:07.523+0600 [DEBUG] [org.gradle.cache.internal.DefaultFileLockManager] Releasing lock on daemon addresses registry.
2026-05-16T17:25:17.516+0600 [DEBUG] [org.gradle.cache.internal.DefaultFileLockManager] Waiting to acquire shared lock on daemon addresses registry.
2026-05-16T17:25:17.521+0600 [DEBUG] [org.gradle.cache.internal.DefaultFileLockManager] Lock acquired on daemon addresses registry.
2026-05-16T17:25:17.522+0600 [DEBUG] [org.gradle.cache.internal.DefaultFileLockManager] Releasing lock on daemon addresses registry.
2026-05-16T17:25:17.524+0600 [DEBUG] [org.gradle.cache.internal.DefaultFileLockManager] Waiting to acquire shared lock on daemon addresses registry.
2026-05-16T17:25:17.524+0600 [DEBUG] [org.gradle.cache.internal.DefaultFileLockManager] Lock acquired on daemon addresses registry.
2026-05-16T17:25:17.524+0600 [DEBUG] [org.gradle.cache.internal.DefaultFileLockManager] Releasing lock on daemon addresses registry.
2026-05-16T17:25:17.525+0600 [DEBUG] [org.gradle.cache.internal.DefaultFileLockManager] Waiting to acquire shared lock on daemon addresses registry.
2026-05-16T17:25:17.525+0600 [DEBUG] [org.gradle.cache.internal.DefaultFileLockManager] Lock acquired on daemon addresses registry.
2026-05-16T17:25:17.525+0600 [DEBUG] [org.gradle.cache.internal.DefaultFileLockManager] Releasing lock on daemon addresses registry.
2026-05-16T17:25:27.514+0600 [DEBUG] [org.gradle.cache.internal.DefaultFileLockManager] Waiting to acquire shared lock on daemon addresses registry.
2026-05-16T17:25:27.516+0600 [DEBUG] [org.gradle.cache.internal.DefaultFileLockManager] Lock acquired on daemon addresses registry.
2026-05-16T17:25:27.516+0600 [DEBUG] [org.gradle.cache.internal.DefaultFileLockManager] Releasing lock on daemon addresses registry.
2026-05-16T17:25:27.517+0600 [DEBUG] [org.gradle.cache.internal.DefaultFileLockManager] Waiting to acquire shared lock on daemon addresses registry.
2026-05-16T17:25:27.517+0600 [DEBUG] [org.gradle.cache.internal.DefaultFileLockManager] Lock acquired on daemon addresses registry.
2026-05-16T17:25:27.518+0600 [DEBUG] [org.gradle.cache.internal.DefaultFileLockManager] Releasing lock on daemon addresses registry.
2026-05-16T17:25:27.518+0600 [DEBUG] [org.gradle.cache.internal.DefaultFileLockManager] Waiting to acquire shared lock on daemon addresses registry.
2026-05-16T17:25:27.518+0600 [DEBUG] [org.gradle.cache.internal.DefaultFileLockManager] Lock acquired on daemon addresses registry.
2026-05-16T17:25:27.519+0600 [DEBUG] [org.gradle.cache.internal.DefaultFileLockManager] Releasing lock on daemon addresses registry.
2026-05-16T17:25:37.514+0600 [DEBUG] [org.gradle.cache.internal.DefaultFileLockManager] Waiting to acquire shared lock on daemon addresses registry.
2026-05-16T17:25:37.516+0600 [DEBUG] [org.gradle.cache.internal.DefaultFileLockManager] Lock acquired on daemon addresses registry.
2026-05-16T17:25:37.516+0600 [DEBUG] [org.gradle.cache.internal.DefaultFileLockManager] Releasing lock on daemon addresses registry.
2026-05-16T17:25:37.517+0600 [DEBUG] [org.gradle.cache.internal.DefaultFileLockManager] Waiting to acquire shared lock on daemon addresses registry.
2026-05-16T17:25:37.517+0600 [DEBUG] [org.gradle.cache.internal.DefaultFileLockManager] Lock acquired on daemon addresses registry.
2026-05-16T17:25:37.517+0600 [DEBUG] [org.gradle.cache.internal.DefaultFileLockManager] Releasing lock on daemon addresses registry.
2026-05-16T17:25:37.518+0600 [DEBUG] [org.gradle.cache.internal.DefaultFileLockManager] Waiting to acquire shared lock on daemon addresses registry.
2026-05-16T17:25:37.518+0600 [DEBUG] [org.gradle.cache.internal.DefaultFileLockManager] Lock acquired on daemon addresses registry.
2026-05-16T17:25:37.518+0600 [DEBUG] [org.gradle.cache.internal.DefaultFileLockManager] Releasing lock on daemon addresses registry.
2026-05-16T17:25:47.518+0600 [DEBUG] [org.gradle.cache.internal.DefaultFileLockManager] Waiting to acquire shared lock on daemon addresses registry.
2026-05-16T17:25:47.522+0600 [DEBUG] [org.gradle.cache.internal.DefaultFileLockManager] Lock acquired on daemon addresses registry.
2026-05-16T17:25:47.523+0600 [DEBUG] [org.gradle.cache.internal.DefaultFileLockManager] Releasing lock on daemon addresses registry.
2026-05-16T17:25:47.525+0600 [DEBUG] [org.gradle.cache.internal.DefaultFileLockManager] Waiting to acquire shared lock on daemon addresses registry.
2026-05-16T17:25:47.525+0600 [DEBUG] [org.gradle.cache.internal.DefaultFileLockManager] Lock acquired on daemon addresses registry.
2026-05-16T17:25:47.525+0600 [DEBUG] [org.gradle.cache.internal.DefaultFileLockManager] Releasing lock on daemon addresses registry.
2026-05-16T17:25:47.526+0600 [DEBUG] [org.gradle.cache.internal.DefaultFileLockManager] Waiting to acquire shared lock on daemon addresses registry.
2026-05-16T17:25:47.526+0600 [DEBUG] [org.gradle.cache.internal.DefaultFileLockManager] Lock acquired on daemon addresses registry.
2026-05-16T17:25:47.526+0600 [DEBUG] [org.gradle.cache.internal.DefaultFileLockManager] Releasing lock on daemon addresses registry.
2026-05-16T17:25:57.514+0600 [DEBUG] [org.gradle.cache.internal.DefaultFileLockManager] Waiting to acquire shared lock on daemon addresses registry.
2026-05-16T17:25:57.515+0600 [DEBUG] [org.gradle.cache.internal.DefaultFileLockManager] Lock acquired on daemon addresses registry.
2026-05-16T17:25:57.516+0600 [DEBUG] [org.gradle.cache.internal.DefaultFileLockManager] Releasing lock on daemon addresses registry.
2026-05-16T17:25:57.517+0600 [DEBUG] [org.gradle.cache.internal.DefaultFileLockManager] Waiting to acquire shared lock on daemon addresses registry.
2026-05-16T17:25:57.517+0600 [DEBUG] [org.gradle.cache.internal.DefaultFileLockManager] Lock acquired on daemon addresses registry.
2026-05-16T17:25:57.517+0600 [DEBUG] [org.gradle.cache.internal.DefaultFileLockManager] Releasing lock on daemon addresses registry.
2026-05-16T17:25:57.518+0600 [DEBUG] [org.gradle.cache.internal.DefaultFileLockManager] Waiting to acquire shared lock on daemon addresses registry.
2026-05-16T17:25:57.518+0600 [DEBUG] [org.gradle.cache.internal.DefaultFileLockManager] Lock acquired on daemon addresses registry.
2026-05-16T17:25:57.518+0600 [DEBUG] [org.gradle.cache.internal.DefaultFileLockManager] Releasing lock on daemon addresses registry.
2026-05-16T17:26:07.509+0600 [DEBUG] [org.gradle.cache.internal.DefaultFileLockManager] Waiting to acquire shared lock on daemon addresses registry.
2026-05-16T17:26:07.510+0600 [DEBUG] [org.gradle.cache.internal.DefaultFileLockManager] Lock acquired on daemon addresses registry.
2026-05-16T17:26:07.511+0600 [DEBUG] [org.gradle.cache.internal.DefaultFileLockManager] Releasing lock on daemon addresses registry.
2026-05-16T17:26:07.512+0600 [DEBUG] [org.gradle.cache.internal.DefaultFileLockManager] Waiting to acquire shared lock on daemon addresses registry.
2026-05-16T17:26:07.512+0600 [DEBUG] [org.gradle.cache.internal.DefaultFileLockManager] Lock acquired on daemon addresses registry.
2026-05-16T17:26:07.512+0600 [DEBUG] [org.gradle.cache.internal.DefaultFileLockManager] Releasing lock on daemon addresses registry.
2026-05-16T17:26:07.513+0600 [DEBUG] [org.gradle.cache.internal.DefaultFileLockManager] Waiting to acquire shared lock on daemon addresses registry.
2026-05-16T17:26:07.513+0600 [DEBUG] [org.gradle.cache.internal.DefaultFileLockManager] Lock acquired on daemon addresses registry.
2026-05-16T17:26:07.513+0600 [DEBUG] [org.gradle.cache.internal.DefaultFileLockManager] Releasing lock on daemon addresses registry.
2026-05-16T17:26:17.510+0600 [DEBUG] [org.gradle.cache.internal.DefaultFileLockManager] Waiting to acquire shared lock on daemon addresses registry.
2026-05-16T17:26:17.510+0600 [DEBUG] [org.gradle.cache.internal.DefaultFileLockManager] Lock acquired on daemon addresses registry.
2026-05-16T17:26:17.511+0600 [DEBUG] [org.gradle.cache.internal.DefaultFileLockManager] Releasing lock on daemon addresses registry.
2026-05-16T17:26:17.511+0600 [DEBUG] [org.gradle.cache.internal.DefaultFileLockManager] Waiting to acquire shared lock on daemon addresses registry.
2026-05-16T17:26:17.511+0600 [DEBUG] [org.gradle.cache.internal.DefaultFileLockManager] Lock acquired on daemon addresses registry.
2026-05-16T17:26:17.512+0600 [DEBUG] [org.gradle.cache.internal.DefaultFileLockManager] Releasing lock on daemon addresses registry.
2026-05-16T17:26:17.512+0600 [DEBUG] [org.gradle.cache.internal.DefaultFileLockManager] Waiting to acquire shared lock on daemon addresses registry.
2026-05-16T17:26:17.512+0600 [DEBUG] [org.gradle.cache.internal.DefaultFileLockManager] Lock acquired on daemon addresses registry.
2026-05-16T17:26:17.512+0600 [DEBUG] [org.gradle.cache.internal.DefaultFileLockManager] Releasing lock on daemon addresses registry.
2026-05-16T17:26:27.509+0600 [DEBUG] [org.gradle.cache.internal.DefaultFileLockManager] Waiting to acquire shared lock on daemon addresses registry.
2026-05-16T17:26:27.510+0600 [DEBUG] [org.gradle.cache.internal.DefaultFileLockManager] Lock acquired on daemon addresses registry.
2026-05-16T17:26:27.511+0600 [DEBUG] [org.gradle.cache.internal.DefaultFileLockManager] Releasing lock on daemon addresses registry.
2026-05-16T17:26:27.512+0600 [DEBUG] [org.gradle.cache.internal.DefaultFileLockManager] Waiting to acquire shared lock on daemon addresses registry.
2026-05-16T17:26:27.512+0600 [DEBUG] [org.gradle.cache.internal.DefaultFileLockManager] Lock acquired on daemon addresses registry.
2026-05-16T17:26:27.512+0600 [DEBUG] [org.gradle.cache.internal.DefaultFileLockManager] Releasing lock on daemon addresses registry.
2026-05-16T17:26:27.513+0600 [DEBUG] [org.gradle.cache.internal.DefaultFileLockManager] Waiting to acquire shared lock on daemon addresses registry.
2026-05-16T17:26:27.513+0600 [DEBUG] [org.gradle.cache.internal.DefaultFileLockManager] Lock acquired on daemon addresses registry.
2026-05-16T17:26:27.513+0600 [DEBUG] [org.gradle.cache.internal.DefaultFileLockManager] Releasing lock on daemon addresses registry.
2026-05-16T17:26:37.520+0600 [DEBUG] [org.gradle.cache.internal.DefaultFileLockManager] Waiting to acquire shared lock on daemon addresses registry.
2026-05-16T17:26:37.524+0600 [DEBUG] [org.gradle.cache.internal.DefaultFileLockManager] Lock acquired on daemon addresses registry.
2026-05-16T17:26:37.525+0600 [DEBUG] [org.gradle.cache.internal.DefaultFileLockManager] Releasing lock on daemon addresses registry.
2026-05-16T17:26:37.526+0600 [DEBUG] [org.gradle.cache.internal.DefaultFileLockManager] Waiting to acquire shared lock on daemon addresses registry.
2026-05-16T17:26:37.526+0600 [DEBUG] [org.gradle.cache.internal.DefaultFileLockManager] Lock acquired on daemon addresses registry.
2026-05-16T17:26:37.526+0600 [DEBUG] [org.gradle.cache.internal.DefaultFileLockManager] Releasing lock on daemon addresses registry.
2026-05-16T17:26:37.527+0600 [DEBUG] [org.gradle.cache.internal.DefaultFileLockManager] Waiting to acquire shared lock on daemon addresses registry.
2026-05-16T17:26:37.527+0600 [DEBUG] [org.gradle.cache.internal.DefaultFileLockManager] Lock acquired on daemon addresses registry.
2026-05-16T17:26:37.527+0600 [DEBUG] [org.gradle.cache.internal.DefaultFileLockManager] Releasing lock on daemon addresses registry.
2026-05-16T17:26:47.513+0600 [DEBUG] [org.gradle.cache.internal.DefaultFileLockManager] Waiting to acquire shared lock on daemon addresses registry.
2026-05-16T17:26:47.514+0600 [DEBUG] [org.gradle.cache.internal.DefaultFileLockManager] Lock acquired on daemon addresses registry.
2026-05-16T17:26:47.514+0600 [DEBUG] [org.gradle.cache.internal.DefaultFileLockManager] Releasing lock on daemon addresses registry.
2026-05-16T17:26:47.515+0600 [DEBUG] [org.gradle.cache.internal.DefaultFileLockManager] Waiting to acquire shared lock on daemon addresses registry.
2026-05-16T17:26:47.515+0600 [DEBUG] [org.gradle.cache.internal.DefaultFileLockManager] Lock acquired on daemon addresses registry.
2026-05-16T17:26:47.515+0600 [DEBUG] [org.gradle.cache.internal.DefaultFileLockManager] Releasing lock on daemon addresses registry.
2026-05-16T17:26:47.515+0600 [DEBUG] [org.gradle.cache.internal.DefaultFileLockManager] Waiting to acquire shared lock on daemon addresses registry.
2026-05-16T17:26:47.515+0600 [DEBUG] [org.gradle.cache.internal.DefaultFileLockManager] Lock acquired on daemon addresses registry.
2026-05-16T17:26:47.515+0600 [DEBUG] [org.gradle.cache.internal.DefaultFileLockManager] Releasing lock on daemon addresses registry.
2026-05-16T17:26:57.511+0600 [DEBUG] [org.gradle.cache.internal.DefaultFileLockManager] Waiting to acquire shared lock on daemon addresses registry.
2026-05-16T17:26:57.512+0600 [DEBUG] [org.gradle.cache.internal.DefaultFileLockManager] Lock acquired on daemon addresses registry.
2026-05-16T17:26:57.512+0600 [DEBUG] [org.gradle.cache.internal.DefaultFileLockManager] Releasing lock on daemon addresses registry.
2026-05-16T17:26:57.512+0600 [DEBUG] [org.gradle.cache.internal.DefaultFileLockManager] Waiting to acquire shared lock on daemon addresses registry.
2026-05-16T17:26:57.512+0600 [DEBUG] [org.gradle.cache.internal.DefaultFileLockManager] Lock acquired on daemon addresses registry.
2026-05-16T17:26:57.512+0600 [DEBUG] [org.gradle.cache.internal.DefaultFileLockManager] Releasing lock on daemon addresses registry.
2026-05-16T17:26:57.513+0600 [DEBUG] [org.gradle.cache.internal.DefaultFileLockManager] Waiting to acquire shared lock on daemon addresses registry.
2026-05-16T17:26:57.513+0600 [DEBUG] [org.gradle.cache.internal.DefaultFileLockManager] Lock acquired on daemon addresses registry.
2026-05-16T17:26:57.513+0600 [DEBUG] [org.gradle.cache.internal.DefaultFileLockManager] Releasing lock on daemon addresses registry.
2026-05-16T17:27:07.513+0600 [DEBUG] [org.gradle.cache.internal.DefaultFileLockManager] Waiting to acquire shared lock on daemon addresses registry.
2026-05-16T17:27:07.516+0600 [DEBUG] [org.gradle.cache.internal.DefaultFileLockManager] Lock acquired on daemon addresses registry.
2026-05-16T17:27:07.517+0600 [DEBUG] [org.gradle.cache.internal.DefaultFileLockManager] Releasing lock on daemon addresses registry.
2026-05-16T17:27:07.519+0600 [DEBUG] [org.gradle.cache.internal.DefaultFileLockManager] Waiting to acquire shared lock on daemon addresses registry.
2026-05-16T17:27:07.519+0600 [DEBUG] [org.gradle.cache.internal.DefaultFileLockManager] Lock acquired on daemon addresses registry.
2026-05-16T17:27:07.519+0600 [DEBUG] [org.gradle.cache.internal.DefaultFileLockManager] Releasing lock on daemon addresses registry.
2026-05-16T17:27:07.520+0600 [DEBUG] [org.gradle.cache.internal.DefaultFileLockManager] Waiting to acquire shared lock on daemon addresses registry.
2026-05-16T17:27:07.520+0600 [DEBUG] [org.gradle.cache.internal.DefaultFileLockManager] Lock acquired on daemon addresses registry.
2026-05-16T17:27:07.520+0600 [DEBUG] [org.gradle.cache.internal.DefaultFileLockManager] Releasing lock on daemon addresses registry.
2026-05-16T17:27:17.515+0600 [DEBUG] [org.gradle.cache.internal.DefaultFileLockManager] Waiting to acquire shared lock on daemon addresses registry.
2026-05-16T17:27:17.515+0600 [DEBUG] [org.gradle.cache.internal.DefaultFileLockManager] Lock acquired on daemon addresses registry.
2026-05-16T17:27:17.516+0600 [DEBUG] [org.gradle.cache.internal.DefaultFileLockManager] Releasing lock on daemon addresses registry.
2026-05-16T17:27:17.516+0600 [DEBUG] [org.gradle.cache.internal.DefaultFileLockManager] Waiting to acquire shared lock on daemon addresses registry.
2026-05-16T17:27:17.516+0600 [DEBUG] [org.gradle.cache.internal.DefaultFileLockManager] Lock acquired on daemon addresses registry.
2026-05-16T17:27:17.517+0600 [DEBUG] [org.gradle.cache.internal.DefaultFileLockManager] Releasing lock on daemon addresses registry.
2026-05-16T17:27:17.517+0600 [DEBUG] [org.gradle.cache.internal.DefaultFileLockManager] Waiting to acquire shared lock on daemon addresses registry.
2026-05-16T17:27:17.517+0600 [DEBUG] [org.gradle.cache.internal.DefaultFileLockManager] Lock acquired on daemon addresses registry.
2026-05-16T17:27:17.517+0600 [DEBUG] [org.gradle.cache.internal.DefaultFileLockManager] Releasing lock on daemon addresses registry.
2026-05-16T17:27:27.512+0600 [DEBUG] [org.gradle.cache.internal.DefaultFileLockManager] Waiting to acquire shared lock on daemon addresses registry.
2026-05-16T17:27:27.512+0600 [DEBUG] [org.gradle.cache.internal.DefaultFileLockManager] Lock acquired on daemon addresses registry.
2026-05-16T17:27:27.513+0600 [DEBUG] [org.gradle.cache.internal.DefaultFileLockManager] Releasing lock on daemon addresses registry.
2026-05-16T17:27:27.513+0600 [DEBUG] [org.gradle.cache.internal.DefaultFileLockManager] Waiting to acquire shared lock on daemon addresses registry.
2026-05-16T17:27:27.513+0600 [DEBUG] [org.gradle.cache.internal.DefaultFileLockManager] Lock acquired on daemon addresses registry.
2026-05-16T17:27:27.514+0600 [DEBUG] [org.gradle.cache.internal.DefaultFileLockManager] Releasing lock on daemon addresses registry.
2026-05-16T17:27:27.514+0600 [DEBUG] [org.gradle.cache.internal.DefaultFileLockManager] Waiting to acquire shared lock on daemon addresses registry.
2026-05-16T17:27:27.515+0600 [DEBUG] [org.gradle.cache.internal.DefaultFileLockManager] Lock acquired on daemon addresses registry.
2026-05-16T17:27:27.515+0600 [DEBUG] [org.gradle.cache.internal.DefaultFileLockManager] Releasing lock on daemon addresses registry.
2026-05-16T17:27:37.514+0600 [DEBUG] [org.gradle.cache.internal.DefaultFileLockManager] Waiting to acquire shared lock on daemon addresses registry.
2026-05-16T17:27:37.514+0600 [DEBUG] [org.gradle.cache.internal.DefaultFileLockManager] Lock acquired on daemon addresses registry.
2026-05-16T17:27:37.515+0600 [DEBUG] [org.gradle.cache.internal.DefaultFileLockManager] Releasing lock on daemon addresses registry.
2026-05-16T17:27:37.516+0600 [DEBUG] [org.gradle.cache.internal.DefaultFileLockManager] Waiting to acquire shared lock on daemon addresses registry.
2026-05-16T17:27:37.516+0600 [DEBUG] [org.gradle.cache.internal.DefaultFileLockManager] Lock acquired on daemon addresses registry.
2026-05-16T17:27:37.516+0600 [DEBUG] [org.gradle.cache.internal.DefaultFileLockManager] Releasing lock on daemon addresses registry.
2026-05-16T17:27:37.517+0600 [DEBUG] [org.gradle.cache.internal.DefaultFileLockManager] Waiting to acquire shared lock on daemon addresses registry.
2026-05-16T17:27:37.517+0600 [DEBUG] [org.gradle.cache.internal.DefaultFileLockManager] Lock acquired on daemon addresses registry.
2026-05-16T17:27:37.517+0600 [DEBUG] [org.gradle.cache.internal.DefaultFileLockManager] Releasing lock on daemon addresses registry.
2026-05-16T17:27:47.514+0600 [DEBUG] [org.gradle.cache.internal.DefaultFileLockManager] Waiting to acquire shared lock on daemon addresses registry.
2026-05-16T17:27:47.515+0600 [DEBUG] [org.gradle.cache.internal.DefaultFileLockManager] Lock acquired on daemon addresses registry.
2026-05-16T17:27:47.515+0600 [DEBUG] [org.gradle.cache.internal.DefaultFileLockManager] Releasing lock on daemon addresses registry.
2026-05-16T17:27:47.516+0600 [DEBUG] [org.gradle.cache.internal.DefaultFileLockManager] Waiting to acquire shared lock on daemon addresses registry.
2026-05-16T17:27:47.516+0600 [DEBUG] [org.gradle.cache.internal.DefaultFileLockManager] Lock acquired on daemon addresses registry.
2026-05-16T17:27:47.517+0600 [DEBUG] [org.gradle.cache.internal.DefaultFileLockManager] Releasing lock on daemon addresses registry.
2026-05-16T17:27:47.517+0600 [DEBUG] [org.gradle.cache.internal.DefaultFileLockManager] Waiting to acquire shared lock on daemon addresses registry.
2026-05-16T17:27:47.517+0600 [DEBUG] [org.gradle.cache.internal.DefaultFileLockManager] Lock acquired on daemon addresses registry.
2026-05-16T17:27:47.517+0600 [DEBUG] [org.gradle.cache.internal.DefaultFileLockManager] Releasing lock on daemon addresses registry.
2026-05-16T17:27:57.515+0600 [DEBUG] [org.gradle.cache.internal.DefaultFileLockManager] Waiting to acquire shared lock on daemon addresses registry.
2026-05-16T17:27:57.515+0600 [DEBUG] [org.gradle.cache.internal.DefaultFileLockManager] Lock acquired on daemon addresses registry.
2026-05-16T17:27:57.515+0600 [DEBUG] [org.gradle.cache.internal.DefaultFileLockManager] Releasing lock on daemon addresses registry.
2026-05-16T17:27:57.516+0600 [DEBUG] [org.gradle.cache.internal.DefaultFileLockManager] Waiting to acquire shared lock on daemon addresses registry.
2026-05-16T17:27:57.516+0600 [DEBUG] [org.gradle.cache.internal.DefaultFileLockManager] Lock acquired on daemon addresses registry.
2026-05-16T17:27:57.517+0600 [DEBUG] [org.gradle.cache.internal.DefaultFileLockManager] Releasing lock on daemon addresses registry.
2026-05-16T17:27:57.517+0600 [DEBUG] [org.gradle.cache.internal.DefaultFileLockManager] Waiting to acquire shared lock on daemon addresses registry.
2026-05-16T17:27:57.517+0600 [DEBUG] [org.gradle.cache.internal.DefaultFileLockManager] Lock acquired on daemon addresses registry.
2026-05-16T17:27:57.518+0600 [DEBUG] [org.gradle.cache.internal.DefaultFileLockManager] Releasing lock on daemon addresses registry.
2026-05-16T17:28:07.515+0600 [DEBUG] [org.gradle.cache.internal.DefaultFileLockManager] Waiting to acquire shared lock on daemon addresses registry.
2026-05-16T17:28:07.515+0600 [DEBUG] [org.gradle.cache.internal.DefaultFileLockManager] Lock acquired on daemon addresses registry.
2026-05-16T17:28:07.516+0600 [DEBUG] [org.gradle.cache.internal.DefaultFileLockManager] Releasing lock on daemon addresses registry.
2026-05-16T17:28:07.516+0600 [DEBUG] [org.gradle.cache.internal.DefaultFileLockManager] Waiting to acquire shared lock on daemon addresses registry.
2026-05-16T17:28:07.516+0600 [DEBUG] [org.gradle.cache.internal.DefaultFileLockManager] Lock acquired on daemon addresses registry.
2026-05-16T17:28:07.517+0600 [DEBUG] [org.gradle.cache.internal.DefaultFileLockManager] Releasing lock on daemon addresses registry.
2026-05-16T17:28:07.517+0600 [DEBUG] [org.gradle.cache.internal.DefaultFileLockManager] Waiting to acquire shared lock on daemon addresses registry.
2026-05-16T17:28:07.517+0600 [DEBUG] [org.gradle.cache.internal.DefaultFileLockManager] Lock acquired on daemon addresses registry.
2026-05-16T17:28:07.517+0600 [DEBUG] [org.gradle.cache.internal.DefaultFileLockManager] Releasing lock on daemon addresses registry.
2026-05-16T17:28:17.520+0600 [DEBUG] [org.gradle.cache.internal.DefaultFileLockManager] Waiting to acquire shared lock on daemon addresses registry.
2026-05-16T17:28:17.524+0600 [DEBUG] [org.gradle.cache.internal.DefaultFileLockManager] Lock acquired on daemon addresses registry.
2026-05-16T17:28:17.526+0600 [DEBUG] [org.gradle.cache.internal.DefaultFileLockManager] Releasing lock on daemon addresses registry.
2026-05-16T17:28:17.527+0600 [DEBUG] [org.gradle.cache.internal.DefaultFileLockManager] Waiting to acquire shared lock on daemon addresses registry.
2026-05-16T17:28:17.527+0600 [DEBUG] [org.gradle.cache.internal.DefaultFileLockManager] Lock acquired on daemon addresses registry.
2026-05-16T17:28:17.527+0600 [DEBUG] [org.gradle.cache.internal.DefaultFileLockManager] Releasing lock on daemon addresses registry.
2026-05-16T17:28:17.528+0600 [DEBUG] [org.gradle.cache.internal.DefaultFileLockManager] Waiting to acquire shared lock on daemon addresses registry.
2026-05-16T17:28:17.528+0600 [DEBUG] [org.gradle.cache.internal.DefaultFileLockManager] Lock acquired on daemon addresses registry.
2026-05-16T17:28:17.528+0600 [DEBUG] [org.gradle.cache.internal.DefaultFileLockManager] Releasing lock on daemon addresses registry.
2026-05-16T17:28:17.529+0600 [DEBUG] [org.gradle.process.internal.health.memory.DefaultMemoryManager] 858993459 physical memory requested, 267157504 free
2026-05-16T17:28:17.532+0600 [DEBUG] [org.gradle.workers.internal.WorkerDaemonExpiration] Will attempt to release 819 of memory
2026-05-16T17:28:17.533+0600 [DEBUG] [org.gradle.process.internal.health.memory.DefaultMemoryManager] 858993459 physical memory requested, 0 released, 267157504 free
2026-05-16T17:28:27.517+0600 [DEBUG] [org.gradle.cache.internal.DefaultFileLockManager] Waiting to acquire shared lock on daemon addresses registry.
2026-05-16T17:28:27.520+0600 [DEBUG] [org.gradle.cache.internal.DefaultFileLockManager] Lock acquired on daemon addresses registry.
2026-05-16T17:28:27.521+0600 [DEBUG] [org.gradle.cache.internal.DefaultFileLockManager] Releasing lock on daemon addresses registry.
2026-05-16T17:28:27.523+0600 [DEBUG] [org.gradle.cache.internal.DefaultFileLockManager] Waiting to acquire shared lock on daemon addresses registry.
2026-05-16T17:28:27.523+0600 [DEBUG] [org.gradle.cache.internal.DefaultFileLockManager] Lock acquired on daemon addresses registry.
2026-05-16T17:28:27.523+0600 [DEBUG] [org.gradle.cache.internal.DefaultFileLockManager] Releasing lock on daemon addresses registry.
2026-05-16T17:28:27.525+0600 [DEBUG] [org.gradle.cache.internal.DefaultFileLockManager] Waiting to acquire shared lock on daemon addresses registry.
2026-05-16T17:28:27.525+0600 [DEBUG] [org.gradle.cache.internal.DefaultFileLockManager] Lock acquired on daemon addresses registry.
2026-05-16T17:28:27.525+0600 [DEBUG] [org.gradle.cache.internal.DefaultFileLockManager] Releasing lock on daemon addresses registry.
2026-05-16T17:28:37.513+0600 [DEBUG] [org.gradle.cache.internal.DefaultFileLockManager] Waiting to acquire shared lock on daemon addresses registry.
2026-05-16T17:28:37.516+0600 [DEBUG] [org.gradle.cache.internal.DefaultFileLockManager] Lock acquired on daemon addresses registry.
2026-05-16T17:28:37.522+0600 [DEBUG] [org.gradle.cache.internal.DefaultFileLockManager] Releasing lock on daemon addresses registry.
2026-05-16T17:28:37.536+0600 [DEBUG] [org.gradle.cache.internal.DefaultFileLockManager] Waiting to acquire shared lock on daemon addresses registry.
2026-05-16T17:28:37.536+0600 [DEBUG] [org.gradle.cache.internal.DefaultFileLockManager] Lock acquired on daemon addresses registry.
2026-05-16T17:28:37.536+0600 [DEBUG] [org.gradle.cache.internal.DefaultFileLockManager] Releasing lock on daemon addresses registry.
2026-05-16T17:28:37.536+0600 [DEBUG] [org.gradle.cache.internal.DefaultFileLockManager] Waiting to acquire shared lock on daemon addresses registry.
2026-05-16T17:28:37.536+0600 [DEBUG] [org.gradle.cache.internal.DefaultFileLockManager] Lock acquired on daemon addresses registry.
2026-05-16T17:28:37.536+0600 [DEBUG] [org.gradle.cache.internal.DefaultFileLockManager] Releasing lock on daemon addresses registry.
2026-05-16T17:28:47.514+0600 [DEBUG] [org.gradle.cache.internal.DefaultFileLockManager] Waiting to acquire shared lock on daemon addresses registry.
2026-05-16T17:28:47.515+0600 [DEBUG] [org.gradle.cache.internal.DefaultFileLockManager] Lock acquired on daemon addresses registry.
2026-05-16T17:28:47.516+0600 [DEBUG] [org.gradle.cache.internal.DefaultFileLockManager] Releasing lock on daemon addresses registry.
2026-05-16T17:28:47.518+0600 [DEBUG] [org.gradle.cache.internal.DefaultFileLockManager] Waiting to acquire shared lock on daemon addresses registry.
2026-05-16T17:28:47.518+0600 [DEBUG] [org.gradle.cache.internal.DefaultFileLockManager] Lock acquired on daemon addresses registry.
2026-05-16T17:28:47.518+0600 [DEBUG] [org.gradle.cache.internal.DefaultFileLockManager] Releasing lock on daemon addresses registry.
2026-05-16T17:28:47.518+0600 [DEBUG] [org.gradle.cache.internal.DefaultFileLockManager] Waiting to acquire shared lock on daemon addresses registry.
2026-05-16T17:28:47.518+0600 [DEBUG] [org.gradle.cache.internal.DefaultFileLockManager] Lock acquired on daemon addresses registry.
2026-05-16T17:28:47.519+0600 [DEBUG] [org.gradle.cache.internal.DefaultFileLockManager] Releasing lock on daemon addresses registry.
2026-05-16T17:28:57.517+0600 [DEBUG] [org.gradle.cache.internal.DefaultFileLockManager] Waiting to acquire shared lock on daemon addresses registry.
2026-05-16T17:28:57.517+0600 [DEBUG] [org.gradle.process.internal.health.memory.DefaultMemoryManager] 858993459 physical memory requested, 746127360 free
2026-05-16T17:28:57.528+0600 [DEBUG] [org.gradle.workers.internal.WorkerDaemonExpiration] Will attempt to release 819 of memory
2026-05-16T17:28:57.528+0600 [DEBUG] [org.gradle.process.internal.health.memory.DefaultMemoryManager] 858993459 physical memory requested, 0 released, 746127360 free
2026-05-16T17:28:57.529+0600 [DEBUG] [org.gradle.cache.internal.DefaultFileLockManager] Lock acquired on daemon addresses registry.
2026-05-16T17:28:57.530+0600 [DEBUG] [org.gradle.cache.internal.DefaultFileLockManager] Releasing lock on daemon addresses registry.
2026-05-16T17:28:57.531+0600 [DEBUG] [org.gradle.cache.internal.DefaultFileLockManager] Waiting to acquire shared lock on daemon addresses registry.
2026-05-16T17:28:57.531+0600 [DEBUG] [org.gradle.cache.internal.DefaultFileLockManager] Lock acquired on daemon addresses registry.
2026-05-16T17:28:57.531+0600 [DEBUG] [org.gradle.cache.internal.DefaultFileLockManager] Releasing lock on daemon addresses registry.
2026-05-16T17:28:57.531+0600 [DEBUG] [org.gradle.cache.internal.DefaultFileLockManager] Waiting to acquire shared lock on daemon addresses registry.
2026-05-16T17:28:57.531+0600 [DEBUG] [org.gradle.cache.internal.DefaultFileLockManager] Lock acquired on daemon addresses registry.
2026-05-16T17:28:57.531+0600 [DEBUG] [org.gradle.cache.internal.DefaultFileLockManager] Releasing lock on daemon addresses registry.
2026-05-16T17:29:07.519+0600 [DEBUG] [org.gradle.cache.internal.DefaultFileLockManager] Waiting to acquire shared lock on daemon addresses registry.
2026-05-16T17:29:07.521+0600 [DEBUG] [org.gradle.cache.internal.DefaultFileLockManager] Lock acquired on daemon addresses registry.
2026-05-16T17:29:07.522+0600 [DEBUG] [org.gradle.cache.internal.DefaultFileLockManager] Releasing lock on daemon addresses registry.
2026-05-16T17:29:07.523+0600 [DEBUG] [org.gradle.cache.internal.DefaultFileLockManager] Waiting to acquire shared lock on daemon addresses registry.
2026-05-16T17:29:07.523+0600 [DEBUG] [org.gradle.cache.internal.DefaultFileLockManager] Lock acquired on daemon addresses registry.
2026-05-16T17:29:07.523+0600 [DEBUG] [org.gradle.cache.internal.DefaultFileLockManager] Releasing lock on daemon addresses registry.
2026-05-16T17:29:07.523+0600 [DEBUG] [org.gradle.cache.internal.DefaultFileLockManager] Waiting to acquire shared lock on daemon addresses registry.
2026-05-16T17:29:07.523+0600 [DEBUG] [org.gradle.cache.internal.DefaultFileLockManager] Lock acquired on daemon addresses registry.
2026-05-16T17:29:07.524+0600 [DEBUG] [org.gradle.cache.internal.DefaultFileLockManager] Releasing lock on daemon addresses registry.
2026-05-16T17:29:17.513+0600 [DEBUG] [org.gradle.cache.internal.DefaultFileLockManager] Waiting to acquire shared lock on daemon addresses registry.
2026-05-16T17:29:17.513+0600 [DEBUG] [org.gradle.cache.internal.DefaultFileLockManager] Lock acquired on daemon addresses registry.
2026-05-16T17:29:17.513+0600 [DEBUG] [org.gradle.cache.internal.DefaultFileLockManager] Releasing lock on daemon addresses registry.
2026-05-16T17:29:17.514+0600 [DEBUG] [org.gradle.cache.internal.DefaultFileLockManager] Waiting to acquire shared lock on daemon addresses registry.
2026-05-16T17:29:17.514+0600 [DEBUG] [org.gradle.cache.internal.DefaultFileLockManager] Lock acquired on daemon addresses registry.
2026-05-16T17:29:17.514+0600 [DEBUG] [org.gradle.cache.internal.DefaultFileLockManager] Releasing lock on daemon addresses registry.
2026-05-16T17:29:17.514+0600 [DEBUG] [org.gradle.cache.internal.DefaultFileLockManager] Waiting to acquire shared lock on daemon addresses registry.
2026-05-16T17:29:17.515+0600 [DEBUG] [org.gradle.cache.internal.DefaultFileLockManager] Lock acquired on daemon addresses registry.
2026-05-16T17:29:17.515+0600 [DEBUG] [org.gradle.cache.internal.DefaultFileLockManager] Releasing lock on daemon addresses registry.
2026-05-16T17:29:18.106+0600 [DEBUG] [sun.rmi.transport.tcp] RMI TCP Connection(14)-127.0.0.1: accepted socket from [127.0.0.1:49840]
2026-05-16T17:29:18.119+0600 [DEBUG] [sun.rmi.transport.tcp] RMI TCP Connection(14)-127.0.0.1: (port 61979) op = 80
2026-05-16T17:29:18.136+0600 [DEBUG] [sun.rmi.loader] RMI TCP Connection(14)-127.0.0.1: name = "[Ljava.rmi.server.ObjID;", codebase = "", defaultLoader = jdk.internal.loader.ClassLoaders$PlatformClassLoader@6cecc8a4
2026-05-16T17:29:18.144+0600 [DEBUG] [sun.rmi.loader] RMI TCP Connection(14)-127.0.0.1: name = "java.rmi.dgc.Lease", codebase = "", defaultLoader = jdk.internal.loader.ClassLoaders$PlatformClassLoader@6cecc8a4
2026-05-16T17:29:18.148+0600 [DEBUG] [sun.rmi.loader] RMI TCP Connection(14)-127.0.0.1: name = "java.rmi.dgc.VMID", codebase = "", defaultLoader = jdk.internal.loader.ClassLoaders$PlatformClassLoader@6cecc8a4
2026-05-16T17:29:18.148+0600 [DEBUG] [sun.rmi.loader] RMI TCP Connection(14)-127.0.0.1: name = "[B", codebase = "", defaultLoader = jdk.internal.loader.ClassLoaders$PlatformClassLoader@6cecc8a4
2026-05-16T17:29:18.149+0600 [DEBUG] [sun.rmi.loader] RMI TCP Connection(14)-127.0.0.1: name = "java.rmi.server.UID", codebase = "", defaultLoader = jdk.internal.loader.ClassLoaders$PlatformClassLoader@6cecc8a4
2026-05-16T17:29:20.960+0600 [DEBUG] [sun.rmi.transport.tcp] RMI TCP Connection(15)-127.0.0.1: accepted socket from [127.0.0.1:49842]
2026-05-16T17:29:20.961+0600 [DEBUG] [sun.rmi.transport.tcp] RMI TCP Connection(15)-127.0.0.1: (port 61979) op = 80
2026-05-16T17:29:20.962+0600 [DEBUG] [sun.rmi.loader] RMI TCP Connection(15)-127.0.0.1: name = "[Ljava.rmi.server.ObjID;", codebase = "", defaultLoader = jdk.internal.loader.ClassLoaders$PlatformClassLoader@6cecc8a4
2026-05-16T17:29:20.962+0600 [DEBUG] [sun.rmi.loader] RMI TCP Connection(15)-127.0.0.1: name = "java.rmi.dgc.Lease", codebase = "", defaultLoader = jdk.internal.loader.ClassLoaders$PlatformClassLoader@6cecc8a4
2026-05-16T17:29:20.963+0600 [DEBUG] [sun.rmi.loader] RMI TCP Connection(15)-127.0.0.1: name = "java.rmi.dgc.VMID", codebase = "", defaultLoader = jdk.internal.loader.ClassLoaders$PlatformClassLoader@6cecc8a4
2026-05-16T17:29:20.963+0600 [DEBUG] [sun.rmi.loader] RMI TCP Connection(15)-127.0.0.1: name = "[B", codebase = "", defaultLoader = jdk.internal.loader.ClassLoaders$PlatformClassLoader@6cecc8a4
2026-05-16T17:29:20.963+0600 [DEBUG] [sun.rmi.loader] RMI TCP Connection(15)-127.0.0.1: name = "java.rmi.server.UID", codebase = "", defaultLoader = jdk.internal.loader.ClassLoaders$PlatformClassLoader@6cecc8a4
2026-05-16T17:29:27.514+0600 [DEBUG] [org.gradle.cache.internal.DefaultFileLockManager] Waiting to acquire shared lock on daemon addresses registry.
2026-05-16T17:29:27.515+0600 [DEBUG] [org.gradle.cache.internal.DefaultFileLockManager] Lock acquired on daemon addresses registry.
2026-05-16T17:29:27.517+0600 [DEBUG] [org.gradle.cache.internal.DefaultFileLockManager] Releasing lock on daemon addresses registry.
2026-05-16T17:29:27.518+0600 [DEBUG] [org.gradle.cache.internal.DefaultFileLockManager] Waiting to acquire shared lock on daemon addresses registry.
2026-05-16T17:29:27.518+0600 [DEBUG] [org.gradle.cache.internal.DefaultFileLockManager] Lock acquired on daemon addresses registry.
2026-05-16T17:29:27.519+0600 [DEBUG] [org.gradle.cache.internal.DefaultFileLockManager] Releasing lock on daemon addresses registry.
2026-05-16T17:29:27.519+0600 [DEBUG] [org.gradle.cache.internal.DefaultFileLockManager] Waiting to acquire shared lock on daemon addresses registry.
2026-05-16T17:29:27.519+0600 [DEBUG] [org.gradle.cache.internal.DefaultFileLockManager] Lock acquired on daemon addresses registry.
2026-05-16T17:29:27.519+0600 [DEBUG] [org.gradle.cache.internal.DefaultFileLockManager] Releasing lock on daemon addresses registry.
2026-05-16T17:29:33.167+0600 [DEBUG] [sun.rmi.transport.tcp] RMI TCP Connection(14)-127.0.0.1: (port 61979) connection closed
2026-05-16T17:29:33.167+0600 [DEBUG] [sun.rmi.transport.tcp] RMI TCP Connection(14)-127.0.0.1: close connection, socket: Socket[addr=/127.0.0.1,port=49840,localport=61979]
2026-05-16T17:29:33.169+0600 [DEBUG] [sun.rmi.transport.tcp] RMI TCP Connection(14)-127.0.0.1: socket close: Socket[addr=/127.0.0.1,port=49840,localport=61979]
2026-05-16T17:29:35.970+0600 [DEBUG] [sun.rmi.transport.tcp] RMI TCP Connection(15)-127.0.0.1: (port 61979) connection closed
2026-05-16T17:29:35.971+0600 [DEBUG] [sun.rmi.transport.tcp] RMI TCP Connection(15)-127.0.0.1: close connection, socket: Socket[addr=/127.0.0.1,port=49842,localport=61979]
2026-05-16T17:29:35.971+0600 [DEBUG] [sun.rmi.transport.tcp] RMI TCP Connection(15)-127.0.0.1: socket close: Socket[addr=/127.0.0.1,port=49842,localport=61979]
2026-05-16T17:29:37.509+0600 [DEBUG] [org.gradle.cache.internal.DefaultFileLockManager] Waiting to acquire shared lock on daemon addresses registry.
2026-05-16T17:29:37.509+0600 [DEBUG] [org.gradle.cache.internal.DefaultFileLockManager] Lock acquired on daemon addresses registry.
2026-05-16T17:29:37.509+0600 [DEBUG] [org.gradle.cache.internal.DefaultFileLockManager] Releasing lock on daemon addresses registry.
2026-05-16T17:29:37.510+0600 [DEBUG] [org.gradle.cache.internal.DefaultFileLockManager] Waiting to acquire shared lock on daemon addresses registry.
2026-05-16T17:29:37.510+0600 [DEBUG] [org.gradle.cache.internal.DefaultFileLockManager] Lock acquired on daemon addresses registry.
2026-05-16T17:29:37.510+0600 [DEBUG] [org.gradle.cache.internal.DefaultFileLockManager] Releasing lock on daemon addresses registry.
2026-05-16T17:29:37.510+0600 [DEBUG] [org.gradle.cache.internal.DefaultFileLockManager] Waiting to acquire shared lock on daemon addresses registry.
2026-05-16T17:29:37.511+0600 [DEBUG] [org.gradle.cache.internal.DefaultFileLockManager] Lock acquired on daemon addresses registry.
2026-05-16T17:29:37.511+0600 [DEBUG] [org.gradle.cache.internal.DefaultFileLockManager] Releasing lock on daemon addresses registry.
2026-05-16T17:29:47.517+0600 [DEBUG] [org.gradle.cache.internal.DefaultFileLockManager] Waiting to acquire shared lock on daemon addresses registry.
2026-05-16T17:29:47.520+0600 [DEBUG] [org.gradle.cache.internal.DefaultFileLockManager] Lock acquired on daemon addresses registry.
2026-05-16T17:29:47.521+0600 [DEBUG] [org.gradle.cache.internal.DefaultFileLockManager] Releasing lock on daemon addresses registry.
2026-05-16T17:29:47.522+0600 [DEBUG] [org.gradle.cache.internal.DefaultFileLockManager] Waiting to acquire shared lock on daemon addresses registry.
2026-05-16T17:29:47.522+0600 [DEBUG] [org.gradle.cache.internal.DefaultFileLockManager] Lock acquired on daemon addresses registry.
2026-05-16T17:29:47.522+0600 [DEBUG] [org.gradle.cache.internal.DefaultFileLockManager] Releasing lock on daemon addresses registry.
2026-05-16T17:29:47.523+0600 [DEBUG] [org.gradle.cache.internal.DefaultFileLockManager] Waiting to acquire shared lock on daemon addresses registry.
2026-05-16T17:29:47.523+0600 [DEBUG] [org.gradle.cache.internal.DefaultFileLockManager] Lock acquired on daemon addresses registry.
2026-05-16T17:29:47.523+0600 [DEBUG] [org.gradle.cache.internal.DefaultFileLockManager] Releasing lock on daemon addresses registry.
2026-05-16T17:29:48.510+0600 [DEBUG] [org.gradle.internal.remote.internal.inet.TcpIncomingConnector] Accepted connection from /127.0.0.1:49849 to /127.0.0.1:61957.
2026-05-16T17:29:48.599+0600 [DEBUG] [org.gradle.launcher.daemon.server.SynchronizedDispatchConnection] thread 349: received class org.gradle.launcher.daemon.protocol.StopWhenIdle
2026-05-16T17:29:48.601+0600 [DEBUG] [org.gradle.launcher.daemon.server.DefaultDaemonConnection] thread 349: Received non-IO message from client: StopWhenIdle[id=f750308e-2d74-4388-9972-65bf677423db]
2026-05-16T17:29:48.602+0600 [INFO] [org.gradle.launcher.daemon.server.DefaultIncomingConnectionHandler] Received command: StopWhenIdle[id=f750308e-2d74-4388-9972-65bf677423db].
2026-05-16T17:29:48.602+0600 [DEBUG] [org.gradle.launcher.daemon.server.DefaultIncomingConnectionHandler] Starting executing command: StopWhenIdle[id=f750308e-2d74-4388-9972-65bf677423db] with connection: socket connection from /127.0.0.1:61957 to /127.0.0.1:49849.
2026-05-16T17:29:48.611+0600 [DEBUG] [org.gradle.launcher.daemon.server.DaemonRegistryUpdater] Storing daemon stop event: stop command received
2026-05-16T17:29:48.658+0600 [DEBUG] [org.gradle.launcher.daemon.registry.PersistentDaemonRegistry] Storing daemon stop event with timestamp 1778930988612
2026-05-16T17:29:48.665+0600 [DEBUG] [org.gradle.cache.internal.DefaultFileLockManager] Waiting to acquire exclusive lock on daemon addresses registry.
2026-05-16T17:29:48.666+0600 [DEBUG] [org.gradle.cache.internal.DefaultFileLockManager] Lock acquired on daemon addresses registry.
2026-05-16T17:29:48.670+0600 [DEBUG] [org.gradle.cache.internal.DefaultFileLockManager] Releasing lock on daemon addresses registry.
2026-05-16T17:29:48.670+0600 [LIFECYCLE] [org.gradle.launcher.daemon.server.DaemonStateCoordinator] Daemon will be stopped at the end of the build stop command received
2026-05-16T17:29:48.671+0600 [DEBUG] [org.gradle.launcher.daemon.server.DaemonStateCoordinator] Marking daemon stopped due to stop command received. The daemon is not running a build
2026-05-16T17:29:48.671+0600 [DEBUG] [org.gradle.launcher.daemon.server.DaemonStateCoordinator] daemon has stopped.
2026-05-16T17:29:48.671+0600 [DEBUG] [org.gradle.launcher.daemon.server.SynchronizedDispatchConnection] thread 348: dispatching Success[value=null]
2026-05-16T17:29:48.672+0600 [DEBUG] [org.gradle.launcher.daemon.server.SynchronizedDispatchConnection] thread 349: received class org.gradle.launcher.daemon.protocol.Finished
2026-05-16T17:29:48.672+0600 [DEBUG] [org.gradle.launcher.daemon.server.DefaultDaemonConnection] thread 349: Received non-IO message from client: org.gradle.launcher.daemon.protocol.Finished@5af0744a
2026-05-16T17:29:48.672+0600 [DEBUG] [org.gradle.launcher.daemon.server.DefaultIncomingConnectionHandler] Finishing executing command: StopWhenIdle[id=f750308e-2d74-4388-9972-65bf677423db]
2026-05-16T17:29:48.673+0600 [DEBUG] [org.gradle.launcher.daemon.server.DefaultIncomingConnectionHandler] Received finished message: org.gradle.launcher.daemon.protocol.Finished@5af0744a
2026-05-16T17:29:48.673+0600 [DEBUG] [org.gradle.internal.remote.internal.inet.SocketConnection] Discarding EOFException: java.io.EOFException
2026-05-16T17:29:48.673+0600 [DEBUG] [org.gradle.launcher.daemon.server.SynchronizedDispatchConnection] thread 349: received null
2026-05-16T17:29:48.673+0600 [DEBUG] [org.gradle.launcher.daemon.server.DefaultDaemonConnection] thread 349: Received end-of-input from client.
2026-05-16T17:29:48.673+0600 [DEBUG] [org.gradle.launcher.daemon.server.SynchronizedDispatchConnection] thread 348: stopping connection
2026-05-16T17:29:48.675+0600 [DEBUG] [org.gradle.launcher.daemon.server.SynchronizedDispatchConnection] thread 348: stopping connection
2026-05-16T17:29:48.677+0600 [DEBUG] [org.gradle.launcher.daemon.server.Daemon] stop() called on daemon
2026-05-16T17:29:48.677+0600 [INFO] [org.gradle.launcher.daemon.server.Daemon] Stop requested. Daemon is removing its presence from the registry...
2026-05-16T17:29:48.678+0600 [DEBUG] [org.gradle.launcher.daemon.server.DaemonRegistryUpdater] Removing our presence to clients, eg. removing this address from the registry: [ae81f017-0d59-418a-958d-07aa10f757ed port:61957, addresses:[localhost/127.0.0.1]]
2026-05-16T17:29:48.678+0600 [DEBUG] [org.gradle.launcher.daemon.registry.PersistentDaemonRegistry] Removing daemon address: [ae81f017-0d59-418a-958d-07aa10f757ed port:61957, addresses:[localhost/127.0.0.1]]
2026-05-16T17:29:48.681+0600 [DEBUG] [org.gradle.cache.internal.DefaultFileLockManager] Waiting to acquire exclusive lock on daemon addresses registry.
2026-05-16T17:29:48.681+0600 [DEBUG] [org.gradle.cache.internal.DefaultFileLockManager] Lock acquired on daemon addresses registry.
2026-05-16T17:29:48.682+0600 [DEBUG] [org.gradle.cache.internal.DefaultFileLockManager] Releasing lock on daemon addresses registry.
2026-05-16T17:29:48.682+0600 [DEBUG] [org.gradle.launcher.daemon.server.DaemonRegistryUpdater] Address removed from registry.
2026-05-16T17:29:48.787+0600 [DEBUG] [org.gradle.cache.internal.DefaultCacheCleanupExecutor] jars (/Users/alifmahmud/FM 01/Developed by Alif/My routine/caches/jars-9) has last been fully cleaned up 263 hours ago
2026-05-16T17:29:48.791+0600 [DEBUG] [org.gradle.internal.operations.DefaultBuildOperationRunner] Build operation 'Clean up jars (/Users/alifmahmud/FM 01/Developed by Alif/My routine/caches/jars-9)' started
2026-05-16T17:29:48.900+0600 [INFO] [org.gradle.cache.internal.AbstractCacheCleanup] jars (/Users/alifmahmud/FM 01/Developed by Alif/My routine/caches/jars-9) cleanup deleted 0 files/directories.
2026-05-16T17:29:48.904+0600 [INFO] [org.gradle.cache.internal.LeastRecentlyUsedCacheCleanup] jars (/Users/alifmahmud/FM 01/Developed by Alif/My routine/caches/jars-9) removing files not accessed on or after Sat May 09 17:29:48 BDT 2026.
2026-05-16T17:29:49.016+0600 [INFO] [org.gradle.cache.internal.AbstractCacheCleanup] jars (/Users/alifmahmud/FM 01/Developed by Alif/My routine/caches/jars-9) cleanup deleted 32 files/directories.
2026-05-16T17:29:49.016+0600 [DEBUG] [org.gradle.internal.operations.DefaultBuildOperationRunner] Completing Build operation 'Clean up jars (/Users/alifmahmud/FM 01/Developed by Alif/My routine/caches/jars-9)'
2026-05-16T17:29:49.016+0600 [DEBUG] [org.gradle.internal.operations.DefaultBuildOperationRunner] Build operation 'Clean up jars (/Users/alifmahmud/FM 01/Developed by Alif/My routine/caches/jars-9)' completed
2026-05-16T17:29:49.017+0600 [INFO] [org.gradle.cache.internal.DefaultCacheCleanupExecutor] jars (/Users/alifmahmud/FM 01/Developed by Alif/My routine/caches/jars-9) cleaned up in 0.225 secs.
2026-05-16T17:29:49.017+0600 [DEBUG] [org.gradle.cache.internal.DefaultCacheCoordinator] Cache jars (/Users/alifmahmud/FM 01/Developed by Alif/My routine/caches/jars-9) was closed 0 times.
2026-05-16T17:29:49.019+0600 [DEBUG] [org.gradle.cache.internal.LockOnDemandCrossProcessCacheAccess] Releasing file lock for file content cache (/Users/alifmahmud/FM 01/Developed by Alif/My routine/caches/8.13/fileContent)
2026-05-16T17:29:49.019+0600 [DEBUG] [org.gradle.cache.internal.DefaultFileLockManager] Releasing lock on file content cache (/Users/alifmahmud/FM 01/Developed by Alif/My routine/caches/8.13/fileContent).
2026-05-16T17:29:49.019+0600 [DEBUG] [org.gradle.internal.watch.vfs.impl.WatchingVirtualFileSystem] Closing VFS, dropping state
2026-05-16T17:29:49.024+0600 [DEBUG] [org.gradle.internal.watch.registry.impl.DefaultFileWatcherRegistry] Finished listening to file system change events
2026-05-16T17:29:49.024+0600 [DEBUG] [org.gradle.cache.internal.LockOnDemandCrossProcessCacheAccess] Releasing file lock for Generated Gradle JARs cache (/Users/alifmahmud/FM 01/Developed by Alif/My routine/caches/8.13/generated-gradle-jars)
2026-05-16T17:29:49.024+0600 [DEBUG] [org.gradle.cache.internal.DefaultFileLockManager] Releasing lock on Generated Gradle JARs cache (/Users/alifmahmud/FM 01/Developed by Alif/My routine/caches/8.13/generated-gradle-jars).
2026-05-16T17:29:49.026+0600 [DEBUG] [org.gradle.cache.internal.LockOnDemandCrossProcessCacheAccess] Releasing file lock for artifact cache (/Users/alifmahmud/FM 01/Developed by Alif/My routine/caches/modules-2)
2026-05-16T17:29:49.026+0600 [DEBUG] [org.gradle.cache.internal.btree.BTreePersistentIndexedCache] Closing cache module-artifact.bin (/Users/alifmahmud/FM 01/Developed by Alif/My routine/caches/modules-2/metadata-2.107/module-artifact.bin)
2026-05-16T17:29:49.029+0600 [DEBUG] [org.gradle.cache.internal.btree.BTreePersistentIndexedCache] Closing cache module-metadata.bin (/Users/alifmahmud/FM 01/Developed by Alif/My routine/caches/modules-2/metadata-2.107/module-metadata.bin)
2026-05-16T17:29:49.029+0600 [DEBUG] [org.gradle.cache.internal.DefaultFileLockManager] Releasing lock on artifact cache (/Users/alifmahmud/FM 01/Developed by Alif/My routine/caches/modules-2).
2026-05-16T17:29:49.030+0600 [DEBUG] [org.gradle.cache.internal.DefaultCacheCleanupExecutor] artifact cache (/Users/alifmahmud/FM 01/Developed by Alif/My routine/caches/modules-2) has last been fully cleaned up 263 hours ago
2026-05-16T17:29:49.030+0600 [DEBUG] [org.gradle.internal.operations.DefaultBuildOperationRunner] Build operation 'Clean up artifact cache (/Users/alifmahmud/FM 01/Developed by Alif/My routine/caches/modules-2)' started
2026-05-16T17:29:49.030+0600 [INFO] [org.gradle.cache.internal.AbstractCacheCleanup] artifact cache (/Users/alifmahmud/FM 01/Developed by Alif/My routine/caches/modules-2) cleanup deleted 0 files/directories.
2026-05-16T17:29:49.033+0600 [INFO] [org.gradle.cache.internal.AbstractCacheCleanup] artifact cache (/Users/alifmahmud/FM 01/Developed by Alif/My routine/caches/modules-2) [subdir: /Users/alifmahmud/FM 01/Developed by Alif/My routine/caches/modules-2/resources-2.1] cleanup deleted 0 files/directories.
2026-05-16T17:29:49.033+0600 [INFO] [org.gradle.cache.internal.LeastRecentlyUsedCacheCleanup] artifact cache (/Users/alifmahmud/FM 01/Developed by Alif/My routine/caches/modules-2) [subdir: /Users/alifmahmud/FM 01/Developed by Alif/My routine/caches/modules-2/resources-2.1] removing files not accessed on or after Thu Apr 16 17:29:49 BDT 2026.
2026-05-16T17:29:49.033+0600 [INFO] [org.gradle.cache.internal.AbstractCacheCleanup] artifact cache (/Users/alifmahmud/FM 01/Developed by Alif/My routine/caches/modules-2) [subdir: /Users/alifmahmud/FM 01/Developed by Alif/My routine/caches/modules-2/resources-2.1] cleanup deleted 0 files/directories.
2026-05-16T17:29:49.033+0600 [INFO] [org.gradle.cache.internal.AbstractCacheCleanup] artifact cache (/Users/alifmahmud/FM 01/Developed by Alif/My routine/caches/modules-2) [subdir: /Users/alifmahmud/FM 01/Developed by Alif/My routine/caches/modules-2/files-2.1] cleanup deleted 0 files/directories.
2026-05-16T17:29:49.033+0600 [INFO] [org.gradle.cache.internal.LeastRecentlyUsedCacheCleanup] artifact cache (/Users/alifmahmud/FM 01/Developed by Alif/My routine/caches/modules-2) [subdir: /Users/alifmahmud/FM 01/Developed by Alif/My routine/caches/modules-2/files-2.1] removing files not accessed on or after Thu Apr 16 17:29:49 BDT 2026.
2026-05-16T17:29:49.087+0600 [INFO] [org.gradle.cache.internal.AbstractCacheCleanup] artifact cache (/Users/alifmahmud/FM 01/Developed by Alif/My routine/caches/modules-2) [subdir: /Users/alifmahmud/FM 01/Developed by Alif/My routine/caches/modules-2/files-2.1] cleanup deleted 0 files/directories.
2026-05-16T17:29:49.088+0600 [INFO] [org.gradle.cache.internal.AbstractCacheCleanup] artifact cache (/Users/alifmahmud/FM 01/Developed by Alif/My routine/caches/modules-2) [subdir: /Users/alifmahmud/FM 01/Developed by Alif/My routine/caches/modules-2/metadata-2.107] cleanup deleted 0 files/directories.
2026-05-16T17:29:49.088+0600 [INFO] [org.gradle.cache.internal.AbstractCacheCleanup] artifact cache (/Users/alifmahmud/FM 01/Developed by Alif/My routine/caches/modules-2) cleanup deleted 0 files/directories.
2026-05-16T17:29:49.088+0600 [DEBUG] [org.gradle.internal.operations.DefaultBuildOperationRunner] Completing Build operation 'Clean up artifact cache (/Users/alifmahmud/FM 01/Developed by Alif/My routine/caches/modules-2)'
2026-05-16T17:29:49.088+0600 [DEBUG] [org.gradle.internal.operations.DefaultBuildOperationRunner] Build operation 'Clean up artifact cache (/Users/alifmahmud/FM 01/Developed by Alif/My routine/caches/modules-2)' completed
2026-05-16T17:29:49.088+0600 [INFO] [org.gradle.cache.internal.DefaultCacheCleanupExecutor] artifact cache (/Users/alifmahmud/FM 01/Developed by Alif/My routine/caches/modules-2) cleaned up in 0.058 secs.
2026-05-16T17:29:49.088+0600 [DEBUG] [org.gradle.cache.internal.DefaultCacheCleanupExecutor] groovy-dsl (/Users/alifmahmud/FM 01/Developed by Alif/My routine/caches/8.13/groovy-dsl) has last been fully cleaned up 263 hours ago
2026-05-16T17:29:49.088+0600 [DEBUG] [org.gradle.internal.operations.DefaultBuildOperationRunner] Build operation 'Clean up groovy-dsl (/Users/alifmahmud/FM 01/Developed by Alif/My routine/caches/8.13/groovy-dsl)' started
2026-05-16T17:29:49.088+0600 [INFO] [org.gradle.cache.internal.LeastRecentlyUsedCacheCleanup] groovy-dsl (/Users/alifmahmud/FM 01/Developed by Alif/My routine/caches/8.13/groovy-dsl) removing files not accessed on or after Sat May 09 17:29:49 BDT 2026.
2026-05-16T17:29:49.102+0600 [INFO] [org.gradle.cache.internal.AbstractCacheCleanup] groovy-dsl (/Users/alifmahmud/FM 01/Developed by Alif/My routine/caches/8.13/groovy-dsl) cleanup deleted 8 files/directories.
2026-05-16T17:29:49.102+0600 [DEBUG] [org.gradle.internal.operations.DefaultBuildOperationRunner] Completing Build operation 'Clean up groovy-dsl (/Users/alifmahmud/FM 01/Developed by Alif/My routine/caches/8.13/groovy-dsl)'
2026-05-16T17:29:49.102+0600 [DEBUG] [org.gradle.internal.operations.DefaultBuildOperationRunner] Build operation 'Clean up groovy-dsl (/Users/alifmahmud/FM 01/Developed by Alif/My routine/caches/8.13/groovy-dsl)' completed
2026-05-16T17:29:49.103+0600 [INFO] [org.gradle.cache.internal.DefaultCacheCleanupExecutor] groovy-dsl (/Users/alifmahmud/FM 01/Developed by Alif/My routine/caches/8.13/groovy-dsl) cleaned up in 0.014 secs.
2026-05-16T17:29:49.103+0600 [DEBUG] [org.gradle.cache.internal.DefaultCacheCoordinator] Cache groovy-dsl (/Users/alifmahmud/FM 01/Developed by Alif/My routine/caches/8.13/groovy-dsl) was closed 0 times.
2026-05-16T17:29:49.103+0600 [DEBUG] [org.gradle.cache.internal.DefaultCacheCleanupExecutor] kotlin-dsl (/Users/alifmahmud/FM 01/Developed by Alif/My routine/caches/8.13/kotlin-dsl) has last been fully cleaned up 263 hours ago
2026-05-16T17:29:49.103+0600 [DEBUG] [org.gradle.internal.operations.DefaultBuildOperationRunner] Build operation 'Clean up kotlin-dsl (/Users/alifmahmud/FM 01/Developed by Alif/My routine/caches/8.13/kotlin-dsl)' started
2026-05-16T17:29:49.103+0600 [INFO] [org.gradle.cache.internal.LeastRecentlyUsedCacheCleanup] kotlin-dsl (/Users/alifmahmud/FM 01/Developed by Alif/My routine/caches/8.13/kotlin-dsl) removing files not accessed on or after Sat May 09 17:29:49 BDT 2026.
2026-05-16T17:29:49.115+0600 [INFO] [org.gradle.cache.internal.AbstractCacheCleanup] kotlin-dsl (/Users/alifmahmud/FM 01/Developed by Alif/My routine/caches/8.13/kotlin-dsl) cleanup deleted 3 files/directories.
2026-05-16T17:29:49.115+0600 [DEBUG] [org.gradle.internal.operations.DefaultBuildOperationRunner] Completing Build operation 'Clean up kotlin-dsl (/Users/alifmahmud/FM 01/Developed by Alif/My routine/caches/8.13/kotlin-dsl)'
2026-05-16T17:29:49.115+0600 [DEBUG] [org.gradle.internal.operations.DefaultBuildOperationRunner] Build operation 'Clean up kotlin-dsl (/Users/alifmahmud/FM 01/Developed by Alif/My routine/caches/8.13/kotlin-dsl)' completed
2026-05-16T17:29:49.115+0600 [INFO] [org.gradle.cache.internal.DefaultCacheCleanupExecutor] kotlin-dsl (/Users/alifmahmud/FM 01/Developed by Alif/My routine/caches/8.13/kotlin-dsl) cleaned up in 0.012 secs.
2026-05-16T17:29:49.115+0600 [DEBUG] [org.gradle.cache.internal.DefaultCacheCoordinator] Cache kotlin-dsl (/Users/alifmahmud/FM 01/Developed by Alif/My routine/caches/8.13/kotlin-dsl) was closed 0 times.
2026-05-16T17:29:49.116+0600 [DEBUG] [org.gradle.cache.internal.DefaultCacheCleanupExecutor] Artifact transforms cache (/Users/alifmahmud/FM 01/Developed by Alif/My routine/caches/8.13/transforms) has last been fully cleaned up 263 hours ago
2026-05-16T17:29:49.116+0600 [DEBUG] [org.gradle.internal.operations.DefaultBuildOperationRunner] Build operation 'Clean up Artifact transforms cache (/Users/alifmahmud/FM 01/Developed by Alif/My routine/caches/8.13/transforms)' started
2026-05-16T17:29:49.116+0600 [INFO] [org.gradle.cache.internal.LeastRecentlyUsedCacheCleanup] Artifact transforms cache (/Users/alifmahmud/FM 01/Developed by Alif/My routine/caches/8.13/transforms) removing files not accessed on or after Sat May 09 17:29:49 BDT 2026.
2026-05-16T17:29:50.452+0600 [INFO] [org.gradle.cache.internal.AbstractCacheCleanup] Artifact transforms cache (/Users/alifmahmud/FM 01/Developed by Alif/My routine/caches/8.13/transforms) cleanup deleted 137 files/directories.
2026-05-16T17:29:50.452+0600 [DEBUG] [org.gradle.internal.operations.DefaultBuildOperationRunner] Completing Build operation 'Clean up Artifact transforms cache (/Users/alifmahmud/FM 01/Developed by Alif/My routine/caches/8.13/transforms)'
2026-05-16T17:29:50.452+0600 [DEBUG] [org.gradle.internal.operations.DefaultBuildOperationRunner] Build operation 'Clean up Artifact transforms cache (/Users/alifmahmud/FM 01/Developed by Alif/My routine/caches/8.13/transforms)' completed
2026-05-16T17:29:50.452+0600 [INFO] [org.gradle.cache.internal.DefaultCacheCleanupExecutor] Artifact transforms cache (/Users/alifmahmud/FM 01/Developed by Alif/My routine/caches/8.13/transforms) cleaned up in 1.336 secs.
2026-05-16T17:29:50.452+0600 [DEBUG] [org.gradle.cache.internal.DefaultCacheCoordinator] Cache Artifact transforms cache (/Users/alifmahmud/FM 01/Developed by Alif/My routine/caches/8.13/transforms) was closed 0 times.
2026-05-16T17:29:50.452+0600 [DEBUG] [org.gradle.cache.internal.LockOnDemandCrossProcessCacheAccess] Releasing file lock for journal cache (/Users/alifmahmud/FM 01/Developed by Alif/My routine/caches/journal-1)
2026-05-16T17:29:50.452+0600 [DEBUG] [org.gradle.cache.internal.btree.BTreePersistentIndexedCache] Closing cache file-access.bin (/Users/alifmahmud/FM 01/Developed by Alif/My routine/caches/journal-1/file-access.bin)
2026-05-16T17:29:50.453+0600 [DEBUG] [org.gradle.cache.internal.DefaultFileLockManager] Releasing lock on journal cache (/Users/alifmahmud/FM 01/Developed by Alif/My routine/caches/journal-1).
2026-05-16T17:29:50.453+0600 [DEBUG] [org.gradle.cache.internal.LockOnDemandCrossProcessCacheAccess] Releasing file lock for file hash cache (/Users/alifmahmud/FM 01/Developed by Alif/My routine/caches/8.13/fileHashes)
2026-05-16T17:29:50.453+0600 [DEBUG] [org.gradle.cache.internal.btree.BTreePersistentIndexedCache] Closing cache fileHashes.bin (/Users/alifmahmud/FM 01/Developed by Alif/My routine/caches/8.13/fileHashes/fileHashes.bin)
2026-05-16T17:29:50.474+0600 [DEBUG] [org.gradle.cache.internal.btree.BTreePersistentIndexedCache] Closing cache resourceHashesCache.bin (/Users/alifmahmud/FM 01/Developed by Alif/My routine/caches/8.13/fileHashes/resourceHashesCache.bin)
2026-05-16T17:29:50.474+0600 [DEBUG] [org.gradle.cache.internal.DefaultFileLockManager] Releasing lock on file hash cache (/Users/alifmahmud/FM 01/Developed by Alif/My routine/caches/8.13/fileHashes).
2026-05-16T17:29:50.476+0600 [DEBUG] [org.gradle.internal.operations.DefaultBuildOperationRunner] Build operation 'Deleting unused version-specific caches in /Users/alifmahmud/FM 01/Developed by Alif/My routine/caches' started
2026-05-16T17:29:50.483+0600 [DEBUG] [org.gradle.cache.internal.VersionSpecificCacheCleanupAction] Processed version-specific caches at /Users/alifmahmud/FM 01/Developed by Alif/My routine/caches for cleanup in 0.006 secs
2026-05-16T17:29:50.483+0600 [DEBUG] [org.gradle.internal.operations.DefaultBuildOperationRunner] Completing Build operation 'Deleting unused version-specific caches in /Users/alifmahmud/FM 01/Developed by Alif/My routine/caches'
2026-05-16T17:29:50.483+0600 [DEBUG] [org.gradle.internal.operations.DefaultBuildOperationRunner] Build operation 'Deleting unused version-specific caches in /Users/alifmahmud/FM 01/Developed by Alif/My routine/caches' completed
2026-05-16T17:29:50.486+0600 [DEBUG] [org.gradle.internal.operations.DefaultBuildOperationRunner] Build operation 'Deleting unused Gradle distributions in /Users/alifmahmud/FM 01/Developed by Alif/My routine/wrapper/dists' started
2026-05-16T17:29:50.487+0600 [DEBUG] [org.gradle.internal.operations.DefaultBuildOperationRunner] Completing Build operation 'Deleting unused Gradle distributions in /Users/alifmahmud/FM 01/Developed by Alif/My routine/wrapper/dists'
2026-05-16T17:29:50.487+0600 [DEBUG] [org.gradle.internal.operations.DefaultBuildOperationRunner] Build operation 'Deleting unused Gradle distributions in /Users/alifmahmud/FM 01/Developed by Alif/My routine/wrapper/dists' completed
2026-05-16T17:29:50.489+0600 [DEBUG] [org.gradle.launcher.daemon.server.Daemon] stop() called on daemon
2026-05-16T17:29:50.489+0600 [INFO] [org.gradle.launcher.daemon.server.Daemon] Stop requested. Daemon is removing its presence from the registry...
2026-05-16T17:29:50.489+0600 [DEBUG] [org.gradle.launcher.daemon.server.DaemonRegistryUpdater] Removing our presence to clients, eg. removing this address from the registry: [ae81f017-0d59-418a-958d-07aa10f757ed port:61957, addresses:[localhost/127.0.0.1]]
2026-05-16T17:29:50.489+0600 [DEBUG] [org.gradle.launcher.daemon.registry.PersistentDaemonRegistry] Removing daemon address: [ae81f017-0d59-418a-958d-07aa10f757ed port:61957, addresses:[localhost/127.0.0.1]]
2026-05-16T17:29:50.489+0600 [DEBUG] [org.gradle.cache.internal.DefaultFileLockManager] Waiting to acquire exclusive lock on daemon addresses registry.
2026-05-16T17:29:50.489+0600 [DEBUG] [org.gradle.cache.internal.DefaultFileLockManager] Lock acquired on daemon addresses registry.
2026-05-16T17:29:50.489+0600 [DEBUG] [org.gradle.cache.internal.DefaultFileLockManager] Releasing lock on daemon addresses registry.
2026-05-16T17:29:50.489+0600 [DEBUG] [org.gradle.launcher.daemon.server.DaemonRegistryUpdater] Address removed from registry.
2026-05-16T17:29:50.492+0600 [DEBUG] [org.gradle.cache.internal.locklistener.DefaultFileLockContentionHandler] File lock listener thread completed.
2026-05-16T17:29:50.495+0600 [DEBUG] [java.lang.Runtime] Runtime.exit() called with status: 0
java.lang.Throwable: Runtime.exit(0)
	at java.base/java.lang.Shutdown.logRuntimeExit(Unknown Source)
	at java.base/java.lang.Shutdown.exit(Unknown Source)
	at java.base/java.lang.Runtime.exit(Unknown Source)
	at java.base/java.lang.System.exit(Unknown Source)
	at org.gradle.launcher.bootstrap.ProcessCompleter.complete(ProcessCompleter.java:21)
	at org.gradle.launcher.bootstrap.EntryPoint.run(EntryPoint.java:61)
	at java.base/jdk.internal.reflect.DirectMethodHandleAccessor.invoke(Unknown Source)
	at java.base/java.lang.reflect.Method.invoke(Unknown Source)
	at org.gradle.launcher.bootstrap.ProcessBootstrap.runNoExit(ProcessBootstrap.java:72)
	at org.gradle.launcher.bootstrap.ProcessBootstrap.run(ProcessBootstrap.java:39)
	at org.gradle.launcher.daemon.bootstrap.GradleDaemon.main(GradleDaemon.java:22)
Daemon vm is shutting down... The daemon has exited normally or was terminated in response to a user interrupt.
2026-05-16T17:29:50.498+0600 [DEBUG] [org.gradle.launcher.daemon.registry.PersistentDaemonRegistry] Removing daemon address: [ae81f017-0d59-418a-958d-07aa10f757ed port:61957, addresses:[localhost/127.0.0.1]]
2026-05-16T17:29:50.499+0600 [DEBUG] [org.gradle.launcher.daemon.server.Daemon] VM shutdown hook was unable to remove the daemon address from the registry. It will be cleaned up later.
java.lang.IllegalStateException: Cannot start managing file contention because this handler has been closed.
	at org.gradle.cache.internal.locklistener.DefaultFileLockContentionHandler.assertNotStopped(DefaultFileLockContentionHandler.java:248)
	at org.gradle.cache.internal.locklistener.DefaultFileLockContentionHandler.reservePort(DefaultFileLockContentionHandler.java:286)
	at org.gradle.cache.internal.DefaultFileLockManager.lock(DefaultFileLockManager.java:124)
	at org.gradle.cache.internal.DefaultFileLockManager.lock(DefaultFileLockManager.java:106)
	at org.gradle.cache.internal.DefaultFileLockManager.lock(DefaultFileLockManager.java:101)
	at org.gradle.cache.internal.OnDemandFileAccess.updateFile(OnDemandFileAccess.java:51)
	at org.gradle.cache.internal.FileBackedObjectHolder.update(FileBackedObjectHolder.java:77)
	at org.gradle.cache.internal.FileIntegrityViolationSuppressingObjectHolderDecorator.lambda$update$0(FileIntegrityViolationSuppressingObjectHolderDecorator.java:48)
	at org.gradle.cache.internal.FileIntegrityViolationSuppressingObjectHolderDecorator.doUpdate(FileIntegrityViolationSuppressingObjectHolderDecorator.java:58)
	at org.gradle.cache.internal.FileIntegrityViolationSuppressingObjectHolderDecorator.update(FileIntegrityViolationSuppressingObjectHolderDecorator.java:48)
	at org.gradle.launcher.daemon.registry.PersistentDaemonRegistry.remove(PersistentDaemonRegistry.java:133)
	at org.gradle.launcher.daemon.server.Daemon$1.run(Daemon.java:133)
	at java.base/java.lang.Thread.run(Unknown Source)
